path,bytes,sha256
audit/alignment/alignment_correlation.csv,260,a75cfa052972800c18da0f7d2194c2a268be38dfd52f5ea5c82271834cf5a641
audit/alignment/alignment_vs_scale.csv,598,09cbe38dbb1d5afd544390e866146c6be057eab326f0127868a2dbc199c96bb4
audit/derived.csv,13091,3e56376e706f768b4ec812861cfce09601234670a2841882165c3e75fddd5626
audit/geometry/geometry_by_dataset.csv,376,21dba34b666893b417e9175d063cc68e8b7cf7f670a7d16593a4422b5ccaf190
audit/geometry/geometry_summary.csv,76369,ea8eee13d447f2cbb060734d560ef573bbef44615339b99f98a430808724b04b
audit/methods/method_comparison.csv,1601,f1484eec1cb37ded1c93135e9fb3e8513ed1b03d07702e2874e8de2ee79c6632
audit/methods_all/method_comparison.csv,6262,201c2a1143916664e277ec48ad667f420b11664aa87a4029269804c43ad6e518
audit/novelty/ETTh1/novelty_steps.csv,116,d29360a23381683debb7b154c253bc9f0e78b2415a6c7f1850883cbb96cd5af2
audit/novelty/Exchange/novelty_steps.csv,116,c694d6e14cb804f5fe28ef4213982731bf2ca2b2306ed8a285d3ea0748d2476c
audit/novelty/PSM/novelty_steps.csv,116,dcf784711d0696ec147d8fbe388e3e0252715e1e4ee59aebed792eeaaba3eb5f
audit/novelty/SWaT/novelty_steps.csv,116,c9b84695f734dff7b44c814a0d808bf8a372ca313288d6fa5a89185676921810
audit/novelty_swat/novelty_steps.csv,116,c9b84695f734dff7b44c814a0d808bf8a372ca313288d6fa5a89185676921810
audit/oracle_router/oracle_router_etth2_merge_n2_80547.csv,252,db1215db0cad575af2086227e263a1512e7540ca1526cd0be85bcaad6aa5512d
audit/oracle_router/oracle_router_etth2_merge_n2_80548.csv,251,9382c452970bcac855f97c32333cd29d72e01aa528ffc6d8baa68827127517db
audit/oracle_router/oracle_router_etth2_merge_n2_80549.csv,250,3605245a73df14c8324a2529d5a3d6c3bb9023d5b2524f90c554dcf7bdceca1a
audit/oracle_router/oracle_router_etth2_merge_n3_80550.csv,251,4e099b0f1759b9b6931ab4893cdf160f4c85ca0bd8c7c104c312cbc2e0f8e84f
audit/oracle_router/oracle_router_etth2_merge_n3_80551.csv,251,7126585602709aaa8c285a083a0acd58ac00c8107a03cd1f34b94747115f9cb0
audit/oracle_router/oracle_router_etth2_merge_n3_80552.csv,249,e451392dd03848492c11168fdb5a70a2cade36132d809a952ca88aa2357e29ac
audit/oracle_router/oracle_router_etth2_merge_n5_80553.csv,255,3c22d79b4eae4ac8e31c243ce25ec6923133af1656a271a5e9c8daea6dc7803c
audit/oracle_router/oracle_router_etth2_merge_n5_80554.csv,251,0e9de127bc835a4c85c0252a5dd8dfe349ab3e06bfbc0abe7326899b91f9d9dd
audit/oracle_router/oracle_router_etth2_merge_n5_80555.csv,250,59d64a15de20303b07834b54460fa1faf070a45799d0abe721d0cb48d3ba8642
audit/oracle_router/oracle_router_ettm2_merge_n2_80584.csv,255,c30005bf95b17b021e4db075f9726f1af0c79e36f15076ceb1e1be1cbf9c8695
audit/oracle_router/oracle_router_ettm2_merge_n2_80585.csv,252,880ca3a751f29a4bd2690f13a171dd1fad166bb03ccfd20d23724fa36a09c7a3
audit/oracle_router/oracle_router_ettm2_merge_n2_80586.csv,249,8d98e298892a28bd8e7f67a835983d77f04e8b08caa81c7ee459470951413ed3
audit/oracle_router/oracle_router_ettm2_merge_n3_80587.csv,255,48ccde98fd5ccf609de72b63e0621046cfac06a67d941ed50fc88b848f6e759e
audit/oracle_router/oracle_router_ettm2_merge_n3_80588.csv,251,6ed0d85750bb282d6e2541c1320353a0b1fff13b8df3d4409e3d43c146ce3280
audit/oracle_router/oracle_router_ettm2_merge_n3_80589.csv,251,31c24fe07a57dd1bf7ed31b66e46185d6b0f8675dedeaf2d4c9839f79377c1df
audit/oracle_router/oracle_router_ettm2_merge_n5_80590.csv,255,76936dfef6b2ad360271b238939798e87bf197ead6d52e12ef0cb436f955e947
audit/oracle_router/oracle_router_ettm2_merge_n5_80591.csv,250,8306a32273a19be1a2ed92d4b32292461e0d768b13f2385819744e135b8aef20
audit/oracle_router/oracle_router_ettm2_merge_n5_80592.csv,248,36f5adba8b90826abd85b8cec67bcba532f21847051ad786a81e397d42dcdf0d
audit/oracle_router/oracle_router_exch_incremental_79677.csv,264,f1daf513ba83f9829c76122bd33c01ab4f6f9df45ec27e1bd9660da31ca62ece
audit/oracle_router/oracle_router_exch_incremental_79678.csv,268,b8e376240de3e60aca06615bb7da001f04e9e42b2852a5db5e1cd379ccc9bd1d
audit/oracle_router/oracle_router_exch_incremental_80669.csv,265,ff41f2dc2c9e04fa11a3c6d0546552bbbb0282512444c969d00ebfad716e883f
audit/oracle_router/oracle_router_noisefloor_etth_79353.csv,247,7ac91d8de6b05baea688b44bfbd397eba57efd33b5de2064043797d181f914c6
audit/oracle_router/oracle_router_noisefloor_etth_79354.csv,248,5b5230fceab4d8d4fc5dfa347f75a853a32b3d8593a3e307649f6c2543663f7b
audit/oracle_router/oracle_router_noisefloor_etth_80675.csv,248,268fa121aff63f3aaf0efecdb52a14499d5754db9d1b6dd585164407803cb515
audit/oracle_router/oracle_router_segsweep_etth1_merge_n2_79870.csv,250,6f9870bb6d426dd28aee148e9e08aaa2e6725666c4190b75beb85c8ebbff0c64
audit/oracle_router/oracle_router_segsweep_etth1_merge_n2_79871.csv,249,2c02316920b136d752c766f53628377b78a1c04623fe82d3afd0cca815eee1a5
audit/oracle_router/oracle_router_segsweep_etth1_merge_n2_79872.csv,246,4bdf16052900701e0fa79c3c2265b5650b7c1bdcd58a209f6ea73e8bf3134734
audit/oracle_router/oracle_router_segsweep_etth1_merge_n5_79873.csv,252,235a6fe3eed6fa3d37e83577158c1d681283e7a5a160e119508795f727677b3c
audit/oracle_router/oracle_router_segsweep_etth1_merge_n5_79917.csv,248,889b95de6e0e1ddf80669710ed40cb63577f153a4918d1a97acc7dbead943d8d
audit/oracle_router/oracle_router_segsweep_etth1_merge_n5_79918.csv,247,9abb4dd6394be0ab8ca01b4b2b1f13cdb5d41ecc3699cc33038bfdb849b5dbc8
audit/oracle_router/oracle_router_segsweep_exchange_merge_n2_79883.csv,264,e635777ca05e02cd2946d1d2b5fb65f817060725d59906406cccf77fb346018a
audit/oracle_router/oracle_router_segsweep_exchange_merge_n2_79884.csv,261,10caaa3b20444103d767f899f72cce8c30648be2a1f08351bba32075e0e741c8
audit/oracle_router/oracle_router_segsweep_exchange_merge_n2_79922.csv,267,8cdd291571aab60d90a8c4a3cf957818798b7633e648e5de9922a6e4e5007c2b
audit/oracle_router/oracle_router_segsweep_exchange_merge_n5_79885.csv,269,ac722d6ac187f346160bff17ac7dc2ce787505d199f15009d919bfcd0d59b06e
audit/oracle_router/oracle_router_segsweep_exchange_merge_n5_79886.csv,266,48bbaa0c379e6231c54be2658bfe343278778fbea18b4365623a1fe5f34cab1f
audit/oracle_router/oracle_router_segsweep_exchange_merge_n5_79937.csv,263,83d482ddd4df5465b2505f134b028a44b07d704f34e47871e44bfb2c446a62d0
audit/oracle_router/oracle_router_summary.csv,1453,3dc71e023cf5153d3d99e2e0fd32174ed655e2db706332b654d1414ea023a4c9
audit/outcomes.csv,1030,de50db90f00fcff883caaee4f7b801eef253cfe993a3554ee2f20a977fc79bfb
audit/prefix_ETTh1/prefix_forward_transfer.csv,366,32b5c01011955dc44e4aba0af7b9f63be726452a9d17eb465fdf891b4d325a65
audit/prefix_exchange/prefix_forward_transfer.csv,383,701b020a7a214079cdeb57acfd0092b768297e575352de0263badf83ba00a80b
audit/routing_ad/routing_summary.csv,396,3909efc0af7fcade8a7e692d7570890de690d7523b975c4c30835a41179ecba5
audit/routing_forecast/routing_summary.csv,1245,351fa7200238462420b8f2fe4c5faf463bad7ed900a2b5cd265e1943a8632593
audit/run_metrics.csv,431211,22a8479b8d4fb73348b4fdec02af0c91095b6be3e95899958ba637ef3adf2c24
audit/scale_ad/scale_summary.csv,894,b05835f44424af85cc80308f9f7b6dbdbf926d9ac0b3d48e0fc6fd448d88c71c
audit/scale_forecast/scale_summary.csv,1493,642f75864c3702891ed6bc4c85bc261459684d4d721b695621585a5f8c368b28
geometry/etth2_merge_n2/80547/cosine_matrix.csv,106,41ca3f3621b2ad17494a94011d2d774e15b833ab46474d027345cda1ab53d15f
geometry/etth2_merge_n2/80547/cosine_vs_distance.csv,65,bb2cb2eb0c8cd04e3348e46ca81c4241c428ba982baff2e5c0a7ee57c53d0256
geometry/etth2_merge_n2/80547/effective_rank.csv,159,68eb8891e60d965e99fb73415c536f7d947869ebdc4a68b9e5f8ece24d619888
geometry/etth2_merge_n2/80547/norms.csv,165,c5939a9f610a2e0cbfdd364bad4c301ffcda98a526842864639a8faf2d2f5b75
geometry/etth2_merge_n2/80547/sequential_overlap.csv,63,d5b737f1009b4b42e05958721b47f207322e3693caa8e1d41d74327c01230690
geometry/etth2_merge_n2/80548/cosine_matrix.csv,104,fd733bca0b0e4ae0f6e1c7c437aae50969c10527fa9cddaf876ba178964991b5
geometry/etth2_merge_n2/80548/cosine_vs_distance.csv,64,4cd6ccb0dc79aefd9bd26f0217d108f16e1059cd583ceada3291c1a8fa669e46
geometry/etth2_merge_n2/80548/effective_rank.csv,171,9c026aee762ef8d595adaf6c41a3362eadad88417a6c4cfdec07cd723998de0a
geometry/etth2_merge_n2/80548/norms.csv,159,d32dc6846880a596d89b48345e3ace8b715d367e00de9432a500fc6bf2bad8c7
geometry/etth2_merge_n2/80548/sequential_overlap.csv,61,f498dfcd6c9609cf155b5b9417b8e854aae32c804af0f5da53714b8a41d72b5e
geometry/etth2_merge_n2/80549/cosine_matrix.csv,106,6b316237f503da9d7202de6eadcf9f4de17ea70faf97a5e722ed80a0aa29ead4
geometry/etth2_merge_n2/80549/cosine_vs_distance.csv,65,8fcbec0fb8555b1f76a82d3a9fe1847c909224d612a4f0ff23e2c577d3b55c22
geometry/etth2_merge_n2/80549/effective_rank.csv,156,7e9e4a92aa745856a050caaea8f031066d342fc565fc9606d722812c1d0fa19b
geometry/etth2_merge_n2/80549/norms.csv,162,e8380ea938483f3142798a6b50e0e6547e7170a9fdcf3886c6415515f37c8f64
geometry/etth2_merge_n2/80549/sequential_overlap.csv,61,bab74a18db92b29b3578d65c83ba9c2e44926caac2602cf5b2fcbafa07273aad
geometry/etth2_merge_n3/80550/cosine_matrix.csv,223,e3f2669cec33a8270e9a6a8fff04e470dbf93bf7a5d93ad38404ccdff6639a2f
geometry/etth2_merge_n3/80550/cosine_vs_distance.csv,110,42ddd64cb06af7eb47e9691037d9f8c5567f112f7a66fbd3390f9cd1fd8e701a
geometry/etth2_merge_n3/80550/effective_rank.csv,230,72d60b049ffb68d6e7f10ccaa92736034d74f6d939d77a74ee1a77eb8e2ada13
geometry/etth2_merge_n3/80550/norms.csv,221,e6464ceb5ca21df92193f05ab55bca27e509e3acd53031c9fa7f1b927983170b
geometry/etth2_merge_n3/80550/sequential_overlap.csv,92,f879d05cb5e4c799c1ce73ad4bdff0b680d64378b6f3f0555eed3125fd6f457d
geometry/etth2_merge_n3/80551/cosine_matrix.csv,221,d65538930da19164435df9651b22b4f303291f3796aa877e8d90c4b7956e1546
geometry/etth2_merge_n3/80551/cosine_vs_distance.csv,108,ada92d8f43562d42518db89520a592f5faf68425f26b5dfd787acf631b9f8e44
geometry/etth2_merge_n3/80551/effective_rank.csv,232,29cafdec0d8248d2c48399ea696c04f41855841f694d73f5b957935d6e8a6950
geometry/etth2_merge_n3/80551/norms.csv,219,c1a6b52844935425d582398623c9322d105b191a3df31615b7d4ec11b981b616
geometry/etth2_merge_n3/80551/sequential_overlap.csv,91,5727d8f89e81e5c6a1940720a2d6bc74768a8c5b6d6a6b990fea9373beb3b6fd
geometry/etth2_merge_n3/80552/cosine_matrix.csv,223,f1ca9261942d6b87972472ca71676f8cf7bf1a1e6011821a070050a003e96e79
geometry/etth2_merge_n3/80552/cosine_vs_distance.csv,111,b330584bc7578c634a0774db41fa86b74559972c393a5e4fd8a5c2a7923fc403
geometry/etth2_merge_n3/80552/effective_rank.csv,215,e2839144f8c02162de2915337507644765adddd15c83b05dccc0bd6bce33e1ac
geometry/etth2_merge_n3/80552/norms.csv,220,f919a64e17aaf5ba5836101202281c61cd573b6e7f49890577d5067f484bfb3d
geometry/etth2_merge_n3/80552/sequential_overlap.csv,90,15044de93d494ffc257f9eac5b3094e0f37e3aa2cfaf04bfa7f19c957a2c883b
geometry/etth2_merge_n5/80553/cosine_matrix.csv,615,9d1cb201bfea9cfb2cfe4869759a9f550aaf68c8169bef33f36be39315abdb1b
geometry/etth2_merge_n5/80553/cosine_vs_distance.csv,199,4812dea5f0805a917d8396891364c13ae9921e4eff6da61041d376262d25d9cb
geometry/etth2_merge_n5/80553/effective_rank.csv,352,830084dd7c0a7d2b4416a6f7e803a5d8dc77640b775e1345b67e9db1b8249045
geometry/etth2_merge_n5/80553/norms.csv,345,0e57952bbbe4892f3d4b873fac9f9f90b48c0bd98985f7f43ab553466337148f
geometry/etth2_merge_n5/80553/sequential_overlap.csv,148,d01f22383df02376f7ae3249f9a81cafd2a407f2031e168a287b184ebdd0a1a5
geometry/etth2_merge_n5/80554/cosine_matrix.csv,621,0ab7bec54236efdce4c0c000121eba24c176705e6e1b8379a74ee3095a4cad9c
geometry/etth2_merge_n5/80554/cosine_vs_distance.csv,199,659fc429089dd81809ed0435c200e2b066af39c2be536f5c85e624e6a4c2e6a5
geometry/etth2_merge_n5/80554/effective_rank.csv,352,6c5fa05ea2d658a1dccaceabb01cf700ca3af553bb67bf3a6067e58c28283934
geometry/etth2_merge_n5/80554/norms.csv,344,217d88d971bc87ec7faa4acfc853a5471ce130e48ffea371cc2e672d8f9be5b7
geometry/etth2_merge_n5/80554/sequential_overlap.csv,149,739f9e7930838e6c6312527967165940b0d02e5a3f32e9904c96cb4a1faa2137
geometry/etth2_merge_n5/80555/cosine_matrix.csv,619,576e8d0abe2d17ced019b272ce3aa65abdf34b0a32679f5861ed911660d30e4a
geometry/etth2_merge_n5/80555/cosine_vs_distance.csv,199,a5beecbaa6e1e3545e3fccea9793ca3c746bda8a9b14bed4fd4b168701678d10
geometry/etth2_merge_n5/80555/effective_rank.csv,353,acfad3fc0db73dbc650cf98848a7d68b7fee4d9c7ff0e63e3d7c73f994c5b35b
geometry/etth2_merge_n5/80555/norms.csv,344,b88fc723ce31fd08ef9815ad5af057369e800e17cb85176e51fc5c9c6fb71d8f
geometry/etth2_merge_n5/80555/sequential_overlap.csv,148,f270c5c03ee4b6e4cd18e817685906a13ab73c0238b4859850b45301f58be1df
geometry/etth2_n1/80544/cosine_matrix.csv,41,e6ba28dfe9f9f4dc7ec9f0b23e9f2a9b0ee242fd719459224e83cf3cae23e66e
geometry/etth2_n1/80544/cosine_vs_distance.csv,36,f1bf7f606d884eda619a17e20ef6264009f2d4cd10f90d05da84a3b7c40ba7e9
geometry/etth2_n1/80544/effective_rank.csv,80,3528ea0d17588b42964e299c83c02552c6ce4219df7025098af1862da7a8338e
geometry/etth2_n1/80544/norms.csv,101,e9a90fce33ec5d67fd8034283edc1e49289743c52f4a773ae9edca325b5b2304
geometry/etth2_n1/80544/sequential_overlap.csv,33,86c772c6f02e49a88f7b5409aad102bb0d986ab7b13ca9319ab01ab62a7b722d
geometry/etth2_n1/80545/cosine_matrix.csv,41,e6ba28dfe9f9f4dc7ec9f0b23e9f2a9b0ee242fd719459224e83cf3cae23e66e
geometry/etth2_n1/80545/cosine_vs_distance.csv,36,f1bf7f606d884eda619a17e20ef6264009f2d4cd10f90d05da84a3b7c40ba7e9
geometry/etth2_n1/80545/effective_rank.csv,80,14fa490ad2ffa9135483d39862cdc6cafcb279a1fe766c8bde6934d5ea2e1e3c
geometry/etth2_n1/80545/norms.csv,101,c2c1c6626e710ae422b4191c633fc00d81c38c794c89f8aa919a633c55cf8849
geometry/etth2_n1/80545/sequential_overlap.csv,33,86c772c6f02e49a88f7b5409aad102bb0d986ab7b13ca9319ab01ab62a7b722d
geometry/etth2_n1/80546/cosine_matrix.csv,41,e6ba28dfe9f9f4dc7ec9f0b23e9f2a9b0ee242fd719459224e83cf3cae23e66e
geometry/etth2_n1/80546/cosine_vs_distance.csv,36,f1bf7f606d884eda619a17e20ef6264009f2d4cd10f90d05da84a3b7c40ba7e9
geometry/etth2_n1/80546/effective_rank.csv,80,ef4f563b57fec839cae56ff1f4295e218646aa791863035b13363d40a5b46e90
geometry/etth2_n1/80546/norms.csv,100,e2e6dccd878cabfa1c0c0534df29d0efb24373183db360814cc9e48f91913a39
geometry/etth2_n1/80546/sequential_overlap.csv,33,86c772c6f02e49a88f7b5409aad102bb0d986ab7b13ca9319ab01ab62a7b722d
geometry/etth2_window_W1/80535/cosine_matrix.csv,41,e6ba28dfe9f9f4dc7ec9f0b23e9f2a9b0ee242fd719459224e83cf3cae23e66e
geometry/etth2_window_W1/80535/cosine_vs_distance.csv,36,f1bf7f606d884eda619a17e20ef6264009f2d4cd10f90d05da84a3b7c40ba7e9
geometry/etth2_window_W1/80535/effective_rank.csv,81,c79a22d1fb3e44ff9d99aa4b6d254e40a8bcd1b63ece536e9c6cd9e42c9074b2
geometry/etth2_window_W1/80535/norms.csv,102,38b3ae19c26c87aecfbbcf1f98d655c66837ff1386cb6fafc2bc4906ae60b255
geometry/etth2_window_W1/80535/sequential_overlap.csv,33,86c772c6f02e49a88f7b5409aad102bb0d986ab7b13ca9319ab01ab62a7b722d
geometry/etth2_window_W1/80536/cosine_matrix.csv,41,e6ba28dfe9f9f4dc7ec9f0b23e9f2a9b0ee242fd719459224e83cf3cae23e66e
geometry/etth2_window_W1/80536/cosine_vs_distance.csv,36,f1bf7f606d884eda619a17e20ef6264009f2d4cd10f90d05da84a3b7c40ba7e9
geometry/etth2_window_W1/80536/effective_rank.csv,81,6c3e5604fd20a449836a10de6b0770f46a17ae55f8003920b41b23f7b531304d
geometry/etth2_window_W1/80536/norms.csv,103,b7051cac8d0da1b422df9f03ac034b5d23f982c55afc015f07725781696c9b1f
geometry/etth2_window_W1/80536/sequential_overlap.csv,33,86c772c6f02e49a88f7b5409aad102bb0d986ab7b13ca9319ab01ab62a7b722d
geometry/etth2_window_W1/80537/cosine_matrix.csv,41,e6ba28dfe9f9f4dc7ec9f0b23e9f2a9b0ee242fd719459224e83cf3cae23e66e
geometry/etth2_window_W1/80537/cosine_vs_distance.csv,36,f1bf7f606d884eda619a17e20ef6264009f2d4cd10f90d05da84a3b7c40ba7e9
geometry/etth2_window_W1/80537/effective_rank.csv,81,3416f214181ed6580f7e47a6c23865ae27ab75628ff212fe9a6950a12bd4686a
geometry/etth2_window_W1/80537/norms.csv,103,10a30f89fb20cadf6a673d029abe84c313646a82c8d532b6c0b8af3a1b6698e4
geometry/etth2_window_W1/80537/sequential_overlap.csv,33,86c772c6f02e49a88f7b5409aad102bb0d986ab7b13ca9319ab01ab62a7b722d
geometry/etth2_window_W2/80538/cosine_matrix.csv,41,e6ba28dfe9f9f4dc7ec9f0b23e9f2a9b0ee242fd719459224e83cf3cae23e66e
geometry/etth2_window_W2/80538/cosine_vs_distance.csv,36,f1bf7f606d884eda619a17e20ef6264009f2d4cd10f90d05da84a3b7c40ba7e9
geometry/etth2_window_W2/80538/effective_rank.csv,81,23457fafc4ffe7b6f9ce432bba419e8b64fb88354a86932297ac1746bb5d60e9
geometry/etth2_window_W2/80538/norms.csv,103,111d19724984d31c0dfad4c5b327018a0a9024b4e06e7aa0f66b38e8d4ec9acb
geometry/etth2_window_W2/80538/sequential_overlap.csv,33,86c772c6f02e49a88f7b5409aad102bb0d986ab7b13ca9319ab01ab62a7b722d
geometry/etth2_window_W2/80539/cosine_matrix.csv,41,e6ba28dfe9f9f4dc7ec9f0b23e9f2a9b0ee242fd719459224e83cf3cae23e66e
geometry/etth2_window_W2/80539/cosine_vs_distance.csv,36,f1bf7f606d884eda619a17e20ef6264009f2d4cd10f90d05da84a3b7c40ba7e9
geometry/etth2_window_W2/80539/effective_rank.csv,80,36ed785d3b36f90ee0dd34f516fc843669ceeda395a3cf00060dd4d6a4dced8d
geometry/etth2_window_W2/80539/norms.csv,102,2d31eb86dc64dd528d2f47466966c5ff117684a09582e2ad2b194661bb5b48cb
geometry/etth2_window_W2/80539/sequential_overlap.csv,33,86c772c6f02e49a88f7b5409aad102bb0d986ab7b13ca9319ab01ab62a7b722d
geometry/etth2_window_W2/80540/cosine_matrix.csv,41,e6ba28dfe9f9f4dc7ec9f0b23e9f2a9b0ee242fd719459224e83cf3cae23e66e
geometry/etth2_window_W2/80540/cosine_vs_distance.csv,36,f1bf7f606d884eda619a17e20ef6264009f2d4cd10f90d05da84a3b7c40ba7e9
geometry/etth2_window_W2/80540/effective_rank.csv,80,ef783ea5c1fb4f84a8892f26ed77ff5f62446e37601fa607123bce2b742dc252
geometry/etth2_window_W2/80540/norms.csv,102,afb86d3d43fd275eb9eb5bebf5669b0c6d85e937c2c32988b08322c5bc03681f
geometry/etth2_window_W2/80540/sequential_overlap.csv,33,86c772c6f02e49a88f7b5409aad102bb0d986ab7b13ca9319ab01ab62a7b722d
geometry/etth2_window_W3/80541/cosine_matrix.csv,41,e6ba28dfe9f9f4dc7ec9f0b23e9f2a9b0ee242fd719459224e83cf3cae23e66e
geometry/etth2_window_W3/80541/cosine_vs_distance.csv,36,f1bf7f606d884eda619a17e20ef6264009f2d4cd10f90d05da84a3b7c40ba7e9
geometry/etth2_window_W3/80541/effective_rank.csv,79,6fef88bd4a090b202c83ae5d2ec4c5443b681a480c703a18efd022638d01ddfb
geometry/etth2_window_W3/80541/norms.csv,102,64c21e65d3703e093770d924f36560a58fecd1008246e416d4149400ef52dea3
geometry/etth2_window_W3/80541/sequential_overlap.csv,33,86c772c6f02e49a88f7b5409aad102bb0d986ab7b13ca9319ab01ab62a7b722d
geometry/etth2_window_W3/80542/cosine_matrix.csv,41,e6ba28dfe9f9f4dc7ec9f0b23e9f2a9b0ee242fd719459224e83cf3cae23e66e
geometry/etth2_window_W3/80542/cosine_vs_distance.csv,36,f1bf7f606d884eda619a17e20ef6264009f2d4cd10f90d05da84a3b7c40ba7e9
geometry/etth2_window_W3/80542/effective_rank.csv,81,eaa10c1f1366fd1b2f78dd39565ca993b004a23bf8787781c20fa29fe4dd4a8a
geometry/etth2_window_W3/80542/norms.csv,101,1696b399f6222a11c4c823b7d787eeedbb98d20b5a808d9fcf330785eee63619
geometry/etth2_window_W3/80542/sequential_overlap.csv,33,86c772c6f02e49a88f7b5409aad102bb0d986ab7b13ca9319ab01ab62a7b722d
geometry/etth2_window_W3/80543/cosine_matrix.csv,41,e6ba28dfe9f9f4dc7ec9f0b23e9f2a9b0ee242fd719459224e83cf3cae23e66e
geometry/etth2_window_W3/80543/cosine_vs_distance.csv,36,f1bf7f606d884eda619a17e20ef6264009f2d4cd10f90d05da84a3b7c40ba7e9
geometry/etth2_window_W3/80543/effective_rank.csv,81,d02c8ce21c8da62f46971416f0da880add1d29f5b47badf4300d3c91ebe34bb9
geometry/etth2_window_W3/80543/norms.csv,103,835ef7433ed0b70c56a42185f2197effd17a6eda9fe0f129d2003297a097998e
geometry/etth2_window_W3/80543/sequential_overlap.csv,33,86c772c6f02e49a88f7b5409aad102bb0d986ab7b13ca9319ab01ab62a7b722d
geometry/etth_vf15_regsweep/79355/cosine_matrix.csv,223,c3987f73520695d95e50e409fa53de9734cb64be63212726335395a35a9cfded
geometry/etth_vf15_regsweep/79355/cosine_vs_distance.csv,111,c55b2fbab60c99a33c07ea2324106e59781f787a4c934e13ca17acd7a18f4a61
geometry/etth_vf15_regsweep/79355/effective_rank.csv,215,86666f50295140596ec2940a95757072b55ce7731fc3caa745fc4ba46b1799f0
geometry/etth_vf15_regsweep/79355/norms.csv,222,f93072ae569db55fbe2b11647e1cad343e227c389973fd63755859967447d5ec
geometry/etth_vf15_regsweep/79355/sequential_overlap.csv,91,c9e5e467dc7bb72fe6de0a70b92d72a2f18e9be6c2c1facb5a4df138ce80404e
geometry/etth_vf15_regsweep/79356/cosine_matrix.csv,223,6115c7cef227d9b65297a00bea9783ed2e5835c0a9f106ed5c7a0c9dd3f57720
geometry/etth_vf15_regsweep/79356/cosine_vs_distance.csv,107,c52c4a5020957ef9b1a04c32767675853b435abc5a5b54a42f3a67ca613b6655
geometry/etth_vf15_regsweep/79356/effective_rank.csv,214,374081b544c3bc67e050ff43067ac102b48ea8ce2046abaf3c578a5f582dd357
geometry/etth_vf15_regsweep/79356/norms.csv,222,9f6d95be7e5baff58bad81cc76a03f29d41151767845b3aecce7ad9edf8ae4d9
geometry/etth_vf15_regsweep/79356/sequential_overlap.csv,90,3495b30bf4cd167b31c0ba9ae882004607d09dc6ef41afb6a80e5564c4fee364
geometry/ettm2_merge_n2/80584/cosine_matrix.csv,106,4dac4b4abfa21c3833aaa12ba9922265aa57a650ad2a27eb568fb6fa19a111ee
geometry/ettm2_merge_n2/80584/cosine_vs_distance.csv,65,75999b5ed8d6992ea2271dfd7179fd72f9347fc4e990be8401c4e1540c28533d
geometry/ettm2_merge_n2/80584/effective_rank.csv,154,480d13cd6a02916e0e0d589eec74f0cb96b66fe11aad385ae1f8a00db49a47d3
geometry/ettm2_merge_n2/80584/norms.csv,161,d5ac8407d44cd2aec884412515ebdde0c798da11eadc6f6e9c5fd3364dafdc9e
geometry/ettm2_merge_n2/80584/sequential_overlap.csv,63,e4f881d7fc61c8838b08fcf65df0ebf644ba37dfdc04d317922bc9f2813e077a
geometry/ettm2_merge_n2/80585/cosine_matrix.csv,104,0745582d6686b8d861db9cb9fceab411a675467b5caf442b112dae0b5deaa6c4
geometry/ettm2_merge_n2/80585/cosine_vs_distance.csv,64,00dd0b347209e262614bdae8b27561ef3c62858de1c496447a45c70940aec99e
geometry/ettm2_merge_n2/80585/effective_rank.csv,155,c74e91e0414e02b11cbd9e12ae7bcd11d0657607736bdcdfdd28beac242a341f
geometry/ettm2_merge_n2/80585/norms.csv,160,6e2abd8d5d62458bb27ea251da7314ef94dd26ee1ecb68021893d864fb934d9d
geometry/ettm2_merge_n2/80585/sequential_overlap.csv,62,99afac6712dcba5513ba56690bada365f58012c12884eed7b5a5f2d8d286bc6e
geometry/ettm2_merge_n2/80586/cosine_matrix.csv,104,9593bd427ceb1d6e0f9d1104b9f7dee77839fd82e2c7972b246886fdf6eaec1c
geometry/ettm2_merge_n2/80586/cosine_vs_distance.csv,64,21d1342c9ab5a99096d5d0c32a65c5bb12f37aaca8fad9f8c7a18d44b7257d87
geometry/ettm2_merge_n2/80586/effective_rank.csv,153,f6d5532a1f963441508c8a2b75306f893a2d713ca99c848403a30dd95641c6d1
geometry/ettm2_merge_n2/80586/norms.csv,159,0e9c2420665843821f000c39669f5f0fd331fdf4b827fd650638b87cf5786305
geometry/ettm2_merge_n2/80586/sequential_overlap.csv,63,a171aa518afe1554929b4a7e5ef24e397e4021a4dd1fbf187a56115049db739e
geometry/ettm2_merge_n3/80587/cosine_matrix.csv,223,a933701dc37f8d526a78c7a0f54b42b887c4318d1d9f03893ff2a0280d0338e0
geometry/ettm2_merge_n3/80587/cosine_vs_distance.csv,109,017b8b828eacc766f58b06ad717ea7b3fc7a04944e0f0e9526a4ce88a07fc0f5
geometry/ettm2_merge_n3/80587/effective_rank.csv,228,ed453efc2a35091bd3a5d85e9fc01557548b0057fc7012ba3319ebfe67fda515
geometry/ettm2_merge_n3/80587/norms.csv,219,1ac536c815e843f96b9b271b6a9f4d8e0f4323327d5aab07d7e44a8d3aa6fe70
geometry/ettm2_merge_n3/80587/sequential_overlap.csv,92,b5e962528a726cb0b7bab4dabed5cc4cf30109e0a4df79a7df0920da3c640849
geometry/ettm2_merge_n3/80588/cosine_matrix.csv,223,2fb4d07448c7790070362492fbfd1515bcb056f7b04474cac7de7e752489d515
geometry/ettm2_merge_n3/80588/cosine_vs_distance.csv,108,ccf67baacf3eb390817019202dd1e7a0efb5b8bc923fae83c42c7f1d9d1f44e0
geometry/ettm2_merge_n3/80588/effective_rank.csv,215,3764b6bd981fa9a63077b7fa55bced907f1316537022e1844fc777ab74f672ff
geometry/ettm2_merge_n3/80588/norms.csv,220,95b01d66c9655d2d1ad641605643595183f935755e7f625fe52444e46650386e
geometry/ettm2_merge_n3/80588/sequential_overlap.csv,91,7ad3ae39ac4cfaa16172a3a6876524b1ec88d8e4a4aac19eebebfe33b264e90f
geometry/ettm2_merge_n3/80589/cosine_matrix.csv,223,2e12445ee2da1efb47281992d309313f092f04d8898ac62d15513c946bea675a
geometry/ettm2_merge_n3/80589/cosine_vs_distance.csv,109,742e63f749986eda4950aa9edd4501011fbdf23a4c9b5445d9f301bad20e5da3
geometry/ettm2_merge_n3/80589/effective_rank.csv,215,c605022707b99661a406b697e9a42a20f5fd84618a54db42d798585396693dd7
geometry/ettm2_merge_n3/80589/norms.csv,220,8ac98f2eb1627211dd748003c91194d0f90a7087467773a4b558ed01ee73af27
geometry/ettm2_merge_n3/80589/sequential_overlap.csv,92,338d24fb89bcdd8e4368316a24e2a600cf36a3de98c91412fe3df95d2ade146b
geometry/ettm2_merge_n5/80590/cosine_matrix.csv,615,1a56605abbdcf617b133626357e97ebc595a4f8c6d642a6ad8c76be84737bddb
geometry/ettm2_merge_n5/80590/cosine_vs_distance.csv,200,e0a480f8769f10591a05947e4d42b044f9ea58f1c777ab513171e30568e03ae7
geometry/ettm2_merge_n5/80590/effective_rank.csv,350,a57ef6c663b200b20b595ef661c520fd6d1484ec848e74cce4d4fd4186868408
geometry/ettm2_merge_n5/80590/norms.csv,333,2ff3e4ba84ee552e9fdf6e5bc6c2b9cfa40fea6d15924b105c48817711420d81
geometry/ettm2_merge_n5/80590/sequential_overlap.csv,148,5b5ffb8c15a3acf3dc6e6bb181ba14d2048f4751c7fb84f695f1dff69a1c1b6f
geometry/ettm2_merge_n5/80591/cosine_matrix.csv,623,871056c40f57cc767c79537b1aa946c1838b5bf51e5bc5f905f9b4f9f0b5233e
geometry/ettm2_merge_n5/80591/cosine_vs_distance.csv,199,884020b625612f98b632ad99054c9292941a4642cb6f267acafd3ccc48321c02
geometry/ettm2_merge_n5/80591/effective_rank.csv,334,be746e2008f266bf4a902d5cca2ed54dc255c48ccebf4050c717db39b6bf5eb6
geometry/ettm2_merge_n5/80591/norms.csv,338,e121b52c2e902c0b0effd7d8598505c7d6ff5991c48e667994c30740b3804ade
geometry/ettm2_merge_n5/80591/sequential_overlap.csv,149,8f9c2df3067cb81ce3d63f537c087bd6cc01be78f1b821ac028c3b53290272d6
geometry/ettm2_merge_n5/80592/cosine_matrix.csv,617,6fbebf5ea7f4ebded519735d670dcdd81fe64bc45f0aa72053dc368f8788c7df
geometry/ettm2_merge_n5/80592/cosine_vs_distance.csv,198,ca35ec5f63fecda772bbf622424b3f550716969df3cfd2448866c1a5426ed3aa
geometry/ettm2_merge_n5/80592/effective_rank.csv,337,46b0fef0e4d6abd135301eb1d6f169bfd2f028c0f8525ca5a78dbe92fe5964d3
geometry/ettm2_merge_n5/80592/norms.csv,339,56b3a59636465a63988e473b7b4e40adb670d2432b49b068ecab66f9bd2e34d0
geometry/ettm2_merge_n5/80592/sequential_overlap.csv,149,f95503b39760be876bd8b36f3e86cb8b67b360d9181fdab2570237b64cd98143
geometry/ettm2_n1/80572/cosine_matrix.csv,41,e6ba28dfe9f9f4dc7ec9f0b23e9f2a9b0ee242fd719459224e83cf3cae23e66e
geometry/ettm2_n1/80572/cosine_vs_distance.csv,36,f1bf7f606d884eda619a17e20ef6264009f2d4cd10f90d05da84a3b7c40ba7e9
geometry/ettm2_n1/80572/effective_rank.csv,79,e5f54e9f5b24bdad0b277e38ddd56f46a4426fc698016cfa7d332bc4fe6682b1
geometry/ettm2_n1/80572/norms.csv,102,4b438db595aa55800eda7b1c528db5bc4627a11a688fec3d4fbd9c7587604815
geometry/ettm2_n1/80572/sequential_overlap.csv,33,86c772c6f02e49a88f7b5409aad102bb0d986ab7b13ca9319ab01ab62a7b722d
geometry/ettm2_n1/80573/cosine_matrix.csv,41,e6ba28dfe9f9f4dc7ec9f0b23e9f2a9b0ee242fd719459224e83cf3cae23e66e
geometry/ettm2_n1/80573/cosine_vs_distance.csv,36,f1bf7f606d884eda619a17e20ef6264009f2d4cd10f90d05da84a3b7c40ba7e9
geometry/ettm2_n1/80573/effective_rank.csv,80,89bf4e8b73a8536a1ac12b8a16d3e35229acd295d11f9ecfc8d4832dca1f879e
geometry/ettm2_n1/80573/norms.csv,101,819704fb5c0989a7bcbf691daaf99dabc130989984ba4afffa5ce0f8115488c7
geometry/ettm2_n1/80573/sequential_overlap.csv,33,86c772c6f02e49a88f7b5409aad102bb0d986ab7b13ca9319ab01ab62a7b722d
geometry/ettm2_n1/80574/cosine_matrix.csv,41,e6ba28dfe9f9f4dc7ec9f0b23e9f2a9b0ee242fd719459224e83cf3cae23e66e
geometry/ettm2_n1/80574/cosine_vs_distance.csv,36,f1bf7f606d884eda619a17e20ef6264009f2d4cd10f90d05da84a3b7c40ba7e9
geometry/ettm2_n1/80574/effective_rank.csv,80,25746bca5fcef16a814ae648af08d30699b5c90dff07cd24c501814446c83842
geometry/ettm2_n1/80574/norms.csv,101,103a62ba241a157a305c2bc974f34fb256b3152b6762aa6fec57a5a80bf8e57f
geometry/ettm2_n1/80574/sequential_overlap.csv,33,86c772c6f02e49a88f7b5409aad102bb0d986ab7b13ca9319ab01ab62a7b722d
geometry/ettm2_window_W1/80575/cosine_matrix.csv,41,e6ba28dfe9f9f4dc7ec9f0b23e9f2a9b0ee242fd719459224e83cf3cae23e66e
geometry/ettm2_window_W1/80575/cosine_vs_distance.csv,36,f1bf7f606d884eda619a17e20ef6264009f2d4cd10f90d05da84a3b7c40ba7e9
geometry/ettm2_window_W1/80575/effective_rank.csv,80,51ae4d294cb045ea6cff6dcc825458287cf82aeb4540dbb830da8c73fe257877
geometry/ettm2_window_W1/80575/norms.csv,101,ee58b5014117548f9add5c54fc5312bf1c1a25afd4661e5afd8e8c15941d7cc1
geometry/ettm2_window_W1/80575/sequential_overlap.csv,33,86c772c6f02e49a88f7b5409aad102bb0d986ab7b13ca9319ab01ab62a7b722d
geometry/ettm2_window_W1/80576/cosine_matrix.csv,41,e6ba28dfe9f9f4dc7ec9f0b23e9f2a9b0ee242fd719459224e83cf3cae23e66e
geometry/ettm2_window_W1/80576/cosine_vs_distance.csv,36,f1bf7f606d884eda619a17e20ef6264009f2d4cd10f90d05da84a3b7c40ba7e9
geometry/ettm2_window_W1/80576/effective_rank.csv,79,b099d4d3efce60c239c2563890b44b07d871d799de28f15b3a8547e35b7f58bf
geometry/ettm2_window_W1/80576/norms.csv,102,2145a9c04034a75bf74cf1d2b331fd3be50e7d92a63a628d637eae8333e077d3
geometry/ettm2_window_W1/80576/sequential_overlap.csv,33,86c772c6f02e49a88f7b5409aad102bb0d986ab7b13ca9319ab01ab62a7b722d
geometry/ettm2_window_W1/80577/cosine_matrix.csv,41,e6ba28dfe9f9f4dc7ec9f0b23e9f2a9b0ee242fd719459224e83cf3cae23e66e
geometry/ettm2_window_W1/80577/cosine_vs_distance.csv,36,f1bf7f606d884eda619a17e20ef6264009f2d4cd10f90d05da84a3b7c40ba7e9
geometry/ettm2_window_W1/80577/effective_rank.csv,81,eabe3acbe6f5689db1dec81de7413fc08ded7c7e7a36c6f7f5fc133376ca5a9f
geometry/ettm2_window_W1/80577/norms.csv,101,f988e81cf11f6e99bfc4b0097e4d2ed0defde35f564832a64de1bb261c09da83
geometry/ettm2_window_W1/80577/sequential_overlap.csv,33,86c772c6f02e49a88f7b5409aad102bb0d986ab7b13ca9319ab01ab62a7b722d
geometry/ettm2_window_W2/80578/cosine_matrix.csv,41,e6ba28dfe9f9f4dc7ec9f0b23e9f2a9b0ee242fd719459224e83cf3cae23e66e
geometry/ettm2_window_W2/80578/cosine_vs_distance.csv,36,f1bf7f606d884eda619a17e20ef6264009f2d4cd10f90d05da84a3b7c40ba7e9
geometry/ettm2_window_W2/80578/effective_rank.csv,81,2c8f3e7e11a0e34e2cbb58871aafcbf8631d6dfd167321c1213719d1c1ba314d
geometry/ettm2_window_W2/80578/norms.csv,101,0116a56fd2ebb7b3b905589e1a5c36ed1aa2a4b94e2493f468042debddc8b0ee
geometry/ettm2_window_W2/80578/sequential_overlap.csv,33,86c772c6f02e49a88f7b5409aad102bb0d986ab7b13ca9319ab01ab62a7b722d
geometry/ettm2_window_W2/80579/cosine_matrix.csv,41,e6ba28dfe9f9f4dc7ec9f0b23e9f2a9b0ee242fd719459224e83cf3cae23e66e
geometry/ettm2_window_W2/80579/cosine_vs_distance.csv,36,f1bf7f606d884eda619a17e20ef6264009f2d4cd10f90d05da84a3b7c40ba7e9
geometry/ettm2_window_W2/80579/effective_rank.csv,81,a41837c375e5edb0ed4a4e5e1a5cbb8c7a303fc9e1dc73e577d52066b940f984
geometry/ettm2_window_W2/80579/norms.csv,100,f8f5752ffaa651d3d0261a961cee5191e0721bea001889c03831a086be90cd58
geometry/ettm2_window_W2/80579/sequential_overlap.csv,33,86c772c6f02e49a88f7b5409aad102bb0d986ab7b13ca9319ab01ab62a7b722d
geometry/ettm2_window_W2/80580/cosine_matrix.csv,41,e6ba28dfe9f9f4dc7ec9f0b23e9f2a9b0ee242fd719459224e83cf3cae23e66e
geometry/ettm2_window_W2/80580/cosine_vs_distance.csv,36,f1bf7f606d884eda619a17e20ef6264009f2d4cd10f90d05da84a3b7c40ba7e9
geometry/ettm2_window_W2/80580/effective_rank.csv,81,7d8e8db4fbebad1d784645cfa8aa63e2f2daca72b8ec10a5bfc450d533235b95
geometry/ettm2_window_W2/80580/norms.csv,102,2e624287dc1b08eec7f7267585ad99d918372700135500d07f33820c3a25e4c0
geometry/ettm2_window_W2/80580/sequential_overlap.csv,33,86c772c6f02e49a88f7b5409aad102bb0d986ab7b13ca9319ab01ab62a7b722d
geometry/ettm2_window_W3/80581/cosine_matrix.csv,41,e6ba28dfe9f9f4dc7ec9f0b23e9f2a9b0ee242fd719459224e83cf3cae23e66e
geometry/ettm2_window_W3/80581/cosine_vs_distance.csv,36,f1bf7f606d884eda619a17e20ef6264009f2d4cd10f90d05da84a3b7c40ba7e9
geometry/ettm2_window_W3/80581/effective_rank.csv,81,4817f0c79756d5b02e16699c5f85ea652420bdf3fb4c8821bb7a885d0370ac46
geometry/ettm2_window_W3/80581/norms.csv,102,456f6b1f690bbec4aaa9ba55814fe4bd4689ab15511fde1c32c85ba56cd7f071
geometry/ettm2_window_W3/80581/sequential_overlap.csv,33,86c772c6f02e49a88f7b5409aad102bb0d986ab7b13ca9319ab01ab62a7b722d
geometry/ettm2_window_W3/80582/cosine_matrix.csv,41,e6ba28dfe9f9f4dc7ec9f0b23e9f2a9b0ee242fd719459224e83cf3cae23e66e
geometry/ettm2_window_W3/80582/cosine_vs_distance.csv,36,f1bf7f606d884eda619a17e20ef6264009f2d4cd10f90d05da84a3b7c40ba7e9
geometry/ettm2_window_W3/80582/effective_rank.csv,80,6ede183812e1daf088b545dda9c2ca70a52bfa7be22b191a788b50b4922a9227
geometry/ettm2_window_W3/80582/norms.csv,102,941289eb176b6ee296a860488cdb43e04cd2fe2561bc302f57c0347c09c2b756
geometry/ettm2_window_W3/80582/sequential_overlap.csv,33,86c772c6f02e49a88f7b5409aad102bb0d986ab7b13ca9319ab01ab62a7b722d
geometry/ettm2_window_W3/80583/cosine_matrix.csv,41,e6ba28dfe9f9f4dc7ec9f0b23e9f2a9b0ee242fd719459224e83cf3cae23e66e
geometry/ettm2_window_W3/80583/cosine_vs_distance.csv,36,f1bf7f606d884eda619a17e20ef6264009f2d4cd10f90d05da84a3b7c40ba7e9
geometry/ettm2_window_W3/80583/effective_rank.csv,81,4bbd37c740dce009ceb5ea20d611ef2b96824b8b03b6e293017135123afb9c05
geometry/ettm2_window_W3/80583/norms.csv,102,bc32b6d68786e4f0174636bb361adee292ab1293244af666406183723dbbd0c7
geometry/ettm2_window_W3/80583/sequential_overlap.csv,33,86c772c6f02e49a88f7b5409aad102bb0d986ab7b13ca9319ab01ab62a7b722d
geometry/exch_gate_incremental/79671/cosine_matrix.csv,221,2c881d8c9a3f86f8700e1c9d730b7b47dcade518939a40a17049a90f18b7711b
geometry/exch_gate_incremental/79671/cosine_vs_distance.csv,108,eab67b2b07f56924c2b4f4477efe9f07216ae0418c33ce7bb3bb224bebc9d2da
geometry/exch_gate_incremental/79671/effective_rank.csv,217,143199371741142b9e95901bfdbc9f16902f970ce5903f51eb1f91de188cce7c
geometry/exch_gate_incremental/79671/norms.csv,225,734f707d598b424570c0b66a1ad9f1a85f4ecde0be0155aaa67e2b2e5c18b11e
geometry/exch_gate_incremental/79671/sequential_overlap.csv,90,c7c2b963e3082763546b671f6bbccad3760a226f3e69f33b9af90572f547d7bb
geometry/exch_gate_incremental/80665/cosine_matrix.csv,221,2549c01e6226f895b70fb5c98c62ad74fcf81345b093a9b02b5ecd4d27e54da6
geometry/exch_gate_incremental/80665/cosine_vs_distance.csv,108,a1d9fca00a159618152592899fb0a04c8b414cf72a08449c099b4f7776dcde18
geometry/exch_gate_incremental/80665/effective_rank.csv,219,b100aa882b7f7e2bbabac18dd9acc630d798ce215df24f676252225229dde346
geometry/exch_gate_incremental/80665/norms.csv,224,70bf51e826d61ed6498efb5ad6a3b59b6b6d2d16970091c10ee20a182fcdf42f
geometry/exch_gate_incremental/80665/sequential_overlap.csv,91,92840d757530291cabbd3b94d2f33773a4d5e7e7f41a45eebcbec7f9470a6e31
geometry/exch_gate_incremental/80666/cosine_matrix.csv,221,62877099e7c0d5cb99bce3f1a1705f22759e39fb5b3cdb3ecdd2892549a35828
geometry/exch_gate_incremental/80666/cosine_vs_distance.csv,110,b5f2e5c37b5ee3c01cca252cabbe65e80f01c1cfbd1e2f3d7a3632a6fd3dece0
geometry/exch_gate_incremental/80666/effective_rank.csv,219,0292f6d71cbcfdcd20b07f392320ad1b27b338b18cdd6d40770701381e24dca2
geometry/exch_gate_incremental/80666/norms.csv,225,056c3097bb17b5748139b2003b02ea66b6307807c44dfc27cb29da931eee9491
geometry/exch_gate_incremental/80666/sequential_overlap.csv,91,a7c2aeb69437f273bf40730ccb0c738abe837952218667ff3b7230bd7b9c181a
geometry/exch_incremental/79677/cosine_matrix.csv,221,2549c01e6226f895b70fb5c98c62ad74fcf81345b093a9b02b5ecd4d27e54da6
geometry/exch_incremental/79677/cosine_vs_distance.csv,108,a1d9fca00a159618152592899fb0a04c8b414cf72a08449c099b4f7776dcde18
geometry/exch_incremental/79677/effective_rank.csv,219,b100aa882b7f7e2bbabac18dd9acc630d798ce215df24f676252225229dde346
geometry/exch_incremental/79677/norms.csv,224,70bf51e826d61ed6498efb5ad6a3b59b6b6d2d16970091c10ee20a182fcdf42f
geometry/exch_incremental/79677/sequential_overlap.csv,91,92840d757530291cabbd3b94d2f33773a4d5e7e7f41a45eebcbec7f9470a6e31
geometry/exch_incremental/79678/cosine_matrix.csv,223,2312c088f28a7ab2fde65e2d6629f330db1c9bc14b74d41b2c18addf4d46dfc3
geometry/exch_incremental/79678/cosine_vs_distance.csv,109,95315fa203cd1bfb79eb4bb4f63f85fddf5aee87bc758a4cbcdce2d99add4ee1
geometry/exch_incremental/79678/effective_rank.csv,217,62a29e922b3edd6e0a2312a75551c59a9461d47af4859d6166de63aa1c096739
geometry/exch_incremental/79678/norms.csv,225,cdfe699f61f96adb1c0a2e822ca75aeacb9a130b64ee78cf03a2b78118c4cc00
geometry/exch_incremental/79678/sequential_overlap.csv,91,4676facee056fc4268f06b1ebbbe79ef0ebeaff79336e5c61db2caa964d88405
geometry/exch_incremental/80669/cosine_matrix.csv,225,31a8bc3d29e4f8eb29edb7ab1f78508e4a410def95390674d82a493f3425fa13
geometry/exch_incremental/80669/cosine_vs_distance.csv,109,daafd798a9a35ebc8975ae01373c5738ef61e859638cf931b0f8bb2ccb3cbc00
geometry/exch_incremental/80669/effective_rank.csv,216,d2d42a43bbb0f379e6d343982cb91cfe1af37607920162046890901268259832
geometry/exch_incremental/80669/norms.csv,224,e5771d953912b547b5300803afb9abcf743472340db637934ac04e2f1843e423
geometry/exch_incremental/80669/sequential_overlap.csv,91,2a8b5cf0196c9c24cf2f9b8d20d21d9a933fe1c555f35089958706892b292ffc
geometry/fixshard_etth1_n2/80415/cosine_matrix.csv,106,bc3b9dba8f9f8e07054325fe4b5c010c980e7c1284c26835445586dae90b2e41
geometry/fixshard_etth1_n2/80415/cosine_vs_distance.csv,65,016bdeb539e9e7019b2ba5b8cfa7644505b2905bf31fcf286bcd45277d119bd6
geometry/fixshard_etth1_n2/80415/effective_rank.csv,167,61631caf89b10143c3f80d13f093f733a6b4564fedcd5ead22fdb433a5c51ded
geometry/fixshard_etth1_n2/80415/norms.csv,161,5c110bdff4470f9ad08482c109d66d74dd08b0e67a0ce2d04a93c7f84c460256
geometry/fixshard_etth1_n2/80415/sequential_overlap.csv,62,6ccc0e6ec726e7dfeaf01c44f2ea40a214e696347c33c145d9c040197d95a432
geometry/fixshard_etth1_n2/80416/cosine_matrix.csv,106,2a0344558c7bef4e75f96bff63311a0cb40a2debe1f7790d4e89c33a92b422d2
geometry/fixshard_etth1_n2/80416/cosine_vs_distance.csv,65,adde7f5c8773d7053ad5a259f549ca8e1623e8caf309b9e997d4f16d7f216d76
geometry/fixshard_etth1_n2/80416/effective_rank.csv,157,3cd7faa062eb0bb5d216cb7e3b7e9ead1404b3e8ab653c2c3915b53d595efa39
geometry/fixshard_etth1_n2/80416/norms.csv,165,395803d056a56032db52d6063cd29e685f7105833ebc3ade24a773c3e7dfb1d4
geometry/fixshard_etth1_n2/80416/sequential_overlap.csv,62,06a4df40a183a47a146999df0175c3ac4655d17783247cc557522e061c3f35d7
geometry/fixshard_etth1_n2/80417/cosine_matrix.csv,106,7099d1b7be1d7a488ec1d693eeaf3e9ee6623e308117a4c94ffa3751337f040c
geometry/fixshard_etth1_n2/80417/cosine_vs_distance.csv,65,83a0c75727daca2db241904108ce39bd1a446267347caea8ab717280aa8e2794
geometry/fixshard_etth1_n2/80417/effective_rank.csv,155,8aefc6758540a3072d4e1be15f295b9e815899021065086f01b3a7f244ad0e79
geometry/fixshard_etth1_n2/80417/norms.csv,162,1d149fb4e21509f068b84e86258c61c7bf3b049f9397e6a6f4c53cd06938ca8e
geometry/fixshard_etth1_n2/80417/sequential_overlap.csv,62,878f7a448efc72d7338fb23db47443b6dca2d0bf17173bce960ae527d7356645
geometry/fixshard_etth1_n3/80418/cosine_matrix.csv,223,e82c1e2a2d6927bef834a89cc2ece6141ee53bfd1166cdfd87f691ea6dba6060
geometry/fixshard_etth1_n3/80418/cosine_vs_distance.csv,111,7a760ddee8ec3ac1727d91a92392e6f8f852aa40ba272494a8c8b358233c32f3
geometry/fixshard_etth1_n3/80418/effective_rank.csv,216,fd7534ace3b6a6ddf7d0010dd3c84f84c54015c01f963f6cc205e2bf4c662dde
geometry/fixshard_etth1_n3/80418/norms.csv,219,1b1e611c7113c34f19a2248e0d616147c151f64cb628c0fb309bf6744ee8f6ce
geometry/fixshard_etth1_n3/80418/sequential_overlap.csv,90,0651aa114838b1e4c5357f58f7f124110263b178d34a583eaa68063e15db11b6
geometry/fixshard_etth1_n3/80419/cosine_matrix.csv,225,35e0945f88d1562222f21802d5b8df51aff89216aa95c52d2c6eb3432497d2ac
geometry/fixshard_etth1_n3/80419/cosine_vs_distance.csv,110,4871bdd9e24511f41ee8dc56d2034b9760abb710b83755970ec94fa5aeae451c
geometry/fixshard_etth1_n3/80419/effective_rank.csv,218,6a4d8c1916a5c6cd39ef01177dfa1ed4f81fff3f4fea9e957f8056528629cbe7
geometry/fixshard_etth1_n3/80419/norms.csv,224,2ad1c7c0afa3d306835f82bb60e7cc7bc80c2dee56dc9939da38d94d70a2188b
geometry/fixshard_etth1_n3/80419/sequential_overlap.csv,90,aca34f2eab394c392fdfbe1b156d8ff7645d635ce983e615c2df1d68099a807e
geometry/fixshard_etth1_n3/80420/cosine_matrix.csv,223,52348cbbf6d030cdb9c5fc6d1df8c619ad691f7ff65ff2ba83c57e77451a34ae
geometry/fixshard_etth1_n3/80420/cosine_vs_distance.csv,109,0a471b61c3d6d0ac084175414895bae699c0db2d9106cabce47a538bf14ab259
geometry/fixshard_etth1_n3/80420/effective_rank.csv,217,f4f0ad97dc9d07dd9229f06a6bb81e5f4d0f488cb2ea6f3a7586ddc25263aa6e
geometry/fixshard_etth1_n3/80420/norms.csv,222,5c1febf2babd89bcf2b74bce898c491846a0afaba0a1584fa07e9bcc79d0af9d
geometry/fixshard_etth1_n3/80420/sequential_overlap.csv,91,93030aed805eb322d4163061bbbe6329ddd7e93530062fb76633c09a5435386a
geometry/fixshard_etth1_n5/80421/cosine_matrix.csv,603,204d2bb253cdb9b299b5023dbf46423097403f7cf0a9bb93edc842b2a6c2621a
geometry/fixshard_etth1_n5/80421/cosine_vs_distance.csv,197,15bc417035cc8b30e5eb276b46f0ec0f69ae3daf033c43df4ef0865f080aef7b
geometry/fixshard_etth1_n5/80421/effective_rank.csv,339,b4dc68a66938dd5b7d6baf4be5099d25dc0da0eafc5b8088043a290632492b4d
geometry/fixshard_etth1_n5/80421/norms.csv,341,5c3be932b873a120d6f26f1534198e92fc4fede565fc77204eb08d89cb0dcf16
geometry/fixshard_etth1_n5/80421/sequential_overlap.csv,146,174cce013342421be2e990f55b491f38b91a0f677199489ad4bdf97d36ee69e7
geometry/fixshard_etth1_n5/80422/cosine_matrix.csv,617,4cbf2d8d0a710baff49b62c53ec38c0b3c05de2338bbd5c2097f9e66f8e4b4c0
geometry/fixshard_etth1_n5/80422/cosine_vs_distance.csv,197,e8a7e84ea2fa2a106480cd5ec462e4ea3b965e70544d67963c41266b5447a275
geometry/fixshard_etth1_n5/80422/effective_rank.csv,351,713c5505fddf6eaf4b0de5507990b0414d5be2978795fbe2d38c4976b2cdb247
geometry/fixshard_etth1_n5/80422/norms.csv,341,3728c08e7c9a9be43d4d7d147d0ddb5861afb4beb940793445e48d7f3f410882
geometry/fixshard_etth1_n5/80422/sequential_overlap.csv,148,6757b948cde55584056534ef2f6aeaf95cb0f2abedec68704678827970cf508a
geometry/fixshard_etth1_n5/80423/cosine_matrix.csv,615,85623465a0f1e3d2fc0fe429b7b85d199b3929b732f97f4ab9977914e725a6b0
geometry/fixshard_etth1_n5/80423/cosine_vs_distance.csv,198,771a0b531babc0db7695b7b56acb78c273d6bf1a6b34d8cb1df3437ed8500233
geometry/fixshard_etth1_n5/80423/effective_rank.csv,335,da7214a89a9a895a30364625199214e2a00ac96bf91f30d88b7182c9cb56d090
geometry/fixshard_etth1_n5/80423/norms.csv,343,dbad0c40255f58d6be3423ab0ba39fd9764089ae142b500c3b5b9204bbddc579
geometry/fixshard_etth1_n5/80423/sequential_overlap.csv,147,166759c5b8e186e4c5930d354d17a1f1a99c28b0ebe4c670a8bd05c7303db043
geometry/fixshard_exchange_n2/80424/cosine_matrix.csv,104,2e00379c5e17fd267875ddd303402facccf41532866a27ab6e86485c49d6a330
geometry/fixshard_exchange_n2/80424/cosine_vs_distance.csv,64,bf71aa7f3a76e9c2093e3e34de013cdfec0a853e36bbb34299b100fc911ced71
geometry/fixshard_exchange_n2/80424/effective_rank.csv,154,f51259bc070d3369e366884e39ddf9dab1221384bfaa622597cf7edbe9f00cb5
geometry/fixshard_exchange_n2/80424/norms.csv,159,ad496340647f80fa6c8246aca3f44d95f36cc806cdb9b1699af04d8887216b1a
geometry/fixshard_exchange_n2/80424/sequential_overlap.csv,62,35200b756e56e95e4eaffc6161999631bf790a6f9f46775f9bb4a9f69ea643a8
geometry/fixshard_exchange_n2/80425/cosine_matrix.csv,104,906776fa9cd692a8d4bb7c70317bd6e44a4443a73a08d0195b28fbea047853b7
geometry/fixshard_exchange_n2/80425/cosine_vs_distance.csv,64,a33953d15ccb4375fffe5e0f1a0a45d67f2b6fc60aba6b09a8de95c3dcc42353
geometry/fixshard_exchange_n2/80425/effective_rank.csv,156,762373812903c24e4e38f8312b0ed893c257d5d3fa0fa2c3c1e85140af0ea38d
geometry/fixshard_exchange_n2/80425/norms.csv,164,8967f145c06731f125526d1847b85e65107e7aeddd310f796583de7bfbcb4dc1
geometry/fixshard_exchange_n2/80425/sequential_overlap.csv,62,e01b6621d8f00782dfec662c9024e641d4c0c358e45f4a3794b0ce35dc926ceb
geometry/fixshard_exchange_n2/80426/cosine_matrix.csv,106,5a6332d4d65323e18ea62a5a71bf10a678214d38eb0f401747b5a71907a452a7
geometry/fixshard_exchange_n2/80426/cosine_vs_distance.csv,65,96c33600e62243d2787c3c1153ed338ea10ab813330caf82b015beea57e11520
geometry/fixshard_exchange_n2/80426/effective_rank.csv,156,e65798d365129fee65c73dd80c4b524f2ce19626224fbe7616f5e82608bba146
geometry/fixshard_exchange_n2/80426/norms.csv,161,57f5697fbaa7e95dae3b3a86e7e9f5a2ee13cc1270adfefbc2bc6b096966fb1c
geometry/fixshard_exchange_n2/80426/sequential_overlap.csv,62,9d41c6fe19c9a569506ce32a5d7ce8f43ef48294e73851fb894f402536099890
geometry/fixshard_exchange_n3/80427/cosine_matrix.csv,221,ea6a867c1ae0aadf3b956f9381a6dc2bccf61069a723de9a80ca7f0e2f183c63
geometry/fixshard_exchange_n3/80427/cosine_vs_distance.csv,110,ca7c74d665767df8a2eb6c631e74064f59c70e36ecb139066912281c3e91efeb
geometry/fixshard_exchange_n3/80427/effective_rank.csv,233,44acb07a96fcfad134251193cef9b32faee80c9e76a6ccc3606c35266793dc3f
geometry/fixshard_exchange_n3/80427/norms.csv,222,f4f6c9f7a6bc966699703d54b7beb29bb7d9e789151362c0ded6a17e7d536ab3
geometry/fixshard_exchange_n3/80427/sequential_overlap.csv,90,dd4ac6c6e87a3b2967283398b1f5fe7d2824e8e68ec9f908cadcf04330d4dae3
geometry/fixshard_exchange_n3/80428/cosine_matrix.csv,225,5708eb513b2ee0760f75f078ce3709e61a1e427c4a63ec771ccf715ffeb36b97
geometry/fixshard_exchange_n3/80428/cosine_vs_distance.csv,108,30c7422f738fe1c37409cca34b26bb92025626cb1342a9383d470ff1944e985c
geometry/fixshard_exchange_n3/80428/effective_rank.csv,215,2cb4718a2d32d49a5c427cca2b17f06626c4dc4f1b09422db521ba9c3839e7ab
geometry/fixshard_exchange_n3/80428/norms.csv,222,539d8f239ebe5ef60c7604fe6777301b8350a4db489891ba7300f668fe75ba3a
geometry/fixshard_exchange_n3/80428/sequential_overlap.csv,91,2edee96de4deae0c8926e62387877dacf7cce97b19a4b78ca7fb5d1e7e1d9c34
geometry/fixshard_exchange_n3/80429/cosine_matrix.csv,225,574a5d592027178a16120582360c8a2beda587f4e2b49f9f553d8fbb947935bf
geometry/fixshard_exchange_n3/80429/cosine_vs_distance.csv,111,ec55187899543b7b15da066aaabb89b85215c74ec3429b35e7c52d5831633702
geometry/fixshard_exchange_n3/80429/effective_rank.csv,216,e875f0aeb3a7c02f57ebeff205bb109ee5b9731d2f310fbe8ba3f7a40c0aed69
geometry/fixshard_exchange_n3/80429/norms.csv,223,7012ea7b3a943e1064c4b7f9bc2d3dfc82a466c3c3b753d5d1ec2415bc64d7b5
geometry/fixshard_exchange_n3/80429/sequential_overlap.csv,91,e90efb3063f5369285e41cd9b1b149761e1a93a1da5cc28bb9128b2a4c426a3c
geometry/fixshard_exchange_n5/80430/cosine_matrix.csv,621,661ecc64462eb67a302fe43f10dc33ea71145f280be5612c3df4707979695ef6
geometry/fixshard_exchange_n5/80430/cosine_vs_distance.csv,199,291215aa6463e7958139c2380475a18ae59de18ac3e5bc95b92bac379cd96347
geometry/fixshard_exchange_n5/80430/effective_rank.csv,339,5b6f56195d179cc4ee6485bb5b70ebee096770e09ea35413cd2fb234f0aa0984
geometry/fixshard_exchange_n5/80430/norms.csv,342,2b18342259302f93dc0f785c74a929c4d84f0a584f7bc5a8c505ff5b82f3dd30
geometry/fixshard_exchange_n5/80430/sequential_overlap.csv,150,a101da65b70d1a6a20e968ce0991609b645300b90b1e6dd6cd3fc626e2f25d7c
geometry/fixshard_exchange_n5/80431/cosine_matrix.csv,623,a5a072c68667668546b5e9697539addaa408b32b41cc7081f23e1dce5791432d
geometry/fixshard_exchange_n5/80431/cosine_vs_distance.csv,199,8f14ea0164d91558b8c4bec180384f156ebc78794e3682e596507587ce3c952d
geometry/fixshard_exchange_n5/80431/effective_rank.csv,355,266e077f412ec66e7913204d48b683b5ba4eecc99d44ac81e7a85c97654c5786
geometry/fixshard_exchange_n5/80431/norms.csv,343,88d60777eb102f4130a3f1733ae507cf88a5921e3567d798b70bd59fbbc3cf20
geometry/fixshard_exchange_n5/80431/sequential_overlap.csv,150,cb051b98bc76e7d44b750066f9e01b08802a81ab09ecef014f547c88d6825bac
geometry/fixshard_exchange_n5/80432/cosine_matrix.csv,625,5de1b8c2093a9b43b0c97334f51ea1f9d8de15d06a9152215abd4e066545684c
geometry/fixshard_exchange_n5/80432/cosine_vs_distance.csv,199,e62090d4444cedf02ce2e0a00018027f4a6285c4f7816aae79bec163bd37ce79
geometry/fixshard_exchange_n5/80432/effective_rank.csv,353,ef99c3662b1ea96ab6a1be768afc542a8a8de0b32d9be256082aaf437042837e
geometry/fixshard_exchange_n5/80432/norms.csv,342,a1fabd3c134824a950bf073b2dd52237a4fdbcc16d614c9dacf4736d33e5fef6
geometry/fixshard_exchange_n5/80432/sequential_overlap.csv,150,58c8979c7dc9310a784ffccb9fbb95c383a3f88c53061a01256142c7aaa6b421
geometry/geometry_summary.csv,76369,ea8eee13d447f2cbb060734d560ef573bbef44615339b99f98a430808724b04b
geometry/l2sp_clean_lam0p0/80311/cosine_matrix.csv,225,865c09b0db9bedd7a115fe785e91f7b020afe7d0f517f3c31d608209fbb3250c
geometry/l2sp_clean_lam0p0/80311/cosine_vs_distance.csv,111,cb9b9ca25d964edca9395b08eacb1c10791c7c32536a7abd4736617ca5f4bb8b
geometry/l2sp_clean_lam0p0/80311/effective_rank.csv,217,77d881a4410bc23f98ff476c47aa299b39ffdead5050dc35bc2600da5a2c0753
geometry/l2sp_clean_lam0p0/80311/norms.csv,222,9040986dc29956e46b578f33d11312c0443bfe489a014a29d709fef6d789b748
geometry/l2sp_clean_lam0p0/80311/sequential_overlap.csv,90,38b443d1b0a7bfbb03be0f8ef1c9627bc996e6f4945cd50455e16d5dd76d74a5
geometry/l2sp_clean_lam0p0/80312/cosine_matrix.csv,223,5780c6618c1e55b5e9514c015ead05a5ca473e47f67e3e2b256731527f3e1587
geometry/l2sp_clean_lam0p0/80312/cosine_vs_distance.csv,109,2bd9858890c3a85395310d57fb03bcf2d59b64ee869368e7461d479220118430
geometry/l2sp_clean_lam0p0/80312/effective_rank.csv,217,566df4c64288f039891add19e425fa1f5c4c6812748d0a5448340bd49fa6477c
geometry/l2sp_clean_lam0p0/80312/norms.csv,223,d485ab52f47521326bde28d5d09b66f29f15393f87197f503e40655819634687
geometry/l2sp_clean_lam0p0/80312/sequential_overlap.csv,90,8b1334ab30ab63e731fbc62230ddaf37063b47cf0fc057649c89c9776f712329
geometry/l2sp_clean_lam0p0/80313/cosine_matrix.csv,225,9b79235024fda83abbe05afdecc8be8bbc3d2b38dbf6af44440b691951b28a14
geometry/l2sp_clean_lam0p0/80313/cosine_vs_distance.csv,111,6910b91f31cf5cf85fac16fa37a84d21d77688c5f3d0411d7a99701a88b95003
geometry/l2sp_clean_lam0p0/80313/effective_rank.csv,230,b2855191ac558c6cf4cfdd32f6780d28f03943492db5b93b375c5a10902366ef
geometry/l2sp_clean_lam0p0/80313/norms.csv,224,eb19103fc90e2c29af85d860bbe74840adf86ca22c2a829593bae742f0768529
geometry/l2sp_clean_lam0p0/80313/sequential_overlap.csv,92,fb7748f0d285e478fa524358a72379cff06ab43951ddf728c844388192baed2f
geometry/l2sp_clean_lam1em2/80314/cosine_matrix.csv,221,6b1fa1c87c27ce6abbdb4c0c5e877bbf76da7ab4a03c4f8c0eb08cbcfc4036e1
geometry/l2sp_clean_lam1em2/80314/cosine_vs_distance.csv,109,29038cc73b1dd41462f422e2d4a7db4c12f873ffea01932db1db08ec50d00006
geometry/l2sp_clean_lam1em2/80314/effective_rank.csv,231,89eb9b31a2d1a26362b89653ef81254fcef12c6132acdbb50611edf467732a8f
geometry/l2sp_clean_lam1em2/80314/norms.csv,222,e4409fb6f836d0d3c5da91b92b82abd30c69575a83f399fed8fe1a0615ac76d4
geometry/l2sp_clean_lam1em2/80314/sequential_overlap.csv,90,1654e415057db3fda64db712033ae57fe85c8ec407e5f8320c51918f4d40ebd6
geometry/l2sp_clean_lam1em2/80315/cosine_matrix.csv,223,3097bea75bf3ea9063dcb5454ec9c35e75fdd55392c762b17e3731dd74ef9ed7
geometry/l2sp_clean_lam1em2/80315/cosine_vs_distance.csv,110,aaf63ddd01dde77764368a7e717237dfa74907c7fd69072e5dc4656284078c7e
geometry/l2sp_clean_lam1em2/80315/effective_rank.csv,218,678d35fe68ee7b444323474d7836a5fd0579192af8c9987334e0383a4982f319
geometry/l2sp_clean_lam1em2/80315/norms.csv,221,5058dd6e3ba28b36056ada95c5e684d1c4d02a139490af6450f88936957904db
geometry/l2sp_clean_lam1em2/80315/sequential_overlap.csv,91,a66076124742e68ba22025c9f7f855ab43a87b3dbd6f9c64bd0efec455a4754d
geometry/l2sp_clean_lam1em2/80316/cosine_matrix.csv,225,a62ee0746d47037809143ec3034593e9e64862ea49349ef7851aaf87d8e6d86f
geometry/l2sp_clean_lam1em2/80316/cosine_vs_distance.csv,110,3c047ac33bd4d0911301139760c2f9fecd04251b4af0d1bca82ae0976049b990
geometry/l2sp_clean_lam1em2/80316/effective_rank.csv,217,783bd816bbdf9a3c3d4809fb558b4709baf8ba1f8a475bc605601ea70c175379
geometry/l2sp_clean_lam1em2/80316/norms.csv,225,75aef67259b5d188039222564a5b4bd038d868c2c9191f9beb03cf7f59bc9d07
geometry/l2sp_clean_lam1em2/80316/sequential_overlap.csv,91,4882f69391bb9ee396a21ad3e5cc9a0fb63d62e976fe119fb4f55a7c972ddb32
geometry/l2sp_clean_lam1em3/80317/cosine_matrix.csv,221,e26b60e84791f185ac713d1b4002d496b7a94504bfbaec7f019694d280df43c7
geometry/l2sp_clean_lam1em3/80317/cosine_vs_distance.csv,109,f77ba180400c5daa4761c421521545b67bdfc2997e55688cdf208c009163a0ae
geometry/l2sp_clean_lam1em3/80317/effective_rank.csv,217,3aacc27ca69b3a9678830b0549c8a8c2bb78a4b110c557d2471c806e04cad7c4
geometry/l2sp_clean_lam1em3/80317/norms.csv,223,ac3e39aabb1880d1cfcaf1be2c7c91387f34552835fc32991ef43d94ca145264
geometry/l2sp_clean_lam1em3/80317/sequential_overlap.csv,92,a6fb4ca16834a3a181d8d89109585cfc9cb442bbca441aece8383c1b64203c82
geometry/l2sp_clean_lam1em3/80318/cosine_matrix.csv,223,c3987f73520695d95e50e409fa53de9734cb64be63212726335395a35a9cfded
geometry/l2sp_clean_lam1em3/80318/cosine_vs_distance.csv,111,c55b2fbab60c99a33c07ea2324106e59781f787a4c934e13ca17acd7a18f4a61
geometry/l2sp_clean_lam1em3/80318/effective_rank.csv,215,86666f50295140596ec2940a95757072b55ce7731fc3caa745fc4ba46b1799f0
geometry/l2sp_clean_lam1em3/80318/norms.csv,222,f93072ae569db55fbe2b11647e1cad343e227c389973fd63755859967447d5ec
geometry/l2sp_clean_lam1em3/80318/sequential_overlap.csv,91,c9e5e467dc7bb72fe6de0a70b92d72a2f18e9be6c2c1facb5a4df138ce80404e
geometry/l2sp_clean_lam1em3/80319/cosine_matrix.csv,225,393cd7b8244e5763972b4c6a83ca40688eb97f4a8e078a88a860504b4e2b288b
geometry/l2sp_clean_lam1em3/80319/cosine_vs_distance.csv,111,95cb4a0d9d27d67ca0845fcfc558fea5bdce3610012ece43c36eae1e28b0eb9d
geometry/l2sp_clean_lam1em3/80319/effective_rank.csv,232,6f34a564f8a2f4053b709cdc2fb16741d76784a7072a892acf297b2cbe8a2bf7
geometry/l2sp_clean_lam1em3/80319/norms.csv,219,c074b660b9c22e70f49d934c061015f7d91d5cd3ea05c7da2b1d21d52aac87f1
geometry/l2sp_clean_lam1em3/80319/sequential_overlap.csv,92,d41165fa8069ff3bd856bf557230a269c899987ed1aefefc65c8fc7de997b5f3
geometry/n1_etth1/80371/cosine_matrix.csv,41,e6ba28dfe9f9f4dc7ec9f0b23e9f2a9b0ee242fd719459224e83cf3cae23e66e
geometry/n1_etth1/80371/cosine_vs_distance.csv,36,f1bf7f606d884eda619a17e20ef6264009f2d4cd10f90d05da84a3b7c40ba7e9
geometry/n1_etth1/80371/effective_rank.csv,81,73cdd31f384a3baa28494cedc5ebaf110edfb26772d8cb6636abfd1e6f652635
geometry/n1_etth1/80371/norms.csv,101,918f8c01ab75375d0be14595413aa215de916a07e09dbce95fa7a2ee9998edb7
geometry/n1_etth1/80371/sequential_overlap.csv,33,86c772c6f02e49a88f7b5409aad102bb0d986ab7b13ca9319ab01ab62a7b722d
geometry/n1_etth1/80372/cosine_matrix.csv,41,e6ba28dfe9f9f4dc7ec9f0b23e9f2a9b0ee242fd719459224e83cf3cae23e66e
geometry/n1_etth1/80372/cosine_vs_distance.csv,36,f1bf7f606d884eda619a17e20ef6264009f2d4cd10f90d05da84a3b7c40ba7e9
geometry/n1_etth1/80372/effective_rank.csv,80,5d445c1a341363d1522691056b148915ef87ffb35b9738f1723441e0566ca26d
geometry/n1_etth1/80372/norms.csv,102,b8918d1ffabc8750a92e1f32728e143bb4f2fdef2a7453db6446c40cc15b9dde
geometry/n1_etth1/80372/sequential_overlap.csv,33,86c772c6f02e49a88f7b5409aad102bb0d986ab7b13ca9319ab01ab62a7b722d
geometry/n1_etth1/80373/cosine_matrix.csv,41,e6ba28dfe9f9f4dc7ec9f0b23e9f2a9b0ee242fd719459224e83cf3cae23e66e
geometry/n1_etth1/80373/cosine_vs_distance.csv,36,f1bf7f606d884eda619a17e20ef6264009f2d4cd10f90d05da84a3b7c40ba7e9
geometry/n1_etth1/80373/effective_rank.csv,81,00044b6ca04b810690299b3cc630cc8788fd2bfefa98305e9fdc91a49b75532c
geometry/n1_etth1/80373/norms.csv,102,7e9e5b13d6fc1311e62ff520a32444559ee08a776b889bde5e80333217d14520
geometry/n1_etth1/80373/sequential_overlap.csv,33,86c772c6f02e49a88f7b5409aad102bb0d986ab7b13ca9319ab01ab62a7b722d
geometry/n1_exchange/80374/cosine_matrix.csv,41,e6ba28dfe9f9f4dc7ec9f0b23e9f2a9b0ee242fd719459224e83cf3cae23e66e
geometry/n1_exchange/80374/cosine_vs_distance.csv,36,f1bf7f606d884eda619a17e20ef6264009f2d4cd10f90d05da84a3b7c40ba7e9
geometry/n1_exchange/80374/effective_rank.csv,80,eef60c529ce18520a4ecb8dff52a6f79214e2541ee3cbdbf9750152b92a971b8
geometry/n1_exchange/80374/norms.csv,102,3cec485f3aa7a7680d17445835626b1ca088b0c0d9d5e5e0932afb5081348c46
geometry/n1_exchange/80374/sequential_overlap.csv,33,86c772c6f02e49a88f7b5409aad102bb0d986ab7b13ca9319ab01ab62a7b722d
geometry/n1_exchange/80375/cosine_matrix.csv,41,e6ba28dfe9f9f4dc7ec9f0b23e9f2a9b0ee242fd719459224e83cf3cae23e66e
geometry/n1_exchange/80375/cosine_vs_distance.csv,36,f1bf7f606d884eda619a17e20ef6264009f2d4cd10f90d05da84a3b7c40ba7e9
geometry/n1_exchange/80375/effective_rank.csv,81,895062350f6d5a938e859ddd6e068888c94ead9ebb0a08f014bf69a4f98f9c89
geometry/n1_exchange/80375/norms.csv,102,1050a07d85cd159acdfb466f4d43216451f46d7adf607138f43ba3b54b476e56
geometry/n1_exchange/80375/sequential_overlap.csv,33,86c772c6f02e49a88f7b5409aad102bb0d986ab7b13ca9319ab01ab62a7b722d
geometry/n1_exchange/80376/cosine_matrix.csv,41,e6ba28dfe9f9f4dc7ec9f0b23e9f2a9b0ee242fd719459224e83cf3cae23e66e
geometry/n1_exchange/80376/cosine_vs_distance.csv,36,f1bf7f606d884eda619a17e20ef6264009f2d4cd10f90d05da84a3b7c40ba7e9
geometry/n1_exchange/80376/effective_rank.csv,80,da8bca210c507886c6b9d8aaed70d1f2e37fcfe49eac9866b84d9f21c223c6ce
geometry/n1_exchange/80376/norms.csv,101,9090a8b9f78c7d563cc5c7c80bd010ae90a01baae98ed247f38c3aeed22dd85b
geometry/n1_exchange/80376/sequential_overlap.csv,33,86c772c6f02e49a88f7b5409aad102bb0d986ab7b13ca9319ab01ab62a7b722d
geometry/n1_psm/80370/cosine_matrix.csv,41,e6ba28dfe9f9f4dc7ec9f0b23e9f2a9b0ee242fd719459224e83cf3cae23e66e
geometry/n1_psm/80370/cosine_vs_distance.csv,36,f1bf7f606d884eda619a17e20ef6264009f2d4cd10f90d05da84a3b7c40ba7e9
geometry/n1_psm/80370/effective_rank.csv,82,e448814e50af107de592111059316b8a66a65fb91816160944e1f3b38096b640
geometry/n1_psm/80370/norms.csv,105,c1bb3542b97a7375f186bd882697f762b4906e08c6a3645b38f816708ce69ed0
geometry/n1_psm/80370/sequential_overlap.csv,33,86c772c6f02e49a88f7b5409aad102bb0d986ab7b13ca9319ab01ab62a7b722d
geometry/n1_psm/80671/cosine_matrix.csv,41,e6ba28dfe9f9f4dc7ec9f0b23e9f2a9b0ee242fd719459224e83cf3cae23e66e
geometry/n1_psm/80671/cosine_vs_distance.csv,36,f1bf7f606d884eda619a17e20ef6264009f2d4cd10f90d05da84a3b7c40ba7e9
geometry/n1_psm/80671/effective_rank.csv,82,83cbe3f5f9550fbaf42fe7e6c029d865a307caf8d0af44fe7919ec19a05481ad
geometry/n1_psm/80671/norms.csv,103,a867caf2a7ad88da9980f553fbe565ceda0736a6574edf4a240dc2efd9c067f5
geometry/n1_psm/80671/sequential_overlap.csv,33,86c772c6f02e49a88f7b5409aad102bb0d986ab7b13ca9319ab01ab62a7b722d
geometry/n1_psm/80672/cosine_matrix.csv,41,e6ba28dfe9f9f4dc7ec9f0b23e9f2a9b0ee242fd719459224e83cf3cae23e66e
geometry/n1_psm/80672/cosine_vs_distance.csv,36,f1bf7f606d884eda619a17e20ef6264009f2d4cd10f90d05da84a3b7c40ba7e9
geometry/n1_psm/80672/effective_rank.csv,81,23cf0275af26c60ff2f543224f718e7b7d365417831319a490e865d03cb2e67c
geometry/n1_psm/80672/norms.csv,104,d35bb7c2ac40e39da88a0481df1d235e4f337e55df4a778778ad3419f6933d28
geometry/n1_psm/80672/sequential_overlap.csv,33,86c772c6f02e49a88f7b5409aad102bb0d986ab7b13ca9319ab01ab62a7b722d
geometry/n1_swat/80369/cosine_matrix.csv,41,e6ba28dfe9f9f4dc7ec9f0b23e9f2a9b0ee242fd719459224e83cf3cae23e66e
geometry/n1_swat/80369/cosine_vs_distance.csv,36,f1bf7f606d884eda619a17e20ef6264009f2d4cd10f90d05da84a3b7c40ba7e9
geometry/n1_swat/80369/effective_rank.csv,81,97a0274b6ee4fd87c7696cd098c00bb39c7b2111892343ab079cb7ed1524fe17
geometry/n1_swat/80369/norms.csv,104,431d01ab7013a7842fc8955141061d10b254c7bf63a76baead434d75f70ce4ea
geometry/n1_swat/80369/sequential_overlap.csv,33,86c772c6f02e49a88f7b5409aad102bb0d986ab7b13ca9319ab01ab62a7b722d
geometry/n1_swat/80673/cosine_matrix.csv,41,e6ba28dfe9f9f4dc7ec9f0b23e9f2a9b0ee242fd719459224e83cf3cae23e66e
geometry/n1_swat/80673/cosine_vs_distance.csv,36,f1bf7f606d884eda619a17e20ef6264009f2d4cd10f90d05da84a3b7c40ba7e9
geometry/n1_swat/80673/effective_rank.csv,81,2e5901b185daff3743d19aa63b293a8a4828a9b11b403cfacd1b92d274572025
geometry/n1_swat/80673/norms.csv,104,b1a2360b1a42a3e1a5f96ffb1b36edb7facaa05f90f96f297f47a3bf13689caf
geometry/n1_swat/80673/sequential_overlap.csv,33,86c772c6f02e49a88f7b5409aad102bb0d986ab7b13ca9319ab01ab62a7b722d
geometry/n1_swat/80674/cosine_matrix.csv,41,e6ba28dfe9f9f4dc7ec9f0b23e9f2a9b0ee242fd719459224e83cf3cae23e66e
geometry/n1_swat/80674/cosine_vs_distance.csv,36,f1bf7f606d884eda619a17e20ef6264009f2d4cd10f90d05da84a3b7c40ba7e9
geometry/n1_swat/80674/effective_rank.csv,81,d1cdc7de005b716ccdd9ce5c417978a06f163a068348761562f53215b0349c7c
geometry/n1_swat/80674/norms.csv,104,5e8c719586b648feaf7e7624ac3b5d70fd143bf88195e442f3fa91671855e768
geometry/n1_swat/80674/sequential_overlap.csv,33,86c772c6f02e49a88f7b5409aad102bb0d986ab7b13ca9319ab01ab62a7b722d
geometry/noisefloor_etth/79353/cosine_matrix.csv,219,b6dbc7daec21b28e338f16d6025fc72bff96c9560d2446e3f84232facdde25a7
geometry/noisefloor_etth/79353/cosine_vs_distance.csv,110,625e2d498c881ca6956b806bc48bb6e341fc029c00c4d4e5b52629efcee3b41c
geometry/noisefloor_etth/79353/effective_rank.csv,231,4835f6bf4813d6f073c576ae8674465b95a078b815d261bf2ef568dabdb8ee1b
geometry/noisefloor_etth/79353/norms.csv,224,7eafe8f73e677cf38e2752082a25a985e45f348881ac46ffdae942c1f5cd3d22
geometry/noisefloor_etth/79353/sequential_overlap.csv,91,f22df746b34fdc8c8edf52f3aa501b962667daa9f10cf3f99692ed79191aee4b
geometry/noisefloor_etth/79354/cosine_matrix.csv,223,9f9b65053c691252890a91fb04a7507ff895cd484c34ae4997365f7bf1c18404
geometry/noisefloor_etth/79354/cosine_vs_distance.csv,110,b6c758389143885ab8e749119a3c91940bb909e72f5b5ea492f90911ce287034
geometry/noisefloor_etth/79354/effective_rank.csv,218,3b3d71808cf2b9f22d209acadcbce88e9bfcb9833f08da099ee45bbba2750aef
geometry/noisefloor_etth/79354/norms.csv,219,66f21c02a6a514fa7310df799c8e6ea5298819db20a1124cc6fedb785df8194e
geometry/noisefloor_etth/79354/sequential_overlap.csv,92,994e09f515838c453e259f9b3e9ba5e1930a9359efd6e6ab83f99f27d0855094
geometry/noisefloor_etth/80675/cosine_matrix.csv,221,26dfef8f59e4cbf84785ebb500cd94005e2da5241355e96120377c51e10fc805
geometry/noisefloor_etth/80675/cosine_vs_distance.csv,110,54f480d276acc96630337bbbaddb718a728d587e51006ee745a2db8ee8ced149
geometry/noisefloor_etth/80675/effective_rank.csv,218,b5fed44852d9296a583f28ea0b61e4f6f98c4f8a626418359e8cd07f2c93b097
geometry/noisefloor_etth/80675/norms.csv,221,d498e2b6cbcd6a824f1e8f2082d04692124ec8b212d804667b26c411b8c64b0d
geometry/noisefloor_etth/80675/sequential_overlap.csv,91,dbc1b03232dc7be6495193095e251d3a64ce984d89ff201f39161078e664ba80
geometry/noisefloor_psm/79351/cosine_matrix.csv,219,361ff6b60fe9daf77765dee92136c9729aa14fafc393f2504cda61d6aa2ece6b
geometry/noisefloor_psm/79351/cosine_vs_distance.csv,109,5485350f3cf761d8cdcdc3d7aeaf07fed66e61285ab1c59cde9341867b66e617
geometry/noisefloor_psm/79351/effective_rank.csv,219,e562780dcde124656703c8ea30fd6ce41bb9bb37fc369fab3ab726a2b8264b9b
geometry/noisefloor_psm/79351/norms.csv,228,4076f10b4b0affa96d1d21e46f136201420a5aa3f980f6980403c4fb2c0a000f
geometry/noisefloor_psm/79351/sequential_overlap.csv,91,0fbc92d66b38123349d93857c45e04d4883e3bf448b62985d838e09f0cb91892
geometry/noisefloor_psm/79352/cosine_matrix.csv,219,15cc8e48d8e61c09570ea1b67dcd4d7508488b87a64fd35e20d7d1309eb37493
geometry/noisefloor_psm/79352/cosine_vs_distance.csv,108,8399667ea132d9d5cab128f41c2e3d8fa57c30dd91aa1bd1c0648fc9b8c5f240
geometry/noisefloor_psm/79352/effective_rank.csv,218,fe12ff07a3abbcb497e23b4fdc7b9aaa2e8fc76c40e0482d011a6618e6301708
geometry/noisefloor_psm/79352/norms.csv,223,f4b4f077f3261a8634ab3afa65eab52f49cc808e2c9f041a7a7814f3630092e2
geometry/noisefloor_psm/79352/sequential_overlap.csv,91,84a2a0946b18ff8eb2c5594567d1e20addeef82064dee31ce4957bf5eacf8385
geometry/noisefloor_psm/80676/cosine_matrix.csv,221,0cfdef8dd6af3c72d4f6d76a21697fa04ffecc83cdf81e0d2be06835bf9d7e13
geometry/noisefloor_psm/80676/cosine_vs_distance.csv,110,76696cfad779bcf94642b75807b0787f6455ed8762da9a301ff0062e71abefe6
geometry/noisefloor_psm/80676/effective_rank.csv,218,87f4959efce02b3821f555b57cb6b15926976ff18d8ea39450bcd5aa48f6a970
geometry/noisefloor_psm/80676/norms.csv,225,b531c57d0dae88f93d90c786d277cc94c10559a4ed68fa650a29d22cbb7d8abb
geometry/noisefloor_psm/80676/sequential_overlap.csv,90,9e89f483dc1aed60840919534edf1a5759546520b30abb5ceb624c64c3621976
geometry/noisefloor_swat/79349/cosine_matrix.csv,219,cbc0674610b8e4ded49e97d11d458ba5789da1c310a76f28d186433909eb388f
geometry/noisefloor_swat/79349/cosine_vs_distance.csv,108,fda4e279228f8e716536e1ef381c2b572a3c1d6b08e3474ebb25c0fa1d31e3e5
geometry/noisefloor_swat/79349/effective_rank.csv,219,863725bcd2e7445feedebe7e2a33450ece69ffb165cdbae1759e9011d702d43a
geometry/noisefloor_swat/79349/norms.csv,229,ce99a7925b3e429f64439549aad1fbf10e5d0b358f9cac90117ff693dad7436d
geometry/noisefloor_swat/79349/sequential_overlap.csv,89,e5fba69659411c994b984ec0831725d2abe8868fe13ad3c4742f1aefc76dc566
geometry/noisefloor_swat/79350/cosine_matrix.csv,219,3a2549c0f25c6f99091b9efadc16d56e70bf2721d79d64b971220bc82785eb6c
geometry/noisefloor_swat/79350/cosine_vs_distance.csv,108,1dd88b2e2bec9c7795068b1d6c7689aa257e86c8b4123d1ab59d9b265818fa2d
geometry/noisefloor_swat/79350/effective_rank.csv,217,450a580a84ba18ab7b2c8ab1d7703df5d1687470870189389c9b5d8a9aec31d7
geometry/noisefloor_swat/79350/norms.csv,228,9167426e14c17b59682cc47889f5cfb902c1be2b504d267455947bba43f54695
geometry/noisefloor_swat/79350/sequential_overlap.csv,90,cc7e7c75056acdc9e5be9ea2f15f222d7a646383ff20fcbd41631530b96dfaa1
geometry/noisefloor_swat/80680/cosine_matrix.csv,219,25406b7f9bed838700e137ab44b356177be4f2a839886c77d58b8042879601e8
geometry/noisefloor_swat/80680/cosine_vs_distance.csv,106,ce413fec56c2c03202d94635e83d261e014f6f2de4e8afda8969e5cc3dae2d8e
geometry/noisefloor_swat/80680/effective_rank.csv,219,19daeff18bd515a5e087124337b5e8fa443c70ac077789d0d28e899939766d36
geometry/noisefloor_swat/80680/norms.csv,228,6a634b3205add218b51d13131c2f2d89985973cf796310971f2a4e14f523e7aa
geometry/noisefloor_swat/80680/sequential_overlap.csv,89,f14ab0f78b0eb558187c46ec04c1720f3f9517474d8e508bed5bc251a75af3d3
geometry/segsweep_etth1_merge_n2/79870/cosine_matrix.csv,106,b69f19d645e5b8db6ca0f7392d74b4240a1e210052c071ca3eda35c810d114c3
geometry/segsweep_etth1_merge_n2/79870/cosine_vs_distance.csv,65,ca9b0eb5eb77d7a1aeb1dcfd22af878d1ad6c8f9bbdd96c92863432dc01983c3
geometry/segsweep_etth1_merge_n2/79870/effective_rank.csv,154,e32cb85aca041d7dbe6676427ac92eb4b44cdd7db67a809b791c1e9de8535e4b
geometry/segsweep_etth1_merge_n2/79870/norms.csv,162,c0d74342281f0b1f904fad66fbe5910b263a106ea9836a8292304b4006af4386
geometry/segsweep_etth1_merge_n2/79870/sequential_overlap.csv,62,42311bebc1de0db0aa5ebaaf28e60b2eeb287599546298b67d99861ce900db62
geometry/segsweep_etth1_merge_n2/79871/cosine_matrix.csv,106,b5f00188921c81e7f41a922db03f3dbd70baff4b4197fbabff906760e196c68c
geometry/segsweep_etth1_merge_n2/79871/cosine_vs_distance.csv,65,02082dcafd366bd9b285f978a4a94d104c792a6e0d8f679489fd89e9023a812a
geometry/segsweep_etth1_merge_n2/79871/effective_rank.csv,156,3b11e1b5724f149cfa7ba2fc8960d19ca34835e88605ad2595d1498a85f5490f
geometry/segsweep_etth1_merge_n2/79871/norms.csv,161,40157a896d98526da4ffcb4f5045f28d4021da35902afa9bc9101fa8bfd6b102
geometry/segsweep_etth1_merge_n2/79871/sequential_overlap.csv,62,e30c050e44a7aa15c017b98eaf437291c5a9d2ab4cf39e4433b586cf57152b30
geometry/segsweep_etth1_merge_n2/79872/cosine_matrix.csv,106,a42e3a849626d07f899c61b88f59c1c41657d27a53d01cb104df2de5f42d6094
geometry/segsweep_etth1_merge_n2/79872/cosine_vs_distance.csv,65,6720bd5833ed46145f889b029604b49c631e68018318834d657d9fddbf690f32
geometry/segsweep_etth1_merge_n2/79872/effective_rank.csv,156,83d51aa62719a1cc86fd75d4af6e37944f4fd6a69d15de9bdf8f93dd8bdc066d
geometry/segsweep_etth1_merge_n2/79872/norms.csv,162,da64ad8e38e831dbfc7ec59edc515f18e76157d11968a8922cacc3cc6d5f3135
geometry/segsweep_etth1_merge_n2/79872/sequential_overlap.csv,62,8b5c3712da285a4966e2143fc0da42eb7c11e8c40669ec98bb6a082327afabbc
geometry/segsweep_etth1_merge_n5/79873/cosine_matrix.csv,619,9f0102e90ef4b13c8e34570df7e602fd863e2b0a7fbc57ce13ccec9a2ba9ed39
geometry/segsweep_etth1_merge_n5/79873/cosine_vs_distance.csv,201,67830333085c8fb989040c7fded028b65f0c133392e35d91694df3ddb09cda82
geometry/segsweep_etth1_merge_n5/79873/effective_rank.csv,341,67859b7377b7ece8e2abf245b85fd06056912146340e530b18d829f9dd69c367
geometry/segsweep_etth1_merge_n5/79873/norms.csv,346,078bb5a12444a68baa02896b2af106f3298ed7dbfceefeec7de50764406d8b4b
geometry/segsweep_etth1_merge_n5/79873/sequential_overlap.csv,148,537fa2e24f5989b0436613f7332b553402451962ff746c230aa200916daa59eb
geometry/segsweep_etth1_merge_n5/79917/cosine_matrix.csv,621,4220e09f11a9ed87cdc10fc7cd815a9767280de0789d9fa5fb1a08084079254c
geometry/segsweep_etth1_merge_n5/79917/cosine_vs_distance.csv,200,1505614873ba6a495d0e7b1c91118f48f9592ff8130d6e13149b038f7f57329e
geometry/segsweep_etth1_merge_n5/79917/effective_rank.csv,356,a37570819e843a91155e56881f54bef9ecac655c953d6a93e8c8bd7325fde79d
geometry/segsweep_etth1_merge_n5/79917/norms.csv,345,efbb6538efe47cc023f5d6227c7838c4e8033c6555645b6fc2f714ec7e662a3f
geometry/segsweep_etth1_merge_n5/79917/sequential_overlap.csv,148,dcf433ae57dfd7c6de951c77d3aacd13215a438fedb3764d112fda2ed62dcc32
geometry/segsweep_etth1_merge_n5/79918/cosine_matrix.csv,625,28fd5b3d48db223f410ecc740a5c52756e691588238f5dd4654e461cd602d7fe
geometry/segsweep_etth1_merge_n5/79918/cosine_vs_distance.csv,201,67fa76c6afde90a55ec0f72458e4892f54e2c4501fe42ee35c11047777a6939d
geometry/segsweep_etth1_merge_n5/79918/effective_rank.csv,342,217530a2489ebb3f1bdf7a9da24fb8bc9f5ab4b17d6c079053fb005c73a6a514
geometry/segsweep_etth1_merge_n5/79918/norms.csv,348,9f09162c494c157d3bd65156d6c4e336408bf113844e0c0b7d174ae886a8e8ae
geometry/segsweep_etth1_merge_n5/79918/sequential_overlap.csv,151,48f70fc286d2c78f240de3ffcbfb2067a76b51d113bff6d3570796e9087ded58
geometry/segsweep_exchange_merge_n2/79883/cosine_matrix.csv,106,6c1a89225cce60ecedfef72a12dfcd52209fc48415fab1e0b885468e1cc49cf3
geometry/segsweep_exchange_merge_n2/79883/cosine_vs_distance.csv,65,7f47509b779f40a25d5086221c78e0fc77c7fcc57b2a038e06fad4bc80fd0e5e
geometry/segsweep_exchange_merge_n2/79883/effective_rank.csv,153,796df51b30dbc01dde9c872f357694948226554ed0c62754201007f4774e6237
geometry/segsweep_exchange_merge_n2/79883/norms.csv,159,d164f1abcc0efe973f03e1129ecc942dfe34989ce42fdc701dfaf38c131435dd
geometry/segsweep_exchange_merge_n2/79883/sequential_overlap.csv,62,ff774797e52a1783005251ee1766c642a75f74b064b7254ba2b03c53b21537d4
geometry/segsweep_exchange_merge_n2/79884/cosine_matrix.csv,106,85deee95811869216093231b531af64b7a7de0b4824aa42498d3f992170c05a9
geometry/segsweep_exchange_merge_n2/79884/cosine_vs_distance.csv,65,3948eb7feb9b2c36b29f78ab35b8c0907cb6df6d565347d299f4950d1d4c1f83
geometry/segsweep_exchange_merge_n2/79884/effective_rank.csv,155,9cb2baa7bb7ce47e41a4df166f7ecf1894fb4cbcb39977ecf3ad7751c5bac85a
geometry/segsweep_exchange_merge_n2/79884/norms.csv,163,6feb8db20182cde2b61938d1700bd4d76d26a7efe2b1d31d77220577a84e44b4
geometry/segsweep_exchange_merge_n2/79884/sequential_overlap.csv,62,b81864788195c47aea026dc8297e41b80bcad9bd0ef0b2547416270a6ba5270e
geometry/segsweep_exchange_merge_n2/79922/cosine_matrix.csv,106,9048d56ee4f1e12f49f10b3a3e4a4bde75dc8a29be52323a081342116414854e
geometry/segsweep_exchange_merge_n2/79922/cosine_vs_distance.csv,65,1db0f5bce370b7e8494376dd51ba35dd3a7947ac26f85ed756f69b89170d6ea8
geometry/segsweep_exchange_merge_n2/79922/effective_rank.csv,171,0ba8f25add2b0926e7f35a94ba5b08ec7e8501887cefa0c1d9bcbecdd0a31d2d
geometry/segsweep_exchange_merge_n2/79922/norms.csv,161,bff5f611edcd5abef4116a915dfdba7ab2e757b7ecf9269c152bc9999c0246e5
geometry/segsweep_exchange_merge_n2/79922/sequential_overlap.csv,63,0e0d6b2079cdce03ff1ff89b3edcb3bed9be6d18f6a1dd2f26e23994635ded01
geometry/segsweep_exchange_merge_n5/79885/cosine_matrix.csv,621,e54d3c3d093d2a2c2d7e0043ae7f1796b601b7c83a9ef838e974cb254fdeb6dc
geometry/segsweep_exchange_merge_n5/79885/cosine_vs_distance.csv,200,0da9f82c30cfa631691704102686c09c521b3d9f6f07fc07943e39f16214f818
geometry/segsweep_exchange_merge_n5/79885/effective_rank.csv,356,75a445079e2876410c45f5f8342f8d6bdd9f37196f6227fc7a02e197f82f07ab
geometry/segsweep_exchange_merge_n5/79885/norms.csv,345,6d0d9f4eed1fd8fddae30d92b0a02cf93a0c3b68e01069add81426cc5901d9ac
geometry/segsweep_exchange_merge_n5/79885/sequential_overlap.csv,148,2eaa1602e05bb2e6e7a47ac75154725cb7b69b587baf3959d5b57ffe232eb971
geometry/segsweep_exchange_merge_n5/79886/cosine_matrix.csv,617,9f8df17790688a497d608fe6a9a74c2fe9f333326f9f7f1b63e080cec0c6a84a
geometry/segsweep_exchange_merge_n5/79886/cosine_vs_distance.csv,198,15ae7e2d36fc7432629951aa3e250b3b4fa06617336cd09307331cade29c545b
geometry/segsweep_exchange_merge_n5/79886/effective_rank.csv,341,70055a2eecc56883bf285308d66e65cbd788038f21de75e6815c0ecdc992a36f
geometry/segsweep_exchange_merge_n5/79886/norms.csv,346,abca716a5ef9858ef62c884286eb0340aca7a38badb796d7f2bc3e431ef11380
geometry/segsweep_exchange_merge_n5/79886/sequential_overlap.csv,148,f3443ccdb4457f933f410a37f6f0f65f4d465a2915e1a688d8e0f8df5caf0378
geometry/segsweep_exchange_merge_n5/79937/cosine_matrix.csv,621,76312ca3101d9bcd17f0594c2f28a251d59030bd9bd06bead47f237044981646
geometry/segsweep_exchange_merge_n5/79937/cosine_vs_distance.csv,202,eff4f5822126df5b089fa87def0227161746baee0a6eecd76853ebe5fc81acfb
geometry/segsweep_exchange_merge_n5/79937/effective_rank.csv,355,b6ba456bcd50ee2ed09acf953eabd327e43332c419640a6e505a541ed8f68eb6
geometry/segsweep_exchange_merge_n5/79937/norms.csv,345,f119b0f9f698876b0c41bdf89cd48e1c12aab45717495378869139e2a42b12d2
geometry/segsweep_exchange_merge_n5/79937/sequential_overlap.csv,148,c73275a5ef47736fcb2e1f6762fcb12e0f26f871aab2f0f9fb444c4545f52a81
geometry/segsweep_psm_merge_n2/79930/cosine_matrix.csv,106,17d54ac640b94c72c8c4e50dfdc4a4585c6cb042ac0a492eedb347a5a5b9fbe3
geometry/segsweep_psm_merge_n2/79930/cosine_vs_distance.csv,65,5c79e6d011e633c64918b8b85baa8d02e39dc9a40fa9fa6add9100da579739f0
geometry/segsweep_psm_merge_n2/79930/effective_rank.csv,157,bef9f539a727663152b0bb655e3fe917c18040c870daa7d54c2049fd0e59fc6f
geometry/segsweep_psm_merge_n2/79930/norms.csv,164,fa5d4f1ac5addd46019de014116ba8e6b5c45344c8246705a52265c0040e09fa
geometry/segsweep_psm_merge_n2/79930/sequential_overlap.csv,61,bcb6c9d4ecd2603c1f79f4e425108b4d145fa831e49545cba6e567f84d5ee111
geometry/segsweep_psm_merge_n2/80681/cosine_matrix.csv,104,aa4fbc8b413a843b4fcf47e52af9955596e459d9267017ea25ca95dfd62efa75
geometry/segsweep_psm_merge_n2/80681/cosine_vs_distance.csv,64,2f5408e9477046991d94565412ee0814212cf6ea8ff2c3f2c652920ab3085489
geometry/segsweep_psm_merge_n2/80681/effective_rank.csv,152,7627c5a1f4ba0c39ea857f78f5897449f415f209a0c9b5b42c54fef01cce9471
geometry/segsweep_psm_merge_n2/80681/norms.csv,163,626a9a93cd3c6c80ff09e847c6daefe4167075ffa4a4c7f60cd0135e57dd2d72
geometry/segsweep_psm_merge_n2/80681/sequential_overlap.csv,62,013d28f9a6fba18a4e303de36b8094d620dfa4146ca5c32ec563a45e02a5cdb8
geometry/segsweep_psm_merge_n2/80682/cosine_matrix.csv,104,d6962ac17a56b53ac15e02a878a480d20d42a9bdb099817b3d7e64635487ccdd
geometry/segsweep_psm_merge_n2/80682/cosine_vs_distance.csv,64,50b31777b8e34e764795b855afdc08cca724059d61deb5c3ffe6493f187a75d1
geometry/segsweep_psm_merge_n2/80682/effective_rank.csv,171,9202ad746c11125287c891beadb7c6abd3fda608530be82c086fae47d7607977
geometry/segsweep_psm_merge_n2/80682/norms.csv,163,676bc81c214c6a1a9de79c72b1fbcad6c3b4d171a8f61139a3189b2171e61ecf
geometry/segsweep_psm_merge_n2/80682/sequential_overlap.csv,62,97b279ee3e9784a0d7f824f6b51462c0614a2015380a77f144a852fe10117a7e
geometry/segsweep_psm_merge_n5/79929/cosine_matrix.csv,611,4bdaa262e909d5d248e29ad646f12475f7edc78a3aa51f64ac2e9c8ec9144ba6
geometry/segsweep_psm_merge_n5/79929/cosine_vs_distance.csv,200,ad91f3a8c986b0b066b7591c158476994fce8bc4a19c495f9c6567b15bc0e642
geometry/segsweep_psm_merge_n5/79929/effective_rank.csv,337,beb3fad7df8b78d68755fc472b4d260dbd552b737dd489973402f5e0f6513ecd
geometry/segsweep_psm_merge_n5/79929/norms.csv,343,57de4e11468b1b592192d7558e01407002b5791fa1d9782de2e6d9207777fca9
geometry/segsweep_psm_merge_n5/79929/sequential_overlap.csv,146,5de05f6f780fe5a71697a41e261c5549d961b5e37a9228bd127cd11ee190b369
geometry/segsweep_psm_merge_n5/80683/cosine_matrix.csv,613,29287b5b67582a004791714c3879f9efef1e891b3c676f756e8f3b45adb74c71
geometry/segsweep_psm_merge_n5/80683/cosine_vs_distance.csv,196,aa9b3101312104b9150add1f78d34b34a18537c39f7c8a1a27ee4b600d9e9520
geometry/segsweep_psm_merge_n5/80683/effective_rank.csv,356,8d4f1b47a01b386dc9c1ca7c3b4fc5bc103a8f9639c0b0782c1198819595292f
geometry/segsweep_psm_merge_n5/80683/norms.csv,351,78c919679a7e0d99221d6f4fda058125795063f772dc4e57e108f11788e432fa
geometry/segsweep_psm_merge_n5/80683/sequential_overlap.csv,148,06bca13b1611ba3685137864803d0de95b1a8d586e59bf66aef5061f3806ffcd
geometry/segsweep_psm_merge_n5/80684/cosine_matrix.csv,611,620d40ed047fad8a73c9d4db673b4e9abad00a2ad2c40203cbd4ea22be818d06
geometry/segsweep_psm_merge_n5/80684/cosine_vs_distance.csv,200,28b013119b8b169e506a3a53d296afaac868d88fa04446ccc75f7f843d1b915b
geometry/segsweep_psm_merge_n5/80684/effective_rank.csv,359,b770944145557cb3a819bc4a0b248d7d55c4c6dfd493e5b914d6304ea0cefba9
geometry/segsweep_psm_merge_n5/80684/norms.csv,351,5c209e379c4ca3b9ffe42c77e333bb358a0d423d3e488c3ec34889a6ad1992e9
geometry/segsweep_psm_merge_n5/80684/sequential_overlap.csv,148,5988033d1467a876ea50c515214bb5df10e8685dc77f022370a38138a3513b5b
geometry/segsweep_swat_merge_n2/79926/cosine_matrix.csv,104,5e4b2c809e3a59b6f3e63c52171b35597706f211275e1afd44d066f261d8d22f
geometry/segsweep_swat_merge_n2/79926/cosine_vs_distance.csv,64,24cf11227997f1507c7b1c5defcd395997044256e294a48431f17c188b9d6ce3
geometry/segsweep_swat_merge_n2/79926/effective_rank.csv,156,ec027332cb3b710316771747b7940aaa5e8752a7c1ad4e4df48c0d08fe1f8c2f
geometry/segsweep_swat_merge_n2/79926/norms.csv,166,d9e003e50ce29b7febe63368f98546eec0292eb4379f5c4ed5768d717cd07ab7
geometry/segsweep_swat_merge_n2/79926/sequential_overlap.csv,61,ec882f59c0fcf44313afa340427fcaa5a47823a2f2994d62f29eacebbda7beb5
geometry/segsweep_swat_merge_n2/80689/cosine_matrix.csv,104,33732f0611dc42513512f5bbe5b85d27023679bc3fcca28cffaedb0c7d0d8918
geometry/segsweep_swat_merge_n2/80689/cosine_vs_distance.csv,64,433f1c793447b44d0e517f6fcc755fa0e5547dee428ffb3cabf426c58f044a82
geometry/segsweep_swat_merge_n2/80689/effective_rank.csv,155,7c09b89692ca13f0989254003ccddd5fd665d968e14218c44b57e4eda4c2ae9f
geometry/segsweep_swat_merge_n2/80689/norms.csv,167,4584d3bfd53eabf018f4aa1297d698fceefaa6c99cf58687bad250ca244c0d15
geometry/segsweep_swat_merge_n2/80689/sequential_overlap.csv,61,7f4b160bad74fa836b920d657c2f9ee5726b616f11354678fdeca2c677281d83
geometry/segsweep_swat_merge_n2/80690/cosine_matrix.csv,104,57cc55a4273c13be01dd3a35d7be23f5dc7af385acc965eaf937bb128c6f0082
geometry/segsweep_swat_merge_n2/80690/cosine_vs_distance.csv,64,05e6cd8930eeabab55af8a614f6fd5e3a11d63e96e6216db54ac506a2c5d5540
geometry/segsweep_swat_merge_n2/80690/effective_rank.csv,172,24e428dc2d6ae4a02eee2433b34a824ae46ff6e1a5838b4365a5107b94f8a830
geometry/segsweep_swat_merge_n2/80690/norms.csv,167,f2ee5333806c339a7ab38863ea7fea31bff9a6d90f3c796db48c30b4af240f61
geometry/segsweep_swat_merge_n2/80690/sequential_overlap.csv,61,7c7897c0ad1c7373cb5df8b07d035e672f0fcdfe4059d06481282c4115f39ccb
geometry/segsweep_swat_merge_n5/79925/cosine_matrix.csv,603,76d4c1e8a289176af9e445388c68867bbd9a2a2ae697bde74a7553ead8859fb5
geometry/segsweep_swat_merge_n5/79925/cosine_vs_distance.csv,196,ecf992ed95aaf4a770f72282e531ea7f8edb0e4e07a475d60cd0c24db5a1b3dc
geometry/segsweep_swat_merge_n5/79925/effective_rank.csv,358,e2ec020cf8c6d3b26e4731168e04499d92bf2965c3e6e94766bf45cb12e23e7f
geometry/segsweep_swat_merge_n5/79925/norms.csv,347,5134a6d7b7a837b523a7750dffb569e2cb62684e2f6cec3babf9055b6c245138
geometry/segsweep_swat_merge_n5/79925/sequential_overlap.csv,146,eaf88d808f32b6b30701ddeea7b4510cbd716995b0e558306a7612f30b4a9d1a
geometry/segsweep_swat_merge_n5/80691/cosine_matrix.csv,603,a7f8ac52124e87aeb99a7402c009ccfb61ad153171787b47dd11a7e7ba89d5a9
geometry/segsweep_swat_merge_n5/80691/cosine_vs_distance.csv,197,14f010ff5684e1643e1bb77352b816ef5ff57539383b3b9c2730eb86bc10c7a9
geometry/segsweep_swat_merge_n5/80691/effective_rank.csv,342,6b702e8f98bd4db76bf62ec01004d20890dad5472cbd0dbd47fe39481e1872f3
geometry/segsweep_swat_merge_n5/80691/norms.csv,352,df231e87075e38b5dd726f9ef8c6ec907b66ad718a29aa9bac26fb99058a6194
geometry/segsweep_swat_merge_n5/80691/sequential_overlap.csv,144,6b7dd321414483b4ea3db9ba883a7f3ce4f6180133c3050ee814462f0f98c473
geometry/segsweep_swat_merge_n5/80692/cosine_matrix.csv,605,83ff0207c3db24b08a7907ac0160dff5ad95329ff1a9dff72f293b133cbb851f
geometry/segsweep_swat_merge_n5/80692/cosine_vs_distance.csv,196,544e3dff29fe6113708bfc358e8ee218a2104dddcd0067790d2410dcbcb1a86b
geometry/segsweep_swat_merge_n5/80692/effective_rank.csv,357,b0ef344c2a87453fb553a6168d673fb12c84018a9b6a0d87a578846e60e789a5
geometry/segsweep_swat_merge_n5/80692/norms.csv,354,0fc699236450710a63e941bc5d41219adac847e01a4568c00f6d452cd099ff85
geometry/segsweep_swat_merge_n5/80692/sequential_overlap.csv,145,6e47253ff64eb5a83dd61bee4bf118df05108253bef649f623d3cd5305f35d1d
geometry/slurm_grid_etth_forecast_train_incremental/59065/cosine_matrix.csv,227,a3d6a9676a8cf07d67d9ec8d614302b8c72f38b0717866f07ac99abd552f375c
geometry/slurm_grid_etth_forecast_train_incremental/59065/cosine_vs_distance.csv,110,fe047662d3df4f1d50570065a4a8c4dec823d8ae1fae3502a3a6de7fb9d276b7
geometry/slurm_grid_etth_forecast_train_incremental/59065/effective_rank.csv,219,d1c87c56b46d4ad01c80385842812da6a0b29c82e996e4fbb5aa5f306c81351a
geometry/slurm_grid_etth_forecast_train_incremental/59065/norms.csv,225,0e744164696a75b165ee5789441ab147353c84723897e02f0786da0a24ee15e9
geometry/slurm_grid_etth_forecast_train_incremental/59065/sequential_overlap.csv,94,9301c4025075488573493515301a00e6a2faa43ab3c5391996cc94659830150e
geometry/slurm_grid_etth_forecast_train_incremental/59066/cosine_matrix.csv,223,c0fca099dda83675dd475b099ce89e568816dcd583baabc09452a298dce70ac9
geometry/slurm_grid_etth_forecast_train_incremental/59066/cosine_vs_distance.csv,110,e0c3bc54e33e8a90cf86e7487a5a4390149f84670e787c6c46141577e6f1c64e
geometry/slurm_grid_etth_forecast_train_incremental/59066/effective_rank.csv,218,6b6a24bdd347da656040f0ddd62eb3c3257abb151ea415cd0a7d5b5bf1be5667
geometry/slurm_grid_etth_forecast_train_incremental/59066/norms.csv,225,5d44e7c915747498aa3203e3c936dd383b82963cc1c83b2089daea1c98ad54eb
geometry/slurm_grid_etth_forecast_train_incremental/59066/sequential_overlap.csv,92,8164e971138c7cdde705849572815ffe03488bba722ee83b95838ea8b7a14192
geometry/slurm_grid_etth_forecast_train_incremental/59067/cosine_matrix.csv,225,05e8c567aba1b66d8a0ee6f19fc3c53feff62798afe5e7ffe88b495d9dbdc8b7
geometry/slurm_grid_etth_forecast_train_incremental/59067/cosine_vs_distance.csv,110,b596ae1eddae8b9ae84c434921b37856b99535cf56b7cdf28609fa923605073a
geometry/slurm_grid_etth_forecast_train_incremental/59067/effective_rank.csv,219,f503c6043e58b245c4608dc7c993f2850a13dd483253c3f836349af5ab02c7dc
geometry/slurm_grid_etth_forecast_train_incremental/59067/norms.csv,225,964cb7a76636f796c8648f7fa31df56df80d55dcc585113b8d0d13679702f2fe
geometry/slurm_grid_etth_forecast_train_incremental/59067/sequential_overlap.csv,92,8cbfa797ab7f7ca5f41389ebc359a625787e55063e6a72322344471aeda033b5
geometry/slurm_grid_etth_forecast_train_incremental/59068/cosine_matrix.csv,227,d0414438fed39f063116ce79f5aad39997248e7f18016cbe15afb481e06c1131
geometry/slurm_grid_etth_forecast_train_incremental/59068/cosine_vs_distance.csv,111,227c572a202c29c69152dff3eb71c4c6499f8f1fa536ef24266b4c869ed1a3d3
geometry/slurm_grid_etth_forecast_train_incremental/59068/effective_rank.csv,217,f279fdc531e40caaca259cb401d1495b33224f9292130e0ed227ad513dc2cd07
geometry/slurm_grid_etth_forecast_train_incremental/59068/norms.csv,224,097fa4270e6da9e6ba7421e750eb1c7ec716208c9c183c483c092dbea8f871df
geometry/slurm_grid_etth_forecast_train_incremental/59068/sequential_overlap.csv,93,fa6a55cf996b88a14a18b3b4a8f968ab4ab1e75836a68887cbe88568d88a781d
geometry/slurm_grid_etth_forecast_train_incremental/59069/cosine_matrix.csv,223,c0fca099dda83675dd475b099ce89e568816dcd583baabc09452a298dce70ac9
geometry/slurm_grid_etth_forecast_train_incremental/59069/cosine_vs_distance.csv,110,e0c3bc54e33e8a90cf86e7487a5a4390149f84670e787c6c46141577e6f1c64e
geometry/slurm_grid_etth_forecast_train_incremental/59069/effective_rank.csv,218,6b6a24bdd347da656040f0ddd62eb3c3257abb151ea415cd0a7d5b5bf1be5667
geometry/slurm_grid_etth_forecast_train_incremental/59069/norms.csv,225,5d44e7c915747498aa3203e3c936dd383b82963cc1c83b2089daea1c98ad54eb
geometry/slurm_grid_etth_forecast_train_incremental/59069/sequential_overlap.csv,92,8164e971138c7cdde705849572815ffe03488bba722ee83b95838ea8b7a14192
geometry/slurm_grid_etth_forecast_train_incremental/59070/cosine_matrix.csv,225,05e8c567aba1b66d8a0ee6f19fc3c53feff62798afe5e7ffe88b495d9dbdc8b7
geometry/slurm_grid_etth_forecast_train_incremental/59070/cosine_vs_distance.csv,110,b596ae1eddae8b9ae84c434921b37856b99535cf56b7cdf28609fa923605073a
geometry/slurm_grid_etth_forecast_train_incremental/59070/effective_rank.csv,219,f503c6043e58b245c4608dc7c993f2850a13dd483253c3f836349af5ab02c7dc
geometry/slurm_grid_etth_forecast_train_incremental/59070/norms.csv,225,964cb7a76636f796c8648f7fa31df56df80d55dcc585113b8d0d13679702f2fe
geometry/slurm_grid_etth_forecast_train_incremental/59070/sequential_overlap.csv,92,8cbfa797ab7f7ca5f41389ebc359a625787e55063e6a72322344471aeda033b5
geometry/slurm_grid_etth_forecast_train_incremental/59071/cosine_matrix.csv,227,d0414438fed39f063116ce79f5aad39997248e7f18016cbe15afb481e06c1131
geometry/slurm_grid_etth_forecast_train_incremental/59071/cosine_vs_distance.csv,111,227c572a202c29c69152dff3eb71c4c6499f8f1fa536ef24266b4c869ed1a3d3
geometry/slurm_grid_etth_forecast_train_incremental/59071/effective_rank.csv,217,f279fdc531e40caaca259cb401d1495b33224f9292130e0ed227ad513dc2cd07
geometry/slurm_grid_etth_forecast_train_incremental/59071/norms.csv,224,097fa4270e6da9e6ba7421e750eb1c7ec716208c9c183c483c092dbea8f871df
geometry/slurm_grid_etth_forecast_train_incremental/59071/sequential_overlap.csv,93,fa6a55cf996b88a14a18b3b4a8f968ab4ab1e75836a68887cbe88568d88a781d
geometry/slurm_grid_etth_forecast_train_incremental/59072/cosine_matrix.csv,227,c4b8a85aa5c40030e50f43f1d3c610115d7af46127c2b1b0a570bfe46a5344ea
geometry/slurm_grid_etth_forecast_train_incremental/59072/cosine_vs_distance.csv,112,a8fa5328e2c634d36cef46e0802aa4ccd16548d1918575f87417434f781d3ac6
geometry/slurm_grid_etth_forecast_train_incremental/59072/effective_rank.csv,234,fb11c2cf6ef1082530a6851128f69e716a407102adc4a233a037916b3ff80114
geometry/slurm_grid_etth_forecast_train_incremental/59072/norms.csv,225,710b97ac966100aa65d15330fd1db2f9609489e5183aa1eeec0f915b114f2fdc
geometry/slurm_grid_etth_forecast_train_incremental/59072/sequential_overlap.csv,93,b12aea8c763bbb48988ff67d44ac7ba33a993600ff7469b4478c953032adf9e1
geometry/slurm_grid_etth_forecast_train_incremental/59073/cosine_matrix.csv,225,05e8c567aba1b66d8a0ee6f19fc3c53feff62798afe5e7ffe88b495d9dbdc8b7
geometry/slurm_grid_etth_forecast_train_incremental/59073/cosine_vs_distance.csv,110,b596ae1eddae8b9ae84c434921b37856b99535cf56b7cdf28609fa923605073a
geometry/slurm_grid_etth_forecast_train_incremental/59073/effective_rank.csv,219,f503c6043e58b245c4608dc7c993f2850a13dd483253c3f836349af5ab02c7dc
geometry/slurm_grid_etth_forecast_train_incremental/59073/norms.csv,225,964cb7a76636f796c8648f7fa31df56df80d55dcc585113b8d0d13679702f2fe
geometry/slurm_grid_etth_forecast_train_incremental/59073/sequential_overlap.csv,92,8cbfa797ab7f7ca5f41389ebc359a625787e55063e6a72322344471aeda033b5
geometry/slurm_grid_etth_forecast_train_incremental/59074/cosine_matrix.csv,221,9b554a97a19435095d84cc52b28da70712fb4846ab33e614ef11dacdec14befd
geometry/slurm_grid_etth_forecast_train_incremental/59074/cosine_vs_distance.csv,109,e56887d81c640d6aa135048a76839bb313333acf5d57f30ddcd06a39128d6e78
geometry/slurm_grid_etth_forecast_train_incremental/59074/effective_rank.csv,215,db31c3659be9900e39d8709593338c437ad298d5d5a361d37b554a4442c574bc
geometry/slurm_grid_etth_forecast_train_incremental/59074/norms.csv,217,87782fedf5eec45198ba48fabcdcbf36fd21d75a26c5b7ee4d02f6e24073938b
geometry/slurm_grid_etth_forecast_train_incremental/59074/sequential_overlap.csv,91,7c809a25680edb6b922a4f142eb9022ae4b7181064fafa5f9fe4b9edefa7e8ef
geometry/slurm_grid_etth_forecast_train_incremental/59075/cosine_matrix.csv,223,b81ba182d4313efa54724eacdc81aab655e94aa9e3968cde24f556e150e9b83f
geometry/slurm_grid_etth_forecast_train_incremental/59075/cosine_vs_distance.csv,109,c62d9f342c72d91cc330b2f158bceca81455b880a7c683d8d847351cd1feac38
geometry/slurm_grid_etth_forecast_train_incremental/59075/effective_rank.csv,234,046be6856ee71e2b4ce4d98f9a9f9646ea1ab3280396a4939c209fe988b6ad7d
geometry/slurm_grid_etth_forecast_train_incremental/59075/norms.csv,228,684e2e6d0fdbbd5213d56b7979ff13e5bebe2eb4db5c3be380fc3c81d1db2b3e
geometry/slurm_grid_etth_forecast_train_incremental/59075/sequential_overlap.csv,92,7f39eaa60546fe61d0f7493f00299814d0cb628f0301812196b26395253dcadd
geometry/slurm_grid_etth_forecast_train_incremental/59077/cosine_matrix.csv,223,5780c6618c1e55b5e9514c015ead05a5ca473e47f67e3e2b256731527f3e1587
geometry/slurm_grid_etth_forecast_train_incremental/59077/cosine_vs_distance.csv,109,2bd9858890c3a85395310d57fb03bcf2d59b64ee869368e7461d479220118430
geometry/slurm_grid_etth_forecast_train_incremental/59077/effective_rank.csv,217,566df4c64288f039891add19e425fa1f5c4c6812748d0a5448340bd49fa6477c
geometry/slurm_grid_etth_forecast_train_incremental/59077/norms.csv,223,d485ab52f47521326bde28d5d09b66f29f15393f87197f503e40655819634687
geometry/slurm_grid_etth_forecast_train_incremental/59077/sequential_overlap.csv,90,8b1334ab30ab63e731fbc62230ddaf37063b47cf0fc057649c89c9776f712329
geometry/slurm_grid_etth_forecast_train_incremental/59078/cosine_matrix.csv,104,09d738b051e37b6cbfa84046322193780eee9f16616fcbc2f0367009ae27fd9b
geometry/slurm_grid_etth_forecast_train_incremental/59078/cosine_vs_distance.csv,64,84ad5f8b2ff022d9b91743275f9ddf12612084d0bae96aa2c4c786d11cd6d374
geometry/slurm_grid_etth_forecast_train_incremental/59078/effective_rank.csv,157,0bc6eec06a08fd2115bfbccd68d3cbd80ef08e9501bc731bd0932dd77e8d665b
geometry/slurm_grid_etth_forecast_train_incremental/59078/norms.csv,163,81a206c9dcaf3439ef0072a7704b665c67cc3d2a8a1f8e0a1774e04c6fff8dd4
geometry/slurm_grid_etth_forecast_train_incremental/59078/sequential_overlap.csv,60,304c55aec8a62535b5dc15dbfd80d0449b2d0354919e6535bb26ef0202beaf20
geometry/slurm_grid_etth_forecast_train_incremental/59079/cosine_matrix.csv,625,d4fe160312e32a81f783b1aaf3d100321adb8fd00363b3c1bb3125154830efca
geometry/slurm_grid_etth_forecast_train_incremental/59079/cosine_vs_distance.csv,201,c6d3b38851c82c2e73d3c261df33db61dd00ad4d33ba0b7764b1af3057858baf
geometry/slurm_grid_etth_forecast_train_incremental/59079/effective_rank.csv,341,cbfa65e64c690fceca105952eab8ead23bbb4c280593e009fe2854bfd469ff80
geometry/slurm_grid_etth_forecast_train_incremental/59079/norms.csv,345,e97d601f3f200f89e66825011d2ec40021ac9fda6496abe5d21d70acd227d3e0
geometry/slurm_grid_etth_forecast_train_incremental/59079/sequential_overlap.csv,151,99525dbae2f77c2fa8f8f1cad81a64aca45a6c725392c4fd60f4527f096e88c4
geometry/slurm_grid_etth_forecast_train_incremental/59110/cosine_matrix.csv,106,3ce30af344afba19429b3e8f36241b22505ee0909cd289d7f102f3de50cfbe7a
geometry/slurm_grid_etth_forecast_train_incremental/59110/cosine_vs_distance.csv,65,17596870e97fadc9d4e2542ddd9d191c65bdda95dcff604d579d91d4081cf3d3
geometry/slurm_grid_etth_forecast_train_incremental/59110/effective_rank.csv,156,bf2fcca464b5410773b81ad2439c93671dad2137888b2d46dad0582d1aa1637d
geometry/slurm_grid_etth_forecast_train_incremental/59110/norms.csv,164,e60d7d9474208726cd59a55abde47328de21573b361cd1dc927ac5e2f957b713
geometry/slurm_grid_etth_forecast_train_incremental/59110/sequential_overlap.csv,62,63ec6fa605ae891fdad1310f92c5d65dd13b8f24598e9d13f2c7d4460041b42f
geometry/slurm_grid_psm_train_incremental/58957/cosine_matrix.csv,221,d3885afebbd76de818aa23cb566312dd6de169e1d60b04c79ed9a57c9f86bd41
geometry/slurm_grid_psm_train_incremental/58957/cosine_vs_distance.csv,111,1f7657eb5edbe7aa68f16ae38b026b4121a7386bf3c3d94f54650d357cdd52b4
geometry/slurm_grid_psm_train_incremental/58957/effective_rank.csv,220,6cd409bd02403fdc7137a368943d2f8f8210f95538d0f6150b0c0c6e02fc128e
geometry/slurm_grid_psm_train_incremental/58957/norms.csv,225,914d1aeca4ae129e468ed0971ba620be63f8a07dfd684339b5754fbaffc15672
geometry/slurm_grid_psm_train_incremental/58957/sequential_overlap.csv,91,0791cdcc00ebe37500a274f5f95427e6f923a83314fde7c2019f6591a6653456
geometry/slurm_grid_psm_train_incremental/58958/cosine_matrix.csv,225,658a50f222366f8afb52f1e1f2c831fdd71f010b62d07380ed4e56ccf803ad86
geometry/slurm_grid_psm_train_incremental/58958/cosine_vs_distance.csv,111,1965d7044f3f3c97723376cb161f37c65b93f2c0eb700e3a839626f965b3f0bd
geometry/slurm_grid_psm_train_incremental/58958/effective_rank.csv,235,f6a99814e7cab5ea87d9642ed8edd6c25d24efe5747a0a94f8eb078e63659940
geometry/slurm_grid_psm_train_incremental/58958/norms.csv,226,f15547476f9020d871252e8afcbeeccea6a43c1f726496d9b5395443120aa7b9
geometry/slurm_grid_psm_train_incremental/58958/sequential_overlap.csv,91,54aa7e46ed1555f12ee554afc01b460c4d966938dd863bab6cf103c2d3ae13db
geometry/slurm_grid_psm_train_incremental/58959/cosine_matrix.csv,221,21bff086f750e82e23beff9477cc0ff02b8bf839aebc8710f5e5fe11331eea44
geometry/slurm_grid_psm_train_incremental/58959/cosine_vs_distance.csv,110,207a3d6f5c83f55987b0a02c8dcfb4944356d5600bc987d2a3975ba870401c2b
geometry/slurm_grid_psm_train_incremental/58959/effective_rank.csv,220,1cac6520d22d81c05a4276a8ef6a0ef93e1e5bf568a0afdccff7f5f7bfb3196d
geometry/slurm_grid_psm_train_incremental/58959/norms.csv,225,72ce96de1df1d055f7b014178fd76030c4c8dbc0d81a8057beccc7ff31325778
geometry/slurm_grid_psm_train_incremental/58959/sequential_overlap.csv,90,f49171e2336080b8155d8aad7c4b3ce345d81e59d207800ad2295a43473ae61c
geometry/slurm_grid_psm_train_incremental/58960/cosine_matrix.csv,221,d3885afebbd76de818aa23cb566312dd6de169e1d60b04c79ed9a57c9f86bd41
geometry/slurm_grid_psm_train_incremental/58960/cosine_vs_distance.csv,111,1f7657eb5edbe7aa68f16ae38b026b4121a7386bf3c3d94f54650d357cdd52b4
geometry/slurm_grid_psm_train_incremental/58960/effective_rank.csv,220,6cd409bd02403fdc7137a368943d2f8f8210f95538d0f6150b0c0c6e02fc128e
geometry/slurm_grid_psm_train_incremental/58960/norms.csv,225,914d1aeca4ae129e468ed0971ba620be63f8a07dfd684339b5754fbaffc15672
geometry/slurm_grid_psm_train_incremental/58960/sequential_overlap.csv,91,0791cdcc00ebe37500a274f5f95427e6f923a83314fde7c2019f6591a6653456
geometry/slurm_grid_psm_train_incremental/58961/cosine_matrix.csv,225,658a50f222366f8afb52f1e1f2c831fdd71f010b62d07380ed4e56ccf803ad86
geometry/slurm_grid_psm_train_incremental/58961/cosine_vs_distance.csv,111,1965d7044f3f3c97723376cb161f37c65b93f2c0eb700e3a839626f965b3f0bd
geometry/slurm_grid_psm_train_incremental/58961/effective_rank.csv,235,f6a99814e7cab5ea87d9642ed8edd6c25d24efe5747a0a94f8eb078e63659940
geometry/slurm_grid_psm_train_incremental/58961/norms.csv,226,f15547476f9020d871252e8afcbeeccea6a43c1f726496d9b5395443120aa7b9
geometry/slurm_grid_psm_train_incremental/58961/sequential_overlap.csv,91,54aa7e46ed1555f12ee554afc01b460c4d966938dd863bab6cf103c2d3ae13db
geometry/slurm_grid_psm_train_incremental/58962/cosine_matrix.csv,221,21bff086f750e82e23beff9477cc0ff02b8bf839aebc8710f5e5fe11331eea44
geometry/slurm_grid_psm_train_incremental/58962/cosine_vs_distance.csv,110,207a3d6f5c83f55987b0a02c8dcfb4944356d5600bc987d2a3975ba870401c2b
geometry/slurm_grid_psm_train_incremental/58962/effective_rank.csv,220,1cac6520d22d81c05a4276a8ef6a0ef93e1e5bf568a0afdccff7f5f7bfb3196d
geometry/slurm_grid_psm_train_incremental/58962/norms.csv,225,72ce96de1df1d055f7b014178fd76030c4c8dbc0d81a8057beccc7ff31325778
geometry/slurm_grid_psm_train_incremental/58962/sequential_overlap.csv,90,f49171e2336080b8155d8aad7c4b3ce345d81e59d207800ad2295a43473ae61c
geometry/slurm_grid_psm_train_incremental/58963/cosine_matrix.csv,221,d3885afebbd76de818aa23cb566312dd6de169e1d60b04c79ed9a57c9f86bd41
geometry/slurm_grid_psm_train_incremental/58963/cosine_vs_distance.csv,111,1f7657eb5edbe7aa68f16ae38b026b4121a7386bf3c3d94f54650d357cdd52b4
geometry/slurm_grid_psm_train_incremental/58963/effective_rank.csv,220,6cd409bd02403fdc7137a368943d2f8f8210f95538d0f6150b0c0c6e02fc128e
geometry/slurm_grid_psm_train_incremental/58963/norms.csv,225,914d1aeca4ae129e468ed0971ba620be63f8a07dfd684339b5754fbaffc15672
geometry/slurm_grid_psm_train_incremental/58963/sequential_overlap.csv,91,0791cdcc00ebe37500a274f5f95427e6f923a83314fde7c2019f6591a6653456
geometry/slurm_grid_psm_train_incremental/58964/cosine_matrix.csv,225,658a50f222366f8afb52f1e1f2c831fdd71f010b62d07380ed4e56ccf803ad86
geometry/slurm_grid_psm_train_incremental/58964/cosine_vs_distance.csv,111,1965d7044f3f3c97723376cb161f37c65b93f2c0eb700e3a839626f965b3f0bd
geometry/slurm_grid_psm_train_incremental/58964/effective_rank.csv,235,f6a99814e7cab5ea87d9642ed8edd6c25d24efe5747a0a94f8eb078e63659940
geometry/slurm_grid_psm_train_incremental/58964/norms.csv,226,f15547476f9020d871252e8afcbeeccea6a43c1f726496d9b5395443120aa7b9
geometry/slurm_grid_psm_train_incremental/58964/sequential_overlap.csv,91,54aa7e46ed1555f12ee554afc01b460c4d966938dd863bab6cf103c2d3ae13db
geometry/slurm_grid_psm_train_incremental/58965/cosine_matrix.csv,221,21bff086f750e82e23beff9477cc0ff02b8bf839aebc8710f5e5fe11331eea44
geometry/slurm_grid_psm_train_incremental/58965/cosine_vs_distance.csv,110,207a3d6f5c83f55987b0a02c8dcfb4944356d5600bc987d2a3975ba870401c2b
geometry/slurm_grid_psm_train_incremental/58965/effective_rank.csv,220,1cac6520d22d81c05a4276a8ef6a0ef93e1e5bf568a0afdccff7f5f7bfb3196d
geometry/slurm_grid_psm_train_incremental/58965/norms.csv,225,72ce96de1df1d055f7b014178fd76030c4c8dbc0d81a8057beccc7ff31325778
geometry/slurm_grid_psm_train_incremental/58965/sequential_overlap.csv,90,f49171e2336080b8155d8aad7c4b3ce345d81e59d207800ad2295a43473ae61c
geometry/slurm_grid_psm_train_incremental/58966/cosine_matrix.csv,221,3ad7332e02cc9c557993b2dd6d2b45eb37a54c15f5e846d49c19b57e8175a36b
geometry/slurm_grid_psm_train_incremental/58966/cosine_vs_distance.csv,108,86cf7202c9f5aacf3619c2ffd308cb23e08c2aa4e7191d1a4eddfc4aa15c253e
geometry/slurm_grid_psm_train_incremental/58966/effective_rank.csv,215,416c29f42cb175138bf80021e2ee79f033eb14e9b37ec75c05ea2135452d769e
geometry/slurm_grid_psm_train_incremental/58966/norms.csv,224,c70094fb01b00f52e9ba2ce4abdfeacc95c7cf2e9f980f33836e3487c619e2ec
geometry/slurm_grid_psm_train_incremental/58966/sequential_overlap.csv,90,0ee9848390b23f3e1b99ea6f9e44bfde546cbb574c41901f9ec1557629ef8699
geometry/slurm_grid_psm_train_incremental/58967/cosine_matrix.csv,223,f23bc76e13ed499d947c5da2f4bb5babb3ce43f73271c5c339159272ebc2ca10
geometry/slurm_grid_psm_train_incremental/58967/cosine_vs_distance.csv,106,ca39ef89e8bd8aeaff2a5f52febd39c5f722a567c5fff46302e73f3234f6d8b7
geometry/slurm_grid_psm_train_incremental/58967/effective_rank.csv,218,de8a348a496c8a5ae178f3f9e19f423dc6c226b3e4141e2f6e4c7927552876fa
geometry/slurm_grid_psm_train_incremental/58967/norms.csv,228,fe98c8272d98f00327f4886b66943cb24c222ce49eb257287c58b5f0cb7ce661
geometry/slurm_grid_psm_train_incremental/58967/sequential_overlap.csv,89,d493ed813cd290eeb1250608e3fbf867c3f95653b1d1a9bfb332f81b56e82eef
geometry/slurm_grid_psm_train_incremental/58968/cosine_matrix.csv,223,f1f29e7b02e10452b2947bea6440154792cbd6db999cf1c700f872929d4fe114
geometry/slurm_grid_psm_train_incremental/58968/cosine_vs_distance.csv,109,b7fb909348203d24ba2c1fb625eee130dd53e5ec08625f3a3fa799a8ff0b006d
geometry/slurm_grid_psm_train_incremental/58968/effective_rank.csv,233,b676803c3bf156b3ca90a7411f61c25f3f4c516ac2f94671e688d4723fdce20c
geometry/slurm_grid_psm_train_incremental/58968/norms.csv,224,bffa073b7fa6968964ba74610d11ebd4a92153c4a3a45410f1d9801cb588d673
geometry/slurm_grid_psm_train_incremental/58968/sequential_overlap.csv,90,1bc18af3815c3f6e8ba478c1efc4028dc3ad5d231148a7eec1983b6affcff06a
geometry/slurm_grid_psm_train_incremental/58969/cosine_matrix.csv,221,fa3dbb166a57c9e74bb4f981119ed7ad58f1a680220ae4b706cfd844a1d2e0f3
geometry/slurm_grid_psm_train_incremental/58969/cosine_vs_distance.csv,110,0cde1f533632ad564dcc508adfcba2b155ba927bd64a6d80c98c38ae443e58fc
geometry/slurm_grid_psm_train_incremental/58969/effective_rank.csv,217,6016133ebe2e431d8a5599e8683d978032375d3e50f85311bde551e2f9bdd662
geometry/slurm_grid_psm_train_incremental/58969/norms.csv,226,a66d8ea9be7460721228eb35f18975396de9f6ef29edd5dfd7558f51d9002a1c
geometry/slurm_grid_psm_train_incremental/58969/sequential_overlap.csv,91,c5f7229b10b7815209e4af13383c2c05968c77bf5ee558a86c962076644a92b1
geometry/slurm_grid_psm_train_incremental/58970/cosine_matrix.csv,104,427c937a6f58f88e3cc879f2740789e2d0219f979111c595d0ca71bb49e66f75
geometry/slurm_grid_psm_train_incremental/58970/cosine_vs_distance.csv,64,76ea602507c78dd37f375b99466c6c46adae2bcbe3376c5af4965e6038906680
geometry/slurm_grid_psm_train_incremental/58970/effective_rank.csv,156,96e72a583f4e7471fe6c9c44e929b238c95d157280d840776cb8ceec86569bc7
geometry/slurm_grid_psm_train_incremental/58970/norms.csv,164,a040e1a8819ef283ad034fc93674f1fff4ea8b84864b3575b9e339d1fa8406b5
geometry/slurm_grid_psm_train_incremental/58970/sequential_overlap.csv,62,85ecacf34031e64c8bb0ba28c2db858c83d8e10962832c0bdb38a54ed431ff82
geometry/slurm_grid_psm_train_incremental/58971/cosine_matrix.csv,609,33c7d21baf83bc49a388f15c1bf5ecbedcc64b16623ebbf8919e0e51bc649f20
geometry/slurm_grid_psm_train_incremental/58971/cosine_vs_distance.csv,197,a7c1e4ef278d3496e0248f9757b775d8ca328f3716d78e3bcd4e2b02ba327b5c
geometry/slurm_grid_psm_train_incremental/58971/effective_rank.csv,345,4e986de30fc755ec2894186e42478f635bba4391cf1dd51563ea78ceb55c7fcd
geometry/slurm_grid_psm_train_incremental/58971/norms.csv,353,c1d421abf5c3c93a6480601081e1cd7ddeb7f5fb2ed6d9cd3925d0627cf9ad66
geometry/slurm_grid_psm_train_incremental/58971/sequential_overlap.csv,148,c9790fa29ff8a32fc8fa79998cb3cca2df83f74de25b7737ac9f80cf4d6ec0e8
geometry/slurm_grid_psm_train_incremental/59095/cosine_matrix.csv,221,0cfdef8dd6af3c72d4f6d76a21697fa04ffecc83cdf81e0d2be06835bf9d7e13
geometry/slurm_grid_psm_train_incremental/59095/cosine_vs_distance.csv,110,76696cfad779bcf94642b75807b0787f6455ed8762da9a301ff0062e71abefe6
geometry/slurm_grid_psm_train_incremental/59095/effective_rank.csv,218,87f4959efce02b3821f555b57cb6b15926976ff18d8ea39450bcd5aa48f6a970
geometry/slurm_grid_psm_train_incremental/59095/norms.csv,225,b531c57d0dae88f93d90c786d277cc94c10559a4ed68fa650a29d22cbb7d8abb
geometry/slurm_grid_psm_train_incremental/59095/sequential_overlap.csv,90,9e89f483dc1aed60840919534edf1a5759546520b30abb5ceb624c64c3621976
geometry/slurm_grid_psm_train_incremental/59096/cosine_matrix.csv,219,d95dbe5219108149d9b17353b66c16bde19fedbac4cd60a5a1ec358a46afc512
geometry/slurm_grid_psm_train_incremental/59096/cosine_vs_distance.csv,108,a6777cc99bd14e9c00a6f6151bc10a16c640cffb1e330a26f7e08343383fb39b
geometry/slurm_grid_psm_train_incremental/59096/effective_rank.csv,219,a68e71682cd77d8a6a9662a33b9bab24e3d61707e36be829dfd53d1cff145014
geometry/slurm_grid_psm_train_incremental/59096/norms.csv,225,7bc16527b066a6f01acde2b23dcb28a5f7f71ef2cdce108fd3ff667acfc7ef83
geometry/slurm_grid_psm_train_incremental/59096/sequential_overlap.csv,90,293ce05d66296526adb933a1b5235f840781c93b5aa81bdf005095face809097
geometry/slurm_grid_psm_train_incremental/59097/cosine_matrix.csv,219,25709105a73821e7988e118891c30d85fd59bcf7a7f1a1ef016507f02e190387
geometry/slurm_grid_psm_train_incremental/59097/cosine_vs_distance.csv,108,00beeaaa72d1a5851098adfc229f811504d6d3ee863feb9d978a7685e1b9559d
geometry/slurm_grid_psm_train_incremental/59097/effective_rank.csv,218,6bcf032a8b06b6bf9e28b8e5f32014d86c4c8cac177f3104569a7f7b677ebb0d
geometry/slurm_grid_psm_train_incremental/59097/norms.csv,226,c0502cf34c518c1dc5fb201d346cfa59eaa0bc3f12b500a5224ace3399513987
geometry/slurm_grid_psm_train_incremental/59097/sequential_overlap.csv,91,c7aa917e8354e3914ecf19be1d96db2c3158e84228f47f8394430c787697b308
geometry/slurm_grid_psm_train_incremental/59098/cosine_matrix.csv,221,076b9c104dedfb1513f3c07d27220ae38389e311bb4ef65b156184d591d889a0
geometry/slurm_grid_psm_train_incremental/59098/cosine_vs_distance.csv,108,ad0a63c7396e3961a53c71054347d2d8c60337014e82490f796f620c9895b5bc
geometry/slurm_grid_psm_train_incremental/59098/effective_rank.csv,234,6b79ee9f1b5171fc97a23d11ce44bb5fa9a42a3e7de3fd4e59b60d5984d3abff
geometry/slurm_grid_psm_train_incremental/59098/norms.csv,226,9730824bd62066e97400a5761e564eb89e23fcf9c69f75dd5ab273bf006492db
geometry/slurm_grid_psm_train_incremental/59098/sequential_overlap.csv,90,6bd9ddd5234ffc6e1019fa67122b643ff898bf24ae9a0c99521f408482e0e5bc
geometry/slurm_grid_psm_train_incremental/59099/cosine_matrix.csv,219,d95dbe5219108149d9b17353b66c16bde19fedbac4cd60a5a1ec358a46afc512
geometry/slurm_grid_psm_train_incremental/59099/cosine_vs_distance.csv,108,a6777cc99bd14e9c00a6f6151bc10a16c640cffb1e330a26f7e08343383fb39b
geometry/slurm_grid_psm_train_incremental/59099/effective_rank.csv,219,a68e71682cd77d8a6a9662a33b9bab24e3d61707e36be829dfd53d1cff145014
geometry/slurm_grid_psm_train_incremental/59099/norms.csv,225,7bc16527b066a6f01acde2b23dcb28a5f7f71ef2cdce108fd3ff667acfc7ef83
geometry/slurm_grid_psm_train_incremental/59099/sequential_overlap.csv,90,293ce05d66296526adb933a1b5235f840781c93b5aa81bdf005095face809097
geometry/slurm_grid_psm_train_incremental/59100/cosine_matrix.csv,219,25709105a73821e7988e118891c30d85fd59bcf7a7f1a1ef016507f02e190387
geometry/slurm_grid_psm_train_incremental/59100/cosine_vs_distance.csv,108,00beeaaa72d1a5851098adfc229f811504d6d3ee863feb9d978a7685e1b9559d
geometry/slurm_grid_psm_train_incremental/59100/effective_rank.csv,218,6bcf032a8b06b6bf9e28b8e5f32014d86c4c8cac177f3104569a7f7b677ebb0d
geometry/slurm_grid_psm_train_incremental/59100/norms.csv,226,c0502cf34c518c1dc5fb201d346cfa59eaa0bc3f12b500a5224ace3399513987
geometry/slurm_grid_psm_train_incremental/59100/sequential_overlap.csv,91,c7aa917e8354e3914ecf19be1d96db2c3158e84228f47f8394430c787697b308
geometry/slurm_grid_psm_train_incremental/59101/cosine_matrix.csv,221,0cfdef8dd6af3c72d4f6d76a21697fa04ffecc83cdf81e0d2be06835bf9d7e13
geometry/slurm_grid_psm_train_incremental/59101/cosine_vs_distance.csv,110,76696cfad779bcf94642b75807b0787f6455ed8762da9a301ff0062e71abefe6
geometry/slurm_grid_psm_train_incremental/59101/effective_rank.csv,218,87f4959efce02b3821f555b57cb6b15926976ff18d8ea39450bcd5aa48f6a970
geometry/slurm_grid_psm_train_incremental/59101/norms.csv,225,b531c57d0dae88f93d90c786d277cc94c10559a4ed68fa650a29d22cbb7d8abb
geometry/slurm_grid_psm_train_incremental/59101/sequential_overlap.csv,90,9e89f483dc1aed60840919534edf1a5759546520b30abb5ceb624c64c3621976
geometry/slurm_grid_psm_train_incremental/59102/cosine_matrix.csv,221,0e1d2482b09d4e28cde62ca13a646b0604b8aaffba74e8689a010a4fc2e83367
geometry/slurm_grid_psm_train_incremental/59102/cosine_vs_distance.csv,108,d4b6df03421fc04532496354c51ccebeda2b21bdba035b02879658f86aeb8f83
geometry/slurm_grid_psm_train_incremental/59102/effective_rank.csv,219,ebc0c95e1f55d9829bc905720025247c353ad517ffac8ac3983cfe7665a6e347
geometry/slurm_grid_psm_train_incremental/59102/norms.csv,228,f8585d703c6968c50479f3da4c9cf0e67d296a0251d62d9f0b23a7bfff5ba38b
geometry/slurm_grid_psm_train_incremental/59102/sequential_overlap.csv,89,91afacd5258a492636a97488bc1ff153916936776c6c71e3ec22d1dccc8c9db3
geometry/slurm_grid_psm_train_incremental/59103/cosine_matrix.csv,219,25709105a73821e7988e118891c30d85fd59bcf7a7f1a1ef016507f02e190387
geometry/slurm_grid_psm_train_incremental/59103/cosine_vs_distance.csv,108,00beeaaa72d1a5851098adfc229f811504d6d3ee863feb9d978a7685e1b9559d
geometry/slurm_grid_psm_train_incremental/59103/effective_rank.csv,218,6bcf032a8b06b6bf9e28b8e5f32014d86c4c8cac177f3104569a7f7b677ebb0d
geometry/slurm_grid_psm_train_incremental/59103/norms.csv,226,c0502cf34c518c1dc5fb201d346cfa59eaa0bc3f12b500a5224ace3399513987
geometry/slurm_grid_psm_train_incremental/59103/sequential_overlap.csv,91,c7aa917e8354e3914ecf19be1d96db2c3158e84228f47f8394430c787697b308
geometry/slurm_grid_psm_train_incremental/59104/cosine_matrix.csv,219,96a0bf94f93238bf77a6564f02eb2f26d4392fff14370dd1189d007cd6c144aa
geometry/slurm_grid_psm_train_incremental/59104/cosine_vs_distance.csv,109,9f7cf2dc99d489a9f9ad5e7942d69b33b419e31e8e21862df5cd3e9faeb52ff3
geometry/slurm_grid_psm_train_incremental/59104/effective_rank.csv,217,3510a2dac986ab4516f9f304d687a0128ac7ce3cc26469d83a6ce0515cd5ff8e
geometry/slurm_grid_psm_train_incremental/59104/norms.csv,226,32c6fe11a7f6ba6763d16c60161346dc6792704926fcfbb2c488137538254003
geometry/slurm_grid_psm_train_incremental/59104/sequential_overlap.csv,90,7016e10b8cfc3354dfa2baeeb6744a61c1f593fa37b14390f33bf481436c045a
geometry/slurm_grid_psm_train_incremental/59105/cosine_matrix.csv,219,087b9adfffe973eaa17d536fbb46594722eab742aa597ae538d59ddae24ec56f
geometry/slurm_grid_psm_train_incremental/59105/cosine_vs_distance.csv,110,829a3a7ac0b9577147f817b8191f1ed7d34f4ff649cf0ad8e12e989a929854b9
geometry/slurm_grid_psm_train_incremental/59105/effective_rank.csv,218,002c30609515534dfc99350e886216c6177dee4c7b8514ff72acf65853475966
geometry/slurm_grid_psm_train_incremental/59105/norms.csv,226,64351d2cd854a3f7cba463aa3261860d126c3b8a0a97ac8da249a766bdc79044
geometry/slurm_grid_psm_train_incremental/59105/sequential_overlap.csv,91,0a55f404529e1f945f211f1cd9613c814759d14fc457c3177b45dceaef491982
geometry/slurm_grid_psm_train_incremental/59106/cosine_matrix.csv,219,cc3fa568370cf86671b62abe2eb293986afc8f936e79a73c8f97ef171df4f6c0
geometry/slurm_grid_psm_train_incremental/59106/cosine_vs_distance.csv,110,b6c8b9432913471a5db795faa85976269c1562bc7ae3ae8da95a4c047f115e50
geometry/slurm_grid_psm_train_incremental/59106/effective_rank.csv,233,2a136a5e4e4cb041f2284a4c1a2ef5219c4f8634732f39ee6110b6da01813b07
geometry/slurm_grid_psm_train_incremental/59106/norms.csv,225,2e134fbaeb909499ccd2b9a595f7f72f8e220462b141b05a9f4512155c533ec8
geometry/slurm_grid_psm_train_incremental/59106/sequential_overlap.csv,89,43ec2d2a9f805ab3688963fa62f257189ccba92ca5d73fb605e4b442c21383f5
geometry/slurm_grid_psm_train_incremental/59107/cosine_matrix.csv,223,fe1198f9e0e7170fcb4cce957e1edab40e1b3cf02d257eea936f6e2d1ca233e1
geometry/slurm_grid_psm_train_incremental/59107/cosine_vs_distance.csv,107,104428ecd26cc9beb5788ec97f81c07dabf2520e40357d227ffc5c85e49e8e67
geometry/slurm_grid_psm_train_incremental/59107/effective_rank.csv,219,9fbf0dedffeb89e1b94837594ae03d095f46cea54d914333bf9eeb789af0f33f
geometry/slurm_grid_psm_train_incremental/59107/norms.csv,225,4c270cb41b33ecb63732855552dec3fd63bafed0ad091a5719233384888f1a0f
geometry/slurm_grid_psm_train_incremental/59107/sequential_overlap.csv,89,36ef59aa89829153e99f22818d684938709117719cee63fe59c5db69c15a3b5f
geometry/slurm_grid_psm_train_incremental/59108/cosine_matrix.csv,104,dd57e438f8b34a1db127d422842fb7ff1babf5deac0c508279956ba125d1d7fb
geometry/slurm_grid_psm_train_incremental/59108/cosine_vs_distance.csv,64,3908076e83da3221f624ae039c2e3dfdb80a97d651467f12a02ef435a65f9136
geometry/slurm_grid_psm_train_incremental/59108/effective_rank.csv,156,414fc76cb8adee590cb915a688d6e166a34f5b8a8b5b6a7e6f9b796022b96dea
geometry/slurm_grid_psm_train_incremental/59108/norms.csv,164,8639e990980935c989c34532121e9f82461f6325fbbc64bc6c8ebd8dc10faa9c
geometry/slurm_grid_psm_train_incremental/59108/sequential_overlap.csv,62,e8934dd65240a36f703742366d6dd11af5a94cfa874b20d440042df0472ea0a2
geometry/slurm_grid_psm_train_incremental/59109/cosine_matrix.csv,619,bcd9e6b2bcd5551caf951cc5b03bab07284adba42a5b54b81a481f0fa46d28ec
geometry/slurm_grid_psm_train_incremental/59109/cosine_vs_distance.csv,198,3c2ff4f1373a50aebb3c941442da4b54686e9517df14eaecd6ff88677de80901
geometry/slurm_grid_psm_train_incremental/59109/effective_rank.csv,358,632a8aa560790c05c704c9fee91cdd5c61b4940549b44447d49068e81b023cad
geometry/slurm_grid_psm_train_incremental/59109/norms.csv,355,9d3e34537a1716fd5d4bbb8d2649ed7cfc3cb7a7943fdc351e4a9f758f114372
geometry/slurm_grid_psm_train_incremental/59109/sequential_overlap.csv,147,15a6fede02aec99598fc13cf45dbb4cf1a98e5c61ff12b432c67e30b72b5a87a
geometry/slurm_grid_swat_train_incremental/58935/cosine_matrix.csv,219,0e85724237aaaec68e7c336f70d01a116d7ddf79d146fe603b721aee5502494e
geometry/slurm_grid_swat_train_incremental/58935/cosine_vs_distance.csv,107,8d786e2c248f2b54e1fe65107b57022c0634ed0f29bd08d3c4e38849c378aa74
geometry/slurm_grid_swat_train_incremental/58935/effective_rank.csv,220,2c4d5797fb32e0d310aec28a8a553f6def1c3db2160cdbd75dcb6a47e5dd75d1
geometry/slurm_grid_swat_train_incremental/58935/norms.csv,229,fcb6fbee7423bb700ee79a3f713f231f3e4d0654c75170ffcb09d039e8bc53f6
geometry/slurm_grid_swat_train_incremental/58935/sequential_overlap.csv,89,f289ac75f55e5acca290ea9aea8c66980c07cbcb3e946b0c4523e5b90e0368da
geometry/slurm_grid_swat_train_incremental/58936/cosine_matrix.csv,219,908f3a4a2356b874b79d72dd65428aec16dc1855cf2c5d5bd4768c08b546bd2d
geometry/slurm_grid_swat_train_incremental/58936/cosine_vs_distance.csv,107,4cb7b2cba45dde391a9d4e3e780dc443da296cceb2de800554ef415915fcfd7e
geometry/slurm_grid_swat_train_incremental/58936/effective_rank.csv,234,e05e9a51a1e4330cdd0d32b0f890010fde102ccffdd6103d7e3638c38dd7af54
geometry/slurm_grid_swat_train_incremental/58936/norms.csv,229,2a76fd461a854b55f9b46ada54763df4aa0ae54c1b46fee1fd9cb230b2972a4d
geometry/slurm_grid_swat_train_incremental/58936/sequential_overlap.csv,88,6a2b1493174a070b2e2ac648b670208f5c702c197bf49f099411a32242e85370
geometry/slurm_grid_swat_train_incremental/58937/cosine_matrix.csv,219,86e2830626dce286170dc031fa3799649e4105ffb57fbeb9f6e518af1e889df2
geometry/slurm_grid_swat_train_incremental/58937/cosine_vs_distance.csv,107,e7deaf54d5beba0e1e079f74ba78183c7ee9ebd345add6478a070f555253636c
geometry/slurm_grid_swat_train_incremental/58937/effective_rank.csv,219,8d02dba92cd59916ae4b161b044ecce14d9d2981c261b43ba7af9e973b2a9775
geometry/slurm_grid_swat_train_incremental/58937/norms.csv,231,7b1832888b339182049ce3ea114f890dac40287fe93e5b836ca5daddab544f88
geometry/slurm_grid_swat_train_incremental/58937/sequential_overlap.csv,89,8d8844ec6936f7491ec93c7aa37b0453d6442edd8e28f30d819b5487e34a3c10
geometry/slurm_grid_swat_train_incremental/58938/cosine_matrix.csv,219,0e85724237aaaec68e7c336f70d01a116d7ddf79d146fe603b721aee5502494e
geometry/slurm_grid_swat_train_incremental/58938/cosine_vs_distance.csv,107,8d786e2c248f2b54e1fe65107b57022c0634ed0f29bd08d3c4e38849c378aa74
geometry/slurm_grid_swat_train_incremental/58938/effective_rank.csv,220,2c4d5797fb32e0d310aec28a8a553f6def1c3db2160cdbd75dcb6a47e5dd75d1
geometry/slurm_grid_swat_train_incremental/58938/norms.csv,229,fcb6fbee7423bb700ee79a3f713f231f3e4d0654c75170ffcb09d039e8bc53f6
geometry/slurm_grid_swat_train_incremental/58938/sequential_overlap.csv,89,f289ac75f55e5acca290ea9aea8c66980c07cbcb3e946b0c4523e5b90e0368da
geometry/slurm_grid_swat_train_incremental/58939/cosine_matrix.csv,219,908f3a4a2356b874b79d72dd65428aec16dc1855cf2c5d5bd4768c08b546bd2d
geometry/slurm_grid_swat_train_incremental/58939/cosine_vs_distance.csv,107,4cb7b2cba45dde391a9d4e3e780dc443da296cceb2de800554ef415915fcfd7e
geometry/slurm_grid_swat_train_incremental/58939/effective_rank.csv,234,e05e9a51a1e4330cdd0d32b0f890010fde102ccffdd6103d7e3638c38dd7af54
geometry/slurm_grid_swat_train_incremental/58939/norms.csv,229,2a76fd461a854b55f9b46ada54763df4aa0ae54c1b46fee1fd9cb230b2972a4d
geometry/slurm_grid_swat_train_incremental/58939/sequential_overlap.csv,88,6a2b1493174a070b2e2ac648b670208f5c702c197bf49f099411a32242e85370
geometry/slurm_grid_swat_train_incremental/58940/cosine_matrix.csv,219,86e2830626dce286170dc031fa3799649e4105ffb57fbeb9f6e518af1e889df2
geometry/slurm_grid_swat_train_incremental/58940/cosine_vs_distance.csv,107,e7deaf54d5beba0e1e079f74ba78183c7ee9ebd345add6478a070f555253636c
geometry/slurm_grid_swat_train_incremental/58940/effective_rank.csv,219,8d02dba92cd59916ae4b161b044ecce14d9d2981c261b43ba7af9e973b2a9775
geometry/slurm_grid_swat_train_incremental/58940/norms.csv,231,7b1832888b339182049ce3ea114f890dac40287fe93e5b836ca5daddab544f88
geometry/slurm_grid_swat_train_incremental/58940/sequential_overlap.csv,89,8d8844ec6936f7491ec93c7aa37b0453d6442edd8e28f30d819b5487e34a3c10
geometry/slurm_grid_swat_train_incremental/58941/cosine_matrix.csv,219,0e85724237aaaec68e7c336f70d01a116d7ddf79d146fe603b721aee5502494e
geometry/slurm_grid_swat_train_incremental/58941/cosine_vs_distance.csv,107,8d786e2c248f2b54e1fe65107b57022c0634ed0f29bd08d3c4e38849c378aa74
geometry/slurm_grid_swat_train_incremental/58941/effective_rank.csv,220,2c4d5797fb32e0d310aec28a8a553f6def1c3db2160cdbd75dcb6a47e5dd75d1
geometry/slurm_grid_swat_train_incremental/58941/norms.csv,229,fcb6fbee7423bb700ee79a3f713f231f3e4d0654c75170ffcb09d039e8bc53f6
geometry/slurm_grid_swat_train_incremental/58941/sequential_overlap.csv,89,f289ac75f55e5acca290ea9aea8c66980c07cbcb3e946b0c4523e5b90e0368da
geometry/slurm_grid_swat_train_incremental/58942/cosine_matrix.csv,219,908f3a4a2356b874b79d72dd65428aec16dc1855cf2c5d5bd4768c08b546bd2d
geometry/slurm_grid_swat_train_incremental/58942/cosine_vs_distance.csv,107,4cb7b2cba45dde391a9d4e3e780dc443da296cceb2de800554ef415915fcfd7e
geometry/slurm_grid_swat_train_incremental/58942/effective_rank.csv,234,e05e9a51a1e4330cdd0d32b0f890010fde102ccffdd6103d7e3638c38dd7af54
geometry/slurm_grid_swat_train_incremental/58942/norms.csv,229,2a76fd461a854b55f9b46ada54763df4aa0ae54c1b46fee1fd9cb230b2972a4d
geometry/slurm_grid_swat_train_incremental/58942/sequential_overlap.csv,88,6a2b1493174a070b2e2ac648b670208f5c702c197bf49f099411a32242e85370
geometry/slurm_grid_swat_train_incremental/58943/cosine_matrix.csv,219,86e2830626dce286170dc031fa3799649e4105ffb57fbeb9f6e518af1e889df2
geometry/slurm_grid_swat_train_incremental/58943/cosine_vs_distance.csv,107,e7deaf54d5beba0e1e079f74ba78183c7ee9ebd345add6478a070f555253636c
geometry/slurm_grid_swat_train_incremental/58943/effective_rank.csv,219,8d02dba92cd59916ae4b161b044ecce14d9d2981c261b43ba7af9e973b2a9775
geometry/slurm_grid_swat_train_incremental/58943/norms.csv,231,7b1832888b339182049ce3ea114f890dac40287fe93e5b836ca5daddab544f88
geometry/slurm_grid_swat_train_incremental/58943/sequential_overlap.csv,89,8d8844ec6936f7491ec93c7aa37b0453d6442edd8e28f30d819b5487e34a3c10
geometry/slurm_grid_swat_train_incremental/58944/cosine_matrix.csv,104,dcfec5989659829a80e2ff8d08d0649f28a44a658e37d835c13ea643d7aee508
geometry/slurm_grid_swat_train_incremental/58944/cosine_vs_distance.csv,64,4f084ff8c236042c0e43fb6b84de015bd0a57f84fcd5d751df33516be49da406
geometry/slurm_grid_swat_train_incremental/58944/effective_rank.csv,156,dee1e3b0c52d248af2b048c07665342c6e9018ba64e41d396792504fff169e6f
geometry/slurm_grid_swat_train_incremental/58944/norms.csv,161,75223c8b56fb0edfb5ea8e5ebb1295af86dc1a1bd0e31f1b56928c66d737d930
geometry/slurm_grid_swat_train_incremental/58944/sequential_overlap.csv,61,98ee6f656fec16f93f34c3ff698cec4711e17fb51c2de6e5f558797004a2f0ed
geometry/slurm_grid_swat_train_incremental/58945/cosine_matrix.csv,219,44fe0a777e22777c048db2890d4d3eeaa8e25db29e7f8652a7abd2a83783bb2f
geometry/slurm_grid_swat_train_incremental/58945/cosine_vs_distance.csv,108,dcb56586bcefbb0d3fe73d6f6ea35a68d60a94b7a2f855391e5b49429987290e
geometry/slurm_grid_swat_train_incremental/58945/effective_rank.csv,220,e28ce9c04bed904d632043885aa076ad0eafa56c7374298905f55fe345c8be22
geometry/slurm_grid_swat_train_incremental/58945/norms.csv,232,796b0a0dc8549ffb03211fe5ba65c724dc6c782c1c3ed47898ca8aa4af438263
geometry/slurm_grid_swat_train_incremental/58945/sequential_overlap.csv,90,5fd7b6ebee659015f129cbc5e1ebe8b7116d06eca423ea2888c051145346878c
geometry/slurm_grid_swat_train_incremental/58946/cosine_matrix.csv,41,e6ba28dfe9f9f4dc7ec9f0b23e9f2a9b0ee242fd719459224e83cf3cae23e66e
geometry/slurm_grid_swat_train_incremental/58946/cosine_vs_distance.csv,36,f1bf7f606d884eda619a17e20ef6264009f2d4cd10f90d05da84a3b7c40ba7e9
geometry/slurm_grid_swat_train_incremental/58946/effective_rank.csv,81,ac5eebe0618e173f08f6a7bc955250aeac5a4a3f6ddc290c35ab28cf7da63600
geometry/slurm_grid_swat_train_incremental/58946/norms.csv,105,541b6189ceb81e995dcc39f1ad28c52e927a8673f0e0e71aec0f3e7de4e0c8e0
geometry/slurm_grid_swat_train_incremental/58946/sequential_overlap.csv,33,86c772c6f02e49a88f7b5409aad102bb0d986ab7b13ca9319ab01ab62a7b722d
geometry/slurm_grid_swat_train_incremental/58949/cosine_matrix.csv,595,32e7150dd9504a8dbbc49aeec17f4f367da1e5ed0db7ad3eaa27fc4bd7e2aff1
geometry/slurm_grid_swat_train_incremental/58949/cosine_vs_distance.csv,195,12df353a236a596e140d17280219ff66d7daa027b44d46bc6287b960778ddfc7
geometry/slurm_grid_swat_train_incremental/58949/effective_rank.csv,354,2ec083b2745dc829d75ee593e9d4c343747b06f900082e2b41fe7f99baa82b2a
geometry/slurm_grid_swat_train_incremental/58949/norms.csv,352,890226db0b58e9419e3182488d7dd89c881c71ca1376763afc2d705fe6a9485c
geometry/slurm_grid_swat_train_incremental/58949/sequential_overlap.csv,146,d9aae8a5f99165fb4a66a3c7c9f69e2727158df1c7fcbe3f27eb57abf030fdd7
geometry/slurm_grid_swat_train_incremental/59055/cosine_matrix.csv,217,6eb035ce3c6afdf778b2c5cfd4d926e30d7a3e48dc9e839b1c73196374df50d6
geometry/slurm_grid_swat_train_incremental/59055/cosine_vs_distance.csv,109,7f256b27176afa1ceaf70b332f4687aad9c4aa5998ae556983dcfdf3c0010291
geometry/slurm_grid_swat_train_incremental/59055/effective_rank.csv,230,f82a55cdf656295b6850fe68c9a5d63be6021cd113132251cae911f06a13ad7b
geometry/slurm_grid_swat_train_incremental/59055/norms.csv,226,dd6f9542a2b07885c12d1ae8804fd153c2040cd726a6c73e0e0a69203086a2c9
geometry/slurm_grid_swat_train_incremental/59055/sequential_overlap.csv,89,c1db56ada7cc4a08a7d8387c62da67914ea5439f09ceb6243488554ddcd04b63
geometry/slurm_grid_swat_train_incremental/59056/cosine_matrix.csv,219,bb4bcd00543181e5da5977e358368b54a024b56247fceb605d57f14d2e69f5b2
geometry/slurm_grid_swat_train_incremental/59056/cosine_vs_distance.csv,108,22d93e74e4fd20a5d1648f743cd4ab31a4f532addc3c6dbd0d1524284185a6d0
geometry/slurm_grid_swat_train_incremental/59056/effective_rank.csv,232,221646e42f0400dbc8937e9174c19349201d74d7c90ee1b8c2b43ffaac2c778d
geometry/slurm_grid_swat_train_incremental/59056/norms.csv,228,7bce06917f8b67ded1da111141b52892075458dec06985c6771125f0c9800fe1
geometry/slurm_grid_swat_train_incremental/59056/sequential_overlap.csv,90,e2ce77383a5c75d755c27fa0c5b805ef83aa6e7759126d8ffc5291ea2a3afda3
geometry/slurm_grid_swat_train_incremental/59080/cosine_matrix.csv,217,bb4d2cca7f8cf7e7249d3495bf93ee3bbf297fc11abdf128102fba74c5cad7ba
geometry/slurm_grid_swat_train_incremental/59080/cosine_vs_distance.csv,108,0736d03e2baa8e4dc5a720e7b50aca21d6cd6496071c5a5295d04b04f365f886
geometry/slurm_grid_swat_train_incremental/59080/effective_rank.csv,216,398e4c83e7af2d9e8864eb819624ce6b0acc78341a3e7846c5bd32914df59f0e
geometry/slurm_grid_swat_train_incremental/59080/norms.csv,227,4dbca9ec14135796c5ad6a9894f67cb5ec5e9091765b0b6b7e0b0ad4023eaf1f
geometry/slurm_grid_swat_train_incremental/59080/sequential_overlap.csv,89,73f4e345a421903eb3a35966b359168f330032ecdc933f5bb8ddc35550d4ea6c
geometry/slurm_grid_swat_train_incremental/59081/cosine_matrix.csv,104,0ad9b94e5045e8bb116f02f99c4348a12ac7c4dccf7f25a295380c7ecb49ee94
geometry/slurm_grid_swat_train_incremental/59081/cosine_vs_distance.csv,64,902f21d03745ca2505d4561a9c02af991d1529a411565ddb375e873e6d42dd2e
geometry/slurm_grid_swat_train_incremental/59081/effective_rank.csv,156,aaa6ad123e7357f7a4faec3218a70b7adf008951a79dd0dfc7432394f3b653c0
geometry/slurm_grid_swat_train_incremental/59081/norms.csv,165,dca1bd4fe5c6ff1352e55924360ff151e9304a1c3cc3b8f76de048d3ec800f93
geometry/slurm_grid_swat_train_incremental/59081/sequential_overlap.csv,61,abbed271a92364e6aee2fab6b187227a98d889d5c532ae60b7c7370fc76ebe16
geometry/window_etth1_W1/80446/cosine_matrix.csv,41,e6ba28dfe9f9f4dc7ec9f0b23e9f2a9b0ee242fd719459224e83cf3cae23e66e
geometry/window_etth1_W1/80446/cosine_vs_distance.csv,36,f1bf7f606d884eda619a17e20ef6264009f2d4cd10f90d05da84a3b7c40ba7e9
geometry/window_etth1_W1/80446/effective_rank.csv,81,5c9690432a3187544fadaa1e340f554e4628be9dd154bcf0984f58d243e050e4
geometry/window_etth1_W1/80446/norms.csv,103,4e9ab7a9bec6bc0daf7606c8fae11fd0951fe551ed7f8fbf439d61eed16de701
geometry/window_etth1_W1/80446/sequential_overlap.csv,33,86c772c6f02e49a88f7b5409aad102bb0d986ab7b13ca9319ab01ab62a7b722d
geometry/window_etth1_W1/80447/cosine_matrix.csv,41,e6ba28dfe9f9f4dc7ec9f0b23e9f2a9b0ee242fd719459224e83cf3cae23e66e
geometry/window_etth1_W1/80447/cosine_vs_distance.csv,36,f1bf7f606d884eda619a17e20ef6264009f2d4cd10f90d05da84a3b7c40ba7e9
geometry/window_etth1_W1/80447/effective_rank.csv,81,31466b4011f57fbbb41f2eb74d72d08cd7fd34ba34f136d1139588c81b0c2d3c
geometry/window_etth1_W1/80447/norms.csv,103,a9b7a69d531581427c01c6186d1cccd52219904cfa126e18bf0110b3d77a3cd9
geometry/window_etth1_W1/80447/sequential_overlap.csv,33,86c772c6f02e49a88f7b5409aad102bb0d986ab7b13ca9319ab01ab62a7b722d
geometry/window_etth1_W1/80448/cosine_matrix.csv,41,e6ba28dfe9f9f4dc7ec9f0b23e9f2a9b0ee242fd719459224e83cf3cae23e66e
geometry/window_etth1_W1/80448/cosine_vs_distance.csv,36,f1bf7f606d884eda619a17e20ef6264009f2d4cd10f90d05da84a3b7c40ba7e9
geometry/window_etth1_W1/80448/effective_rank.csv,81,be924d238704331b064a9da87bc0cb786ab4aa52e271cb8a025e2a2e1e7f15ac
geometry/window_etth1_W1/80448/norms.csv,102,787603b900f59491283416768633a263d336029b3bd90208889be82751392516
geometry/window_etth1_W1/80448/sequential_overlap.csv,33,86c772c6f02e49a88f7b5409aad102bb0d986ab7b13ca9319ab01ab62a7b722d
geometry/window_etth1_W2/80449/cosine_matrix.csv,41,e6ba28dfe9f9f4dc7ec9f0b23e9f2a9b0ee242fd719459224e83cf3cae23e66e
geometry/window_etth1_W2/80449/cosine_vs_distance.csv,36,f1bf7f606d884eda619a17e20ef6264009f2d4cd10f90d05da84a3b7c40ba7e9
geometry/window_etth1_W2/80449/effective_rank.csv,81,1b986336bbe72ee2e12aec1e38ddaa8551b2bb256179d6381061a2d994608ea5
geometry/window_etth1_W2/80449/norms.csv,103,eba4311423f45bebd43a410c2362d41bd9ec9a15b2660f96f9a76b3e7dda288d
geometry/window_etth1_W2/80449/sequential_overlap.csv,33,86c772c6f02e49a88f7b5409aad102bb0d986ab7b13ca9319ab01ab62a7b722d
geometry/window_etth1_W2/80450/cosine_matrix.csv,41,e6ba28dfe9f9f4dc7ec9f0b23e9f2a9b0ee242fd719459224e83cf3cae23e66e
geometry/window_etth1_W2/80450/cosine_vs_distance.csv,36,f1bf7f606d884eda619a17e20ef6264009f2d4cd10f90d05da84a3b7c40ba7e9
geometry/window_etth1_W2/80450/effective_rank.csv,81,aea235986a1f329d8e93c091cbb64a60dfedf4d9c29048cf124e6fd8ab77b4f8
geometry/window_etth1_W2/80450/norms.csv,103,ea1d46ed92d748167535010afeeee825f186c1cc4f4baa21459b45a165f56f24
geometry/window_etth1_W2/80450/sequential_overlap.csv,33,86c772c6f02e49a88f7b5409aad102bb0d986ab7b13ca9319ab01ab62a7b722d
geometry/window_etth1_W2/80451/cosine_matrix.csv,41,e6ba28dfe9f9f4dc7ec9f0b23e9f2a9b0ee242fd719459224e83cf3cae23e66e
geometry/window_etth1_W2/80451/cosine_vs_distance.csv,36,f1bf7f606d884eda619a17e20ef6264009f2d4cd10f90d05da84a3b7c40ba7e9
geometry/window_etth1_W2/80451/effective_rank.csv,80,f52274875ba36e1416aa09050c3b9ffbae6156de86628af2d16e86423dbf513a
geometry/window_etth1_W2/80451/norms.csv,102,c4de1a890269595256c7d53354b98a90ab5ee0d59a8f924d6151720283bc0b10
geometry/window_etth1_W2/80451/sequential_overlap.csv,33,86c772c6f02e49a88f7b5409aad102bb0d986ab7b13ca9319ab01ab62a7b722d
geometry/window_etth1_W3/80452/cosine_matrix.csv,41,e6ba28dfe9f9f4dc7ec9f0b23e9f2a9b0ee242fd719459224e83cf3cae23e66e
geometry/window_etth1_W3/80452/cosine_vs_distance.csv,36,f1bf7f606d884eda619a17e20ef6264009f2d4cd10f90d05da84a3b7c40ba7e9
geometry/window_etth1_W3/80452/effective_rank.csv,81,f5f1d828ef26df5b75fa0cce9ef2f464143e48710284a7f96fc60233290c5e73
geometry/window_etth1_W3/80452/norms.csv,103,c1fdc9d972e6bf0ac57602d30ab89cf28e870f8213f06c3aa38c1bcb66f09f43
geometry/window_etth1_W3/80452/sequential_overlap.csv,33,86c772c6f02e49a88f7b5409aad102bb0d986ab7b13ca9319ab01ab62a7b722d
geometry/window_etth1_W3/80453/cosine_matrix.csv,41,e6ba28dfe9f9f4dc7ec9f0b23e9f2a9b0ee242fd719459224e83cf3cae23e66e
geometry/window_etth1_W3/80453/cosine_vs_distance.csv,36,f1bf7f606d884eda619a17e20ef6264009f2d4cd10f90d05da84a3b7c40ba7e9
geometry/window_etth1_W3/80453/effective_rank.csv,81,7f53fc9aa0558409671de6e76781eaf6c86a1e7d86a03c4dd82be48a57c838dd
geometry/window_etth1_W3/80453/norms.csv,102,3254aca9650844b479e4464b88f928128bb485a40d6f0d4b54a75f5a153bf204
geometry/window_etth1_W3/80453/sequential_overlap.csv,33,86c772c6f02e49a88f7b5409aad102bb0d986ab7b13ca9319ab01ab62a7b722d
geometry/window_etth1_W3/80454/cosine_matrix.csv,41,e6ba28dfe9f9f4dc7ec9f0b23e9f2a9b0ee242fd719459224e83cf3cae23e66e
geometry/window_etth1_W3/80454/cosine_vs_distance.csv,36,f1bf7f606d884eda619a17e20ef6264009f2d4cd10f90d05da84a3b7c40ba7e9
geometry/window_etth1_W3/80454/effective_rank.csv,81,b040a39b491edaa1e50bd67970c220b0b8c817067ff7f8c6b2be4d3c16638343
geometry/window_etth1_W3/80454/norms.csv,102,96cc3f034ab262bfae840ba7e0331c7c9c4437e4106a838ff963f25918fec385
geometry/window_etth1_W3/80454/sequential_overlap.csv,33,86c772c6f02e49a88f7b5409aad102bb0d986ab7b13ca9319ab01ab62a7b722d
geometry/window_exchange_W1/80455/cosine_matrix.csv,41,e6ba28dfe9f9f4dc7ec9f0b23e9f2a9b0ee242fd719459224e83cf3cae23e66e
geometry/window_exchange_W1/80455/cosine_vs_distance.csv,36,f1bf7f606d884eda619a17e20ef6264009f2d4cd10f90d05da84a3b7c40ba7e9
geometry/window_exchange_W1/80455/effective_rank.csv,81,b3b1531bff5f5df5611743a51bf94dfc98a8b34b80aede1adff7c7202e01391c
geometry/window_exchange_W1/80455/norms.csv,102,abe329567b4b33f28e383cfb0108e4a7e1d4b8162a1570658818129c0e06a29c
geometry/window_exchange_W1/80455/sequential_overlap.csv,33,86c772c6f02e49a88f7b5409aad102bb0d986ab7b13ca9319ab01ab62a7b722d
geometry/window_exchange_W1/80456/cosine_matrix.csv,41,e6ba28dfe9f9f4dc7ec9f0b23e9f2a9b0ee242fd719459224e83cf3cae23e66e
geometry/window_exchange_W1/80456/cosine_vs_distance.csv,36,f1bf7f606d884eda619a17e20ef6264009f2d4cd10f90d05da84a3b7c40ba7e9
geometry/window_exchange_W1/80456/effective_rank.csv,81,e153cd1123b27462267128cf3f78bb60c1b7ceec855181b275e6b081af86568f
geometry/window_exchange_W1/80456/norms.csv,103,4116dc2930d4a159452f4f4f3c74d5509b2d53ccd6e121de838a807e41447703
geometry/window_exchange_W1/80456/sequential_overlap.csv,33,86c772c6f02e49a88f7b5409aad102bb0d986ab7b13ca9319ab01ab62a7b722d
geometry/window_exchange_W1/80457/cosine_matrix.csv,41,e6ba28dfe9f9f4dc7ec9f0b23e9f2a9b0ee242fd719459224e83cf3cae23e66e
geometry/window_exchange_W1/80457/cosine_vs_distance.csv,36,f1bf7f606d884eda619a17e20ef6264009f2d4cd10f90d05da84a3b7c40ba7e9
geometry/window_exchange_W1/80457/effective_rank.csv,81,d29605bb7862b4963ed1494a34e7a2cb09c15e880c861c8cfb67322b7c3307a2
geometry/window_exchange_W1/80457/norms.csv,103,1dc0b4f1ed3090130ed4fb8c35738ebbb920beb16306a5a543dba06432c3051c
geometry/window_exchange_W1/80457/sequential_overlap.csv,33,86c772c6f02e49a88f7b5409aad102bb0d986ab7b13ca9319ab01ab62a7b722d
geometry/window_exchange_W2/80458/cosine_matrix.csv,41,e6ba28dfe9f9f4dc7ec9f0b23e9f2a9b0ee242fd719459224e83cf3cae23e66e
geometry/window_exchange_W2/80458/cosine_vs_distance.csv,36,f1bf7f606d884eda619a17e20ef6264009f2d4cd10f90d05da84a3b7c40ba7e9
geometry/window_exchange_W2/80458/effective_rank.csv,81,8e0cfd7b0d9ed743683e82025b320265c9c619b86e9789b0162aa6b1dc8c5ca2
geometry/window_exchange_W2/80458/norms.csv,103,25b2b8f517462d42e9c7d5f0726f1bfee0a6a2c07e8d11aed145f1ab55e387e4
geometry/window_exchange_W2/80458/sequential_overlap.csv,33,86c772c6f02e49a88f7b5409aad102bb0d986ab7b13ca9319ab01ab62a7b722d
geometry/window_exchange_W2/80459/cosine_matrix.csv,41,e6ba28dfe9f9f4dc7ec9f0b23e9f2a9b0ee242fd719459224e83cf3cae23e66e
geometry/window_exchange_W2/80459/cosine_vs_distance.csv,36,f1bf7f606d884eda619a17e20ef6264009f2d4cd10f90d05da84a3b7c40ba7e9
geometry/window_exchange_W2/80459/effective_rank.csv,81,735f81d149a119255824e39155d8fde6d45d738282d0b0ef6418f09c6e88874b
geometry/window_exchange_W2/80459/norms.csv,102,d5fd40c3621f1f414d2c91c19f14628e42807d1de4fd9a8c549dd7fecf99fb1b
geometry/window_exchange_W2/80459/sequential_overlap.csv,33,86c772c6f02e49a88f7b5409aad102bb0d986ab7b13ca9319ab01ab62a7b722d
geometry/window_exchange_W2/80460/cosine_matrix.csv,41,e6ba28dfe9f9f4dc7ec9f0b23e9f2a9b0ee242fd719459224e83cf3cae23e66e
geometry/window_exchange_W2/80460/cosine_vs_distance.csv,36,f1bf7f606d884eda619a17e20ef6264009f2d4cd10f90d05da84a3b7c40ba7e9
geometry/window_exchange_W2/80460/effective_rank.csv,81,06b34662f4158e08b4f7eebd685f92e8af1143d6b124bca396905be7975059da
geometry/window_exchange_W2/80460/norms.csv,101,3c7dfa40182db8b38e63ad707a9620783dcf15bb6e8c46d9007aace319234ae5
geometry/window_exchange_W2/80460/sequential_overlap.csv,33,86c772c6f02e49a88f7b5409aad102bb0d986ab7b13ca9319ab01ab62a7b722d
geometry/window_exchange_W3/80461/cosine_matrix.csv,41,e6ba28dfe9f9f4dc7ec9f0b23e9f2a9b0ee242fd719459224e83cf3cae23e66e
geometry/window_exchange_W3/80461/cosine_vs_distance.csv,36,f1bf7f606d884eda619a17e20ef6264009f2d4cd10f90d05da84a3b7c40ba7e9
geometry/window_exchange_W3/80461/effective_rank.csv,81,3f83cdd84071dfe6f165b96f4336e2a054ee2e64c3f102920336b185903272c3
geometry/window_exchange_W3/80461/norms.csv,102,9fdb11af25fee4b39973e6ffd95c8e864c5670fea282d3f57e52a471a7ef3c59
geometry/window_exchange_W3/80461/sequential_overlap.csv,33,86c772c6f02e49a88f7b5409aad102bb0d986ab7b13ca9319ab01ab62a7b722d
geometry/window_exchange_W3/80462/cosine_matrix.csv,41,e6ba28dfe9f9f4dc7ec9f0b23e9f2a9b0ee242fd719459224e83cf3cae23e66e
geometry/window_exchange_W3/80462/cosine_vs_distance.csv,36,f1bf7f606d884eda619a17e20ef6264009f2d4cd10f90d05da84a3b7c40ba7e9
geometry/window_exchange_W3/80462/effective_rank.csv,78,15a97a6d0621c208d5b5f994ea0dcd03fcb09fec848a1c1cbc4a479aec877be4
geometry/window_exchange_W3/80462/norms.csv,102,e554f72f8dab2821acc86dcf8287f9b404c1e806cebc114d3951c1889f084e10
geometry/window_exchange_W3/80462/sequential_overlap.csv,33,86c772c6f02e49a88f7b5409aad102bb0d986ab7b13ca9319ab01ab62a7b722d
geometry/window_exchange_W3/80463/cosine_matrix.csv,41,e6ba28dfe9f9f4dc7ec9f0b23e9f2a9b0ee242fd719459224e83cf3cae23e66e
geometry/window_exchange_W3/80463/cosine_vs_distance.csv,36,f1bf7f606d884eda619a17e20ef6264009f2d4cd10f90d05da84a3b7c40ba7e9
geometry/window_exchange_W3/80463/effective_rank.csv,80,202027f5f093a1dae399e40c98bfca01f6b17f7b81bb3e643c119e1919b67027
geometry/window_exchange_W3/80463/norms.csv,103,1bc89761be4a31685883f761dfbc3b5178a6a2bc2d0bdb9304aac715bcf1b115
geometry/window_exchange_W3/80463/sequential_overlap.csv,33,86c772c6f02e49a88f7b5409aad102bb0d986ab7b13ca9319ab01ab62a7b722d
geometry/window_psm_W1/80464/cosine_matrix.csv,41,e6ba28dfe9f9f4dc7ec9f0b23e9f2a9b0ee242fd719459224e83cf3cae23e66e
geometry/window_psm_W1/80464/cosine_vs_distance.csv,36,f1bf7f606d884eda619a17e20ef6264009f2d4cd10f90d05da84a3b7c40ba7e9
geometry/window_psm_W1/80464/effective_rank.csv,82,0a1c336563586335484919255f305e2824b4e720c05727f5ace20ba2eb37da58
geometry/window_psm_W1/80464/norms.csv,103,c68076ee257fa9edbbf43f8af09f74b51ab348ab495bb41153e9ac133d286019
geometry/window_psm_W1/80464/sequential_overlap.csv,33,86c772c6f02e49a88f7b5409aad102bb0d986ab7b13ca9319ab01ab62a7b722d
geometry/window_psm_W1/80697/cosine_matrix.csv,41,e6ba28dfe9f9f4dc7ec9f0b23e9f2a9b0ee242fd719459224e83cf3cae23e66e
geometry/window_psm_W1/80697/cosine_vs_distance.csv,36,f1bf7f606d884eda619a17e20ef6264009f2d4cd10f90d05da84a3b7c40ba7e9
geometry/window_psm_W1/80697/effective_rank.csv,80,680d00971de7e4f89888c1c5e41e0aa61e7bd911511cf9e395abb9b4de2ded56
geometry/window_psm_W1/80697/norms.csv,103,956d374c26a378c9caa6e6c2f2c1287271252cf9c0332fcae00b9051c5be3b6c
geometry/window_psm_W1/80697/sequential_overlap.csv,33,86c772c6f02e49a88f7b5409aad102bb0d986ab7b13ca9319ab01ab62a7b722d
geometry/window_psm_W1/80698/cosine_matrix.csv,41,e6ba28dfe9f9f4dc7ec9f0b23e9f2a9b0ee242fd719459224e83cf3cae23e66e
geometry/window_psm_W1/80698/cosine_vs_distance.csv,36,f1bf7f606d884eda619a17e20ef6264009f2d4cd10f90d05da84a3b7c40ba7e9
geometry/window_psm_W1/80698/effective_rank.csv,81,c4d6d4dbb5bdf862665a3cc8944d1fe3057788fced667066412820e7e5dbd7cf
geometry/window_psm_W1/80698/norms.csv,103,09e2dce23b0842d2f0241949b796b2d3d2f96b19acdb8c782212a8e146ca1dfe
geometry/window_psm_W1/80698/sequential_overlap.csv,33,86c772c6f02e49a88f7b5409aad102bb0d986ab7b13ca9319ab01ab62a7b722d
geometry/window_psm_W2/80465/cosine_matrix.csv,41,e6ba28dfe9f9f4dc7ec9f0b23e9f2a9b0ee242fd719459224e83cf3cae23e66e
geometry/window_psm_W2/80465/cosine_vs_distance.csv,36,f1bf7f606d884eda619a17e20ef6264009f2d4cd10f90d05da84a3b7c40ba7e9
geometry/window_psm_W2/80465/effective_rank.csv,82,2ddcce5ca398e79de07a8c4d0694dd0b5c5d54a17ebfffdbc6b2cae6279f122f
geometry/window_psm_W2/80465/norms.csv,103,1ac30cd5dc2d845751a83317126168b8fa513c8d562ff6877e75dd0f8c1f23ee
geometry/window_psm_W2/80465/sequential_overlap.csv,33,86c772c6f02e49a88f7b5409aad102bb0d986ab7b13ca9319ab01ab62a7b722d
geometry/window_psm_W2/80699/cosine_matrix.csv,41,e6ba28dfe9f9f4dc7ec9f0b23e9f2a9b0ee242fd719459224e83cf3cae23e66e
geometry/window_psm_W2/80699/cosine_vs_distance.csv,36,f1bf7f606d884eda619a17e20ef6264009f2d4cd10f90d05da84a3b7c40ba7e9
geometry/window_psm_W2/80699/effective_rank.csv,81,230fd64ba2ff34aeb352b2765262b44d38e9d05f380cc81a2a3f7f7f5e180daa
geometry/window_psm_W2/80699/norms.csv,103,b41c8b8ad89bc4108893b45620c85683b43d913a5fc8afc519a4b3bc293cadd6
geometry/window_psm_W2/80699/sequential_overlap.csv,33,86c772c6f02e49a88f7b5409aad102bb0d986ab7b13ca9319ab01ab62a7b722d
geometry/window_psm_W2/80700/cosine_matrix.csv,41,e6ba28dfe9f9f4dc7ec9f0b23e9f2a9b0ee242fd719459224e83cf3cae23e66e
geometry/window_psm_W2/80700/cosine_vs_distance.csv,36,f1bf7f606d884eda619a17e20ef6264009f2d4cd10f90d05da84a3b7c40ba7e9
geometry/window_psm_W2/80700/effective_rank.csv,81,c100cbb8ccde05cd90996ddb2c1895a40748554a0db659a40eca6c8b7914586c
geometry/window_psm_W2/80700/norms.csv,102,05a0112c8f94a04a265d27d2b72c7bb8ebde245ae835b9610141b195b8600e77
geometry/window_psm_W2/80700/sequential_overlap.csv,33,86c772c6f02e49a88f7b5409aad102bb0d986ab7b13ca9319ab01ab62a7b722d
geometry/window_psm_W3/80466/cosine_matrix.csv,41,e6ba28dfe9f9f4dc7ec9f0b23e9f2a9b0ee242fd719459224e83cf3cae23e66e
geometry/window_psm_W3/80466/cosine_vs_distance.csv,36,f1bf7f606d884eda619a17e20ef6264009f2d4cd10f90d05da84a3b7c40ba7e9
geometry/window_psm_W3/80466/effective_rank.csv,81,fdc7812b385cf7eae72644d852c92bdeb2e184b84005c253c898cbb1857750ea
geometry/window_psm_W3/80466/norms.csv,103,0d2c87c7623bab05de6c7dcbb8037271a386e728a39abed2e724d44a65f3f842
geometry/window_psm_W3/80466/sequential_overlap.csv,33,86c772c6f02e49a88f7b5409aad102bb0d986ab7b13ca9319ab01ab62a7b722d
geometry/window_psm_W3/80701/cosine_matrix.csv,41,e6ba28dfe9f9f4dc7ec9f0b23e9f2a9b0ee242fd719459224e83cf3cae23e66e
geometry/window_psm_W3/80701/cosine_vs_distance.csv,36,f1bf7f606d884eda619a17e20ef6264009f2d4cd10f90d05da84a3b7c40ba7e9
geometry/window_psm_W3/80701/effective_rank.csv,81,432d18411ffb85754083f87396a16717bcddf3912630e44eaa8a5d7fa60d6942
geometry/window_psm_W3/80701/norms.csv,103,321526d0ea1b0ac06899155801085c50f9d7b81c6cbea8eaa76dbaffe7e1e6d2
geometry/window_psm_W3/80701/sequential_overlap.csv,33,86c772c6f02e49a88f7b5409aad102bb0d986ab7b13ca9319ab01ab62a7b722d
geometry/window_psm_W3/80702/cosine_matrix.csv,41,e6ba28dfe9f9f4dc7ec9f0b23e9f2a9b0ee242fd719459224e83cf3cae23e66e
geometry/window_psm_W3/80702/cosine_vs_distance.csv,36,f1bf7f606d884eda619a17e20ef6264009f2d4cd10f90d05da84a3b7c40ba7e9
geometry/window_psm_W3/80702/effective_rank.csv,81,50d07436ed441264c3b297d57d5a0467a0a988bb2e5fcec5a45c358ee999342a
geometry/window_psm_W3/80702/norms.csv,103,481fff19e3e7b1f5d7311c82fb301e1a8470b4573016bae49dbbc49c71250ecd
geometry/window_psm_W3/80702/sequential_overlap.csv,33,86c772c6f02e49a88f7b5409aad102bb0d986ab7b13ca9319ab01ab62a7b722d
geometry/window_swat_W1/80467/cosine_matrix.csv,41,e6ba28dfe9f9f4dc7ec9f0b23e9f2a9b0ee242fd719459224e83cf3cae23e66e
geometry/window_swat_W1/80467/cosine_vs_distance.csv,36,f1bf7f606d884eda619a17e20ef6264009f2d4cd10f90d05da84a3b7c40ba7e9
geometry/window_swat_W1/80467/effective_rank.csv,81,4f30a0d88ec3fa4018dcbfb0c1a9265772fb1289e585ef985810ab7db47285b1
geometry/window_swat_W1/80467/norms.csv,104,688e2cd5e105f30040849b8b8b8beedabc7aadc22dd3038793873886cc8050e5
geometry/window_swat_W1/80467/sequential_overlap.csv,33,86c772c6f02e49a88f7b5409aad102bb0d986ab7b13ca9319ab01ab62a7b722d
geometry/window_swat_W1/80703/cosine_matrix.csv,41,e6ba28dfe9f9f4dc7ec9f0b23e9f2a9b0ee242fd719459224e83cf3cae23e66e
geometry/window_swat_W1/80703/cosine_vs_distance.csv,36,f1bf7f606d884eda619a17e20ef6264009f2d4cd10f90d05da84a3b7c40ba7e9
geometry/window_swat_W1/80703/effective_rank.csv,81,5601651016f85dd11e9e547a93051a23f276c56444ab243810db4dbd4a9e510c
geometry/window_swat_W1/80703/norms.csv,104,4565559c4eb67631cdff90bcd141f6ea7c304348b5430da54cc272087129b222
geometry/window_swat_W1/80703/sequential_overlap.csv,33,86c772c6f02e49a88f7b5409aad102bb0d986ab7b13ca9319ab01ab62a7b722d
geometry/window_swat_W1/80704/cosine_matrix.csv,41,e6ba28dfe9f9f4dc7ec9f0b23e9f2a9b0ee242fd719459224e83cf3cae23e66e
geometry/window_swat_W1/80704/cosine_vs_distance.csv,36,f1bf7f606d884eda619a17e20ef6264009f2d4cd10f90d05da84a3b7c40ba7e9
geometry/window_swat_W1/80704/effective_rank.csv,81,6c50e0a9ceeb8400be940352a044265da5aa79219201f431e04c64bce88c9984
geometry/window_swat_W1/80704/norms.csv,104,751d609c83f262d04cb9891ee257c421517b6d27a42f2e10030ec13481448b86
geometry/window_swat_W1/80704/sequential_overlap.csv,33,86c772c6f02e49a88f7b5409aad102bb0d986ab7b13ca9319ab01ab62a7b722d
geometry/window_swat_W2/80468/cosine_matrix.csv,41,e6ba28dfe9f9f4dc7ec9f0b23e9f2a9b0ee242fd719459224e83cf3cae23e66e
geometry/window_swat_W2/80468/cosine_vs_distance.csv,36,f1bf7f606d884eda619a17e20ef6264009f2d4cd10f90d05da84a3b7c40ba7e9
geometry/window_swat_W2/80468/effective_rank.csv,81,3a748a290fcfff7d3d72016d4fe3ae5fce3c3faae5bf837bdd30657f42e8964b
geometry/window_swat_W2/80468/norms.csv,104,e9f4840d2f97d9c7d94d37cef8eb2a2b30e7f53825014e37a2559d670e6afa3a
geometry/window_swat_W2/80468/sequential_overlap.csv,33,86c772c6f02e49a88f7b5409aad102bb0d986ab7b13ca9319ab01ab62a7b722d
geometry/window_swat_W2/80705/cosine_matrix.csv,41,e6ba28dfe9f9f4dc7ec9f0b23e9f2a9b0ee242fd719459224e83cf3cae23e66e
geometry/window_swat_W2/80705/cosine_vs_distance.csv,36,f1bf7f606d884eda619a17e20ef6264009f2d4cd10f90d05da84a3b7c40ba7e9
geometry/window_swat_W2/80705/effective_rank.csv,81,1040902f35b32a79396ea62adc9f73b3f4916f8bc89282629bbc5c5974f34602
geometry/window_swat_W2/80705/norms.csv,103,e032ab53ef49155c2269dbd8afe0b19fe7260674aa4b941d6540e04441eed6ba
geometry/window_swat_W2/80705/sequential_overlap.csv,33,86c772c6f02e49a88f7b5409aad102bb0d986ab7b13ca9319ab01ab62a7b722d
geometry/window_swat_W2/80706/cosine_matrix.csv,41,e6ba28dfe9f9f4dc7ec9f0b23e9f2a9b0ee242fd719459224e83cf3cae23e66e
geometry/window_swat_W2/80706/cosine_vs_distance.csv,36,f1bf7f606d884eda619a17e20ef6264009f2d4cd10f90d05da84a3b7c40ba7e9
geometry/window_swat_W2/80706/effective_rank.csv,81,e92bc85f7f1eca956760d4fa8639956974608f716f970a635eb3c40167ecffc9
geometry/window_swat_W2/80706/norms.csv,104,e707c595c5b2f1eb1e1ff242e1878317681e5eb44041b40f7b3756ae61eac22d
geometry/window_swat_W2/80706/sequential_overlap.csv,33,86c772c6f02e49a88f7b5409aad102bb0d986ab7b13ca9319ab01ab62a7b722d
geometry/window_swat_W3/80469/cosine_matrix.csv,41,e6ba28dfe9f9f4dc7ec9f0b23e9f2a9b0ee242fd719459224e83cf3cae23e66e
geometry/window_swat_W3/80469/cosine_vs_distance.csv,36,f1bf7f606d884eda619a17e20ef6264009f2d4cd10f90d05da84a3b7c40ba7e9
geometry/window_swat_W3/80469/effective_rank.csv,81,e490a455b8588c2021f5d1c48090e7d54967a660b28d225f65af9a7866cfe647
geometry/window_swat_W3/80469/norms.csv,102,55ffa9e9c936591968bd5308b8171535405b073a2b2ab096bee616f295555269
geometry/window_swat_W3/80469/sequential_overlap.csv,33,86c772c6f02e49a88f7b5409aad102bb0d986ab7b13ca9319ab01ab62a7b722d
geometry/window_swat_W3/80707/cosine_matrix.csv,41,e6ba28dfe9f9f4dc7ec9f0b23e9f2a9b0ee242fd719459224e83cf3cae23e66e
geometry/window_swat_W3/80707/cosine_vs_distance.csv,36,f1bf7f606d884eda619a17e20ef6264009f2d4cd10f90d05da84a3b7c40ba7e9
geometry/window_swat_W3/80707/effective_rank.csv,81,78ddbc7c48abc3dedaa0896f615531a7997e6d2f0123bf6dd144c449008b887d
geometry/window_swat_W3/80707/norms.csv,104,02110673ea79db1d2900b94b63c1ed90818b54f7b286877210e39038d78b41ab
geometry/window_swat_W3/80707/sequential_overlap.csv,33,86c772c6f02e49a88f7b5409aad102bb0d986ab7b13ca9319ab01ab62a7b722d
geometry/window_swat_W3/80708/cosine_matrix.csv,41,e6ba28dfe9f9f4dc7ec9f0b23e9f2a9b0ee242fd719459224e83cf3cae23e66e
geometry/window_swat_W3/80708/cosine_vs_distance.csv,36,f1bf7f606d884eda619a17e20ef6264009f2d4cd10f90d05da84a3b7c40ba7e9
geometry/window_swat_W3/80708/effective_rank.csv,81,8f614903d1addd7bcb6eb16676e9fe2e53888c08e6a4f3bd36945d933ee468ca
geometry/window_swat_W3/80708/norms.csv,104,3253dcb7aac05debfffc8cb8348e745d7de87e8ba68413dd18bc94bb30e36025
geometry/window_swat_W3/80708/sequential_overlap.csv,33,86c772c6f02e49a88f7b5409aad102bb0d986ab7b13ca9319ab01ab62a7b722d
run_diagnostics/etth2_merge_n2_diagnostics/80709/merge_diagnostics/merge_scale_curve.csv,2940,56fa0eeebb279f95754430bbbd5e03a612d4fb0c89de77992c60045e3d14b060
run_diagnostics/etth2_merge_n2_diagnostics/80709/merge_diagnostics/source.json,884,a67e6682278c0a1024ad83bba2c5cd5f1f2872aa6de2632db35e3e3f500077a6
run_diagnostics/etth2_merge_n2_diagnostics/80709/merge_diagnostics/transfer_matrix.csv,3824,60ee954993cf4847d56eb1cfd60e9b8070f7468b349e980c7b22f9e6e84bb9c7
run_diagnostics/etth2_merge_n2_diagnostics/80710/merge_diagnostics/merge_scale_curve.csv,2732,3c42e98624b64ebfce9016a392e7a5ac1f201f7916eed1d17e17bc5f6c1910b6
run_diagnostics/etth2_merge_n2_diagnostics/80710/merge_diagnostics/source.json,883,d46765b449ed7c1bb6c587c8a88ae3beecd34e5345a9306f94ff9bfc7d44be8b
run_diagnostics/etth2_merge_n2_diagnostics/80710/merge_diagnostics/transfer_matrix.csv,3786,5ccbbaaae4df2b942293216513e97601b4de55fbba1a23876e1d7ac599334bcc
run_diagnostics/etth2_merge_n2_diagnostics/80711/merge_diagnostics/merge_scale_curve.csv,2669,d0a7e5915cff706d6a1f2ccd0b33517383d894c3118fa3bd0ea7ec641f642518
run_diagnostics/etth2_merge_n2_diagnostics/80711/merge_diagnostics/source.json,883,1fef6450711fcd6b0130348588266db2d79d1ee6cb3cc24e6b7f1c9aa507837f
run_diagnostics/etth2_merge_n2_diagnostics/80711/merge_diagnostics/transfer_matrix.csv,3728,cabad77706c354930743c0d437390a952557a6157ab659d7f4e3e12d546ede02
run_diagnostics/etth2_merge_n2_diagnostics/80939/merge_diagnostics/merge_scale_curve.csv,11574,bca782e7fe3b4890217916783fec7738ddd16c6f5e1f031468382a46fafb9610
run_diagnostics/etth2_merge_n2_diagnostics/80939/merge_diagnostics/source.json,884,a67e6682278c0a1024ad83bba2c5cd5f1f2872aa6de2632db35e3e3f500077a6
run_diagnostics/etth2_merge_n2_diagnostics/80939/merge_diagnostics/transfer_matrix.csv,3825,414b0dfccbf11d7903f0f3ec0f7c073a0304d24ec49dfd1fc178ccb25563f33a
run_diagnostics/etth2_merge_n2_diagnostics/80940/merge_diagnostics/merge_scale_curve.csv,10709,e1e98933523251dbc550fb8aed9c861e942e1c02687cbf4125512b8453940aa7
run_diagnostics/etth2_merge_n2_diagnostics/80940/merge_diagnostics/source.json,883,d46765b449ed7c1bb6c587c8a88ae3beecd34e5345a9306f94ff9bfc7d44be8b
run_diagnostics/etth2_merge_n2_diagnostics/80940/merge_diagnostics/transfer_matrix.csv,3784,99a6a3ddd1f967ea07715e92957e810811d331b24b3ee7df0807a909d40127e5
run_diagnostics/etth2_merge_n2_diagnostics/80941/merge_diagnostics/merge_scale_curve.csv,10484,ea6b72843e7ce11ab2a7a9151000532ac7aa32d9d336db1ad7b4458bd8a1ca3d
run_diagnostics/etth2_merge_n2_diagnostics/80941/merge_diagnostics/source.json,883,1fef6450711fcd6b0130348588266db2d79d1ee6cb3cc24e6b7f1c9aa507837f
run_diagnostics/etth2_merge_n2_diagnostics/80941/merge_diagnostics/transfer_matrix.csv,3726,ce9658f59358f3b022a5b874b68b8dd565f8de32ee0f14de7e21729827d8fbe4
run_diagnostics/etth2_merge_n3_diagnostics/80615/merge_diagnostics/merge_scale_curve.csv,2946,67376c858ec5efd31449a46ec8e8006e620c1faf763ba2ea32411c82602a784c
run_diagnostics/etth2_merge_n3_diagnostics/80615/merge_diagnostics/source.json,977,84e693b014dd928d2ae50cf489cc941c847374e87451cbe1882d68c37033f16d
run_diagnostics/etth2_merge_n3_diagnostics/80615/merge_diagnostics/transfer_matrix.csv,5859,82b38defa6713d6020eb0753347d0d8a93c8d4590815a8878ded6e116409a8a9
run_diagnostics/etth2_merge_n3_diagnostics/80616/merge_diagnostics/merge_scale_curve.csv,2704,7e9d671560c96662ec29c19d435050b2d81bb9912c807c148a40e77558f06c8e
run_diagnostics/etth2_merge_n3_diagnostics/80616/merge_diagnostics/source.json,976,27a7eace59aad06b12e0da2781d2fd3b17667dc13ffd8e3dc9b09c86b510ef21
run_diagnostics/etth2_merge_n3_diagnostics/80616/merge_diagnostics/transfer_matrix.csv,5766,f4280c5c03cebd93aa990a7ef12441c0e52558064e5398aa3c3251fbe8e510c5
run_diagnostics/etth2_merge_n3_diagnostics/80617/merge_diagnostics/merge_scale_curve.csv,2846,4b3b11d3040cb56be6a1f3150f243a2fedbaf91c1c98935181508573354398fc
run_diagnostics/etth2_merge_n3_diagnostics/80617/merge_diagnostics/source.json,977,5110a5476bfd67f38eaac1cf976cc48b6b236c0904cf810185ff87b022311914
run_diagnostics/etth2_merge_n3_diagnostics/80617/merge_diagnostics/transfer_matrix.csv,5682,b7b601d0ab7c0431baa4f3ab8869d9b12c45dc483b75c050bae60696020bf365
run_diagnostics/etth2_merge_n3_diagnostics/80942/merge_diagnostics/merge_scale_curve.csv,14399,680ab1ebcc1c584abd43a00b8d88a09d62ffb07376170de2b9a16b1623b0569e
run_diagnostics/etth2_merge_n3_diagnostics/80942/merge_diagnostics/source.json,977,84e693b014dd928d2ae50cf489cc941c847374e87451cbe1882d68c37033f16d
run_diagnostics/etth2_merge_n3_diagnostics/80942/merge_diagnostics/transfer_matrix.csv,5859,82b38defa6713d6020eb0753347d0d8a93c8d4590815a8878ded6e116409a8a9
run_diagnostics/etth2_merge_n3_diagnostics/80943/merge_diagnostics/merge_scale_curve.csv,13247,af13e3b247ce20957ef1c16a0b0697ac2d68c938f4493ba4677b501d6b367646
run_diagnostics/etth2_merge_n3_diagnostics/80943/merge_diagnostics/source.json,976,27a7eace59aad06b12e0da2781d2fd3b17667dc13ffd8e3dc9b09c86b510ef21
run_diagnostics/etth2_merge_n3_diagnostics/80943/merge_diagnostics/transfer_matrix.csv,5762,ed7dd7d5361cdda4382ad48a8ad8b0c620b095f28cf401ff6048a51624e01a6a
run_diagnostics/etth2_merge_n3_diagnostics/80944/merge_diagnostics/merge_scale_curve.csv,13881,b5f853c3b94d6cafdc2c2411f0b600c439ad7bd36b7d6d7c15eefbc6ab069125
run_diagnostics/etth2_merge_n3_diagnostics/80944/merge_diagnostics/source.json,977,5110a5476bfd67f38eaac1cf976cc48b6b236c0904cf810185ff87b022311914
run_diagnostics/etth2_merge_n3_diagnostics/80944/merge_diagnostics/transfer_matrix.csv,5688,5462e788d9ad2263a9f3c3c6a1fbcc4fd479c619a0b1291a543617aa6d58506f
run_diagnostics/etth2_merge_n5_diagnostics/80621/merge_diagnostics/merge_scale_curve.csv,2932,0ea0279161e8850c1c35a7a2db0b1b33a34c591ce1207262ffcf0b4eea707dc8
run_diagnostics/etth2_merge_n5_diagnostics/80621/merge_diagnostics/source.json,1158,8e5d692ef332ffeb9905bfc92f8d28b6e884c4f1daf11bd63c37331dd0d8994b
run_diagnostics/etth2_merge_n5_diagnostics/80621/merge_diagnostics/transfer_matrix.csv,11135,2972777f7b9b857744c4c249a278235d1cd16d9680219ce8c3190442e18e9a66
run_diagnostics/etth2_merge_n5_diagnostics/80622/merge_diagnostics/merge_scale_curve.csv,2889,7c34638029725af544666a1408f05aba9342fb1437d7ea67f2723d3bd5a957a9
run_diagnostics/etth2_merge_n5_diagnostics/80622/merge_diagnostics/source.json,1158,e465015eec690573ce8e228fb28ff89c0ebc3df14c20707f605de4ca9678d8d2
run_diagnostics/etth2_merge_n5_diagnostics/80622/merge_diagnostics/transfer_matrix.csv,10974,7cb505f570bec3f9b083e3614ae50de84ef9f2a292c68913d1a4d0c53675ac25
run_diagnostics/etth2_merge_n5_diagnostics/80623/merge_diagnostics/merge_scale_curve.csv,2830,c85f6be7176e5503e0295a20dbd7aed43a3426aa3327032b134eda823cda22fb
run_diagnostics/etth2_merge_n5_diagnostics/80623/merge_diagnostics/source.json,1158,c094e368725e13bcd771227b860932e8d5996c4a545f3d473c19566e4e729db8
run_diagnostics/etth2_merge_n5_diagnostics/80623/merge_diagnostics/transfer_matrix.csv,10830,89f597a79bf42d47deda05c341eb6a1f7c08b3913bc61080fbe766dc9ca6f481
run_diagnostics/etth2_merge_n5_diagnostics/80945/merge_diagnostics/merge_scale_curve.csv,19780,a8d4f7083e582f3b3027e04a997cf6a4cba9d3e1f20536ce5d36d90751805455
run_diagnostics/etth2_merge_n5_diagnostics/80945/merge_diagnostics/source.json,1158,8e5d692ef332ffeb9905bfc92f8d28b6e884c4f1daf11bd63c37331dd0d8994b
run_diagnostics/etth2_merge_n5_diagnostics/80945/merge_diagnostics/transfer_matrix.csv,11135,2972777f7b9b857744c4c249a278235d1cd16d9680219ce8c3190442e18e9a66
run_diagnostics/etth2_merge_n5_diagnostics/80946/merge_diagnostics/merge_scale_curve.csv,19428,d6f375fd920c7869996591ad7a1aa773d077d45c48957373e0fd7b4d62b6c544
run_diagnostics/etth2_merge_n5_diagnostics/80946/merge_diagnostics/source.json,1158,e465015eec690573ce8e228fb28ff89c0ebc3df14c20707f605de4ca9678d8d2
run_diagnostics/etth2_merge_n5_diagnostics/80946/merge_diagnostics/transfer_matrix.csv,10974,7cb505f570bec3f9b083e3614ae50de84ef9f2a292c68913d1a4d0c53675ac25
run_diagnostics/etth2_merge_n5_diagnostics/80947/merge_diagnostics/merge_scale_curve.csv,19061,7d9da1784bfdb3720e4d5a0a15cc82fa631dc6feb9cfa45a89e9eeca39499992
run_diagnostics/etth2_merge_n5_diagnostics/80947/merge_diagnostics/source.json,1158,c094e368725e13bcd771227b860932e8d5996c4a545f3d473c19566e4e729db8
run_diagnostics/etth2_merge_n5_diagnostics/80947/merge_diagnostics/transfer_matrix.csv,10830,89f597a79bf42d47deda05c341eb6a1f7c08b3913bc61080fbe766dc9ca6f481
run_diagnostics/ettm2_merge_n2_diagnostics/80712/merge_diagnostics/merge_scale_curve.csv,2817,12fb60bc0d052d04da9e72ee80132059037e3f00e33e3988536b2180cc54d2ff
run_diagnostics/ettm2_merge_n2_diagnostics/80712/merge_diagnostics/source.json,887,4444677dbe48ec2bcc4af07c5927ef4fe92abd9251ef3303dd43192a7032d498
run_diagnostics/ettm2_merge_n2_diagnostics/80712/merge_diagnostics/transfer_matrix.csv,3883,6623ea29773c33b2486c03f2d9069ee06607e3a6511704f9ad7f4ced76f69b03
run_diagnostics/ettm2_merge_n2_diagnostics/80713/merge_diagnostics/merge_scale_curve.csv,2946,43f5376dcdfcdaac030bb261d654472299131faacee5ed57baf95d53ca3a641f
run_diagnostics/ettm2_merge_n2_diagnostics/80713/merge_diagnostics/source.json,888,d86237c82a327e4527cc8a411ac8f6bc8ee32670fd5bfba8be58bb9b41ff9a02
run_diagnostics/ettm2_merge_n2_diagnostics/80713/merge_diagnostics/transfer_matrix.csv,3834,9271d0740de0f1f9b02f970200d74377f0a16286e503d658c9a38bf3f37d61c6
run_diagnostics/ettm2_merge_n2_diagnostics/80714/merge_diagnostics/merge_scale_curve.csv,2720,171337640b995accbe436e3a11fe750c005a599fb36139d8483b4eee036263fd
run_diagnostics/ettm2_merge_n2_diagnostics/80714/merge_diagnostics/source.json,887,ad33b270690c2d5543210a8da917d0bf5a10430f1f79e1e3920f1d67ada61229
run_diagnostics/ettm2_merge_n2_diagnostics/80714/merge_diagnostics/transfer_matrix.csv,3784,e2c25e9e20f62ca194e12e4b376ce8368346cf92d1926fcff951e665ad24884b
run_diagnostics/ettm2_merge_n2_diagnostics/80948/merge_diagnostics/merge_scale_curve.csv,11103,c0cbab6aca457c1dd72816b31006f64802ae43404b702d968431f507a0ca7d08
run_diagnostics/ettm2_merge_n2_diagnostics/80948/merge_diagnostics/source.json,887,4444677dbe48ec2bcc4af07c5927ef4fe92abd9251ef3303dd43192a7032d498
run_diagnostics/ettm2_merge_n2_diagnostics/80948/merge_diagnostics/transfer_matrix.csv,3890,e5e5b7d44d67708ce4016ee004be6153e5047cf3f5792c24e61b6722a58def8a
run_diagnostics/ettm2_merge_n2_diagnostics/80949/merge_diagnostics/merge_scale_curve.csv,11592,42ec1c68ff43a2d7a4e78e2281951cbdb8e8af3b48a702e257b25fec65194a47
run_diagnostics/ettm2_merge_n2_diagnostics/80949/merge_diagnostics/source.json,888,d86237c82a327e4527cc8a411ac8f6bc8ee32670fd5bfba8be58bb9b41ff9a02
run_diagnostics/ettm2_merge_n2_diagnostics/80949/merge_diagnostics/transfer_matrix.csv,3834,a626541adbbfe76329abadd6e16ec823f767ff20a980ef062f8bab8de60833f0
run_diagnostics/ettm2_merge_n2_diagnostics/80950/merge_diagnostics/merge_scale_curve.csv,10714,2e386d2f13f9f157b69e681c3e460c7db321d3f9e00007dff73a3d88de6aa22d
run_diagnostics/ettm2_merge_n2_diagnostics/80950/merge_diagnostics/source.json,887,ad33b270690c2d5543210a8da917d0bf5a10430f1f79e1e3920f1d67ada61229
run_diagnostics/ettm2_merge_n2_diagnostics/80950/merge_diagnostics/transfer_matrix.csv,3785,f83e796d9d187d42e25e430cbc38834664a8303357c042489142d207f115e11d
run_diagnostics/ettm2_merge_n3_diagnostics/80618/merge_diagnostics/merge_scale_curve.csv,2991,1bca73c2963462ef6a48d528c4b579e1c0bc8f13be9bc07a0d496bba7c6b0b2c
run_diagnostics/ettm2_merge_n3_diagnostics/80618/merge_diagnostics/source.json,982,2145b465fb0587275e3c7370acc4351df6882c1472202e2cad9bbde39c1c55bb
run_diagnostics/ettm2_merge_n3_diagnostics/80618/merge_diagnostics/transfer_matrix.csv,5946,131b841e8512dec16c829daae1faaa7b55c60280d30ca169c5ad33262d48342a
run_diagnostics/ettm2_merge_n3_diagnostics/80619/merge_diagnostics/merge_scale_curve.csv,2771,77f188a2a429ed3790ad094969080d6426e7d6202959ed65a946a79cce2b21e8
run_diagnostics/ettm2_merge_n3_diagnostics/80619/merge_diagnostics/source.json,981,5ff16a4bb3681551857d362f82aa57d52e3ed765b12c989a7581dad6a7f4ceb9
run_diagnostics/ettm2_merge_n3_diagnostics/80619/merge_diagnostics/transfer_matrix.csv,5853,4269f145af6b2c9baee9d9b19df373114cbb982dea3d6de35c99a512805947c8
run_diagnostics/ettm2_merge_n3_diagnostics/80620/merge_diagnostics/merge_scale_curve.csv,2881,f50b333769228099c61f55679bf598a1ef008dff2772dfe217c5d72803af9fb3
run_diagnostics/ettm2_merge_n3_diagnostics/80620/merge_diagnostics/source.json,982,636e4332f9f0785025aadaeb45e28404f3e6d5949150904cd5ca3739480775a2
run_diagnostics/ettm2_merge_n3_diagnostics/80620/merge_diagnostics/transfer_matrix.csv,5780,1b1d35c09c921802989a67a3f464798c0999444cedea0041e3c03f574889a7d0
run_diagnostics/ettm2_merge_n3_diagnostics/80951/merge_diagnostics/merge_scale_curve.csv,14651,c7d59044581c379b0bbf28abfd42fe42cb6bfd83936eab5b045b6a25b77ea496
run_diagnostics/ettm2_merge_n3_diagnostics/80951/merge_diagnostics/source.json,982,2145b465fb0587275e3c7370acc4351df6882c1472202e2cad9bbde39c1c55bb
run_diagnostics/ettm2_merge_n3_diagnostics/80951/merge_diagnostics/transfer_matrix.csv,5943,94247c86068b72c837894420da7fdeb99379044e9f1bfccf7b330638bbe0a582
run_diagnostics/ettm2_merge_n3_diagnostics/80952/merge_diagnostics/merge_scale_curve.csv,13547,18a785b999083925c2befa4d7283330aee6040f64eb4ba2aaa974691e847c315
run_diagnostics/ettm2_merge_n3_diagnostics/80952/merge_diagnostics/source.json,981,5ff16a4bb3681551857d362f82aa57d52e3ed765b12c989a7581dad6a7f4ceb9
run_diagnostics/ettm2_merge_n3_diagnostics/80952/merge_diagnostics/transfer_matrix.csv,5853,4269f145af6b2c9baee9d9b19df373114cbb982dea3d6de35c99a512805947c8
run_diagnostics/ettm2_merge_n3_diagnostics/80953/merge_diagnostics/merge_scale_curve.csv,14128,5d9cb18affa5d57c851ca8267fb16fe3a52de142b6e2c9fcca1e3126c79b7f62
run_diagnostics/ettm2_merge_n3_diagnostics/80953/merge_diagnostics/source.json,982,636e4332f9f0785025aadaeb45e28404f3e6d5949150904cd5ca3739480775a2
run_diagnostics/ettm2_merge_n3_diagnostics/80953/merge_diagnostics/transfer_matrix.csv,5785,6df8571f880c7b820815d8fa931a54bd85561335f9cb541e12de3564d6623bd0
run_diagnostics/ettm2_merge_n5_diagnostics/80624/merge_diagnostics/merge_scale_curve.csv,2981,33a5fb61ef937793830244774763d749d90c970654672253b98340500734bb84
run_diagnostics/ettm2_merge_n5_diagnostics/80624/merge_diagnostics/source.json,1165,f0eb01bd18f12ba0a3024635e2fcac5bcf80aec4c2f78c387fcdb128589c79c8
run_diagnostics/ettm2_merge_n5_diagnostics/80624/merge_diagnostics/transfer_matrix.csv,11304,e31a6516e16d8142721474cfa389e16a8081d848a30d2d9dc035dcba92c3b045
run_diagnostics/ettm2_merge_n5_diagnostics/80625/merge_diagnostics/merge_scale_curve.csv,2936,8fb155693462b242fb8b1b28c3568d757b8df7baa630144935d663cc2aac1c43
run_diagnostics/ettm2_merge_n5_diagnostics/80625/merge_diagnostics/source.json,1165,29bbc24f80f028df0a4b4dfc85105fa600d5c1d776602076da5f94af5432948f
run_diagnostics/ettm2_merge_n5_diagnostics/80625/merge_diagnostics/transfer_matrix.csv,11142,af57bb3d1bf360a035a016451aa62b501625eff57ee6f9584f61c3df617905ef
run_diagnostics/ettm2_merge_n5_diagnostics/80626/merge_diagnostics/merge_scale_curve.csv,2888,7f09d45d476fe60e209e705f546222d5428629edd8712e020fc4017108968751
run_diagnostics/ettm2_merge_n5_diagnostics/80626/merge_diagnostics/source.json,1165,aaf88dff28f9106ee34c870409b1256bff83ace93a279aa8da8bb028bb1c6d82
run_diagnostics/ettm2_merge_n5_diagnostics/80626/merge_diagnostics/transfer_matrix.csv,11006,3d2aa3c11c72c225faaaa2099ff3d9aa971a930b6ee01470000cf650b28bcbd4
run_diagnostics/ettm2_merge_n5_diagnostics/80954/merge_diagnostics/merge_scale_curve.csv,20137,b62f47a1e0bd5dc10bc87cd418aec44ecbfe49bbc2bb9be2ee78ba16c9d128e3
run_diagnostics/ettm2_merge_n5_diagnostics/80954/merge_diagnostics/source.json,1165,f0eb01bd18f12ba0a3024635e2fcac5bcf80aec4c2f78c387fcdb128589c79c8
run_diagnostics/ettm2_merge_n5_diagnostics/80954/merge_diagnostics/transfer_matrix.csv,11301,dd0fa0b114721eb279a9077aadbc4295b8b7d00c80a5df378e4e3b1a84e4c777
run_diagnostics/ettm2_merge_n5_diagnostics/80955/merge_diagnostics/merge_scale_curve.csv,19779,e93c9466ff6b374ee8b7faa06f46b8617042e721b731fd87d624ca4525127a4a
run_diagnostics/ettm2_merge_n5_diagnostics/80955/merge_diagnostics/source.json,1165,29bbc24f80f028df0a4b4dfc85105fa600d5c1d776602076da5f94af5432948f
run_diagnostics/ettm2_merge_n5_diagnostics/80955/merge_diagnostics/transfer_matrix.csv,11143,09f7e03d735e9f408d6641ed9932760feb098b31b44cbcd7b1b16979e455d622
run_diagnostics/ettm2_merge_n5_diagnostics/80956/merge_diagnostics/merge_scale_curve.csv,19434,18bba4035a6b18b2929030f280f39c2c33987977654ed9702d989014618b17ca
run_diagnostics/ettm2_merge_n5_diagnostics/80956/merge_diagnostics/source.json,1165,aaf88dff28f9106ee34c870409b1256bff83ace93a279aa8da8bb028bb1c6d82
run_diagnostics/ettm2_merge_n5_diagnostics/80956/merge_diagnostics/transfer_matrix.csv,11005,57b63aa8a18b22bd552cfd4d19012d1d6160d14eeff066ad02d213eb88df20db
run_diagnostics/exch_gate_incremental_diagnostics/79686/merge_diagnostics/merge_scale_curve.csv,13360,c616c2c150fbf3222c90c99cbdb2339cea10ff3e24699672461cfcd000e87ef9
run_diagnostics/exch_gate_incremental_diagnostics/79686/merge_diagnostics/source.json,960,c84512277a41ca8859ceed2ddeca9483c7611d98b87f36f83503782ce1c640d6
run_diagnostics/exch_gate_incremental_diagnostics/79686/merge_diagnostics/transfer_matrix.csv,5764,efc17ac7b3adac5eb618d47383e01ce4e5c02fb675816b42857e05f821915c7e
run_diagnostics/exch_gate_incremental_diagnostics/80910/merge_diagnostics/merge_scale_curve.csv,2664,fd988814db97539d137f38b06ea19c7f17ead4f9cc648bec8c0271ad72bfce79
run_diagnostics/exch_gate_incremental_diagnostics/80910/merge_diagnostics/source.json,992,e2cc3484ec226d9020a749ffd485fa4a384cd902b33db7c8bcd14be131e49079
run_diagnostics/exch_gate_incremental_diagnostics/80910/merge_diagnostics/transfer_matrix.csv,5692,bb2a41ff122de36c2aa7bf43a7ed4fd661766bb4736c864a98544521d843c2b2
run_diagnostics/exch_gate_incremental_diagnostics/80911/merge_diagnostics/merge_scale_curve.csv,2752,71887b3724da9ba081dab48f8f59fed3d52677f5c457fb9ed01f3028967d20a1
run_diagnostics/exch_gate_incremental_diagnostics/80911/merge_diagnostics/source.json,992,63ee72f07eb71ff79b150dc801d34edcb4f721b9cc31db56d2a66873f6d0309a
run_diagnostics/exch_gate_incremental_diagnostics/80911/merge_diagnostics/transfer_matrix.csv,5848,6ab3b4856393f92114d2a5bd685fc8b2c0078c9a0b6b3816d04d73f76386b5a0
run_diagnostics/exch_gate_incremental_diagnostics/80925/merge_diagnostics/merge_scale_curve.csv,13115,6a35d8ef84f8ef3f0afa70161f693a93abe2b4abb08d72a79decb0ba6586b4aa
run_diagnostics/exch_gate_incremental_diagnostics/80925/merge_diagnostics/source.json,992,e2cc3484ec226d9020a749ffd485fa4a384cd902b33db7c8bcd14be131e49079
run_diagnostics/exch_gate_incremental_diagnostics/80925/merge_diagnostics/transfer_matrix.csv,5692,bb2a41ff122de36c2aa7bf43a7ed4fd661766bb4736c864a98544521d843c2b2
run_diagnostics/exch_gate_incremental_diagnostics/80926/merge_diagnostics/merge_scale_curve.csv,13596,92912cb2f847fe0c5d1aca4d82b8920f29ed446293567d627cfc28082f3fba3c
run_diagnostics/exch_gate_incremental_diagnostics/80926/merge_diagnostics/source.json,992,63ee72f07eb71ff79b150dc801d34edcb4f721b9cc31db56d2a66873f6d0309a
run_diagnostics/exch_gate_incremental_diagnostics/80926/merge_diagnostics/transfer_matrix.csv,5848,6ab3b4856393f92114d2a5bd685fc8b2c0078c9a0b6b3816d04d73f76386b5a0
run_diagnostics/exch_incremental_diagnostics/79685/merge_diagnostics/merge_scale_curve.csv,13115,6a35d8ef84f8ef3f0afa70161f693a93abe2b4abb08d72a79decb0ba6586b4aa
run_diagnostics/exch_incremental_diagnostics/79685/merge_diagnostics/source.json,945,2332143a701bc94edfcd6416bf7538af2a67379dcf025bb2da2e18a04bf35a50
run_diagnostics/exch_incremental_diagnostics/79685/merge_diagnostics/transfer_matrix.csv,5692,bb2a41ff122de36c2aa7bf43a7ed4fd661766bb4736c864a98544521d843c2b2
run_diagnostics/exch_incremental_diagnostics/79687/merge_diagnostics/merge_scale_curve.csv,13615,d4ed644c9d269fee94a16eca1934ee135866f9b1aab2baa809b08d180c8c1828
run_diagnostics/exch_incremental_diagnostics/79687/merge_diagnostics/source.json,945,da9ddc48792b1586f369167be0790a5c6d24a0f4d28133574cbe350eefa45808
run_diagnostics/exch_incremental_diagnostics/79687/merge_diagnostics/transfer_matrix.csv,5849,af69b6a37f08540ed47601335c4d8981dd8478ee9e8cc3eae214075b200db761
run_diagnostics/exch_incremental_diagnostics/80912/merge_diagnostics/merge_scale_curve.csv,2715,f7f7dee1756d6908c1070c7e6fe8748f82bbf9ea79413b06c4041b0862961377
run_diagnostics/exch_incremental_diagnostics/80912/merge_diagnostics/source.json,982,6f02b5338a2b09203a8d595ca0abccbd479963a861bf8a9c3f609ea1cbae583c
run_diagnostics/exch_incremental_diagnostics/80912/merge_diagnostics/transfer_matrix.csv,5760,891477d0e6202e3b357c8c68858435abefa56e2647e01f297934f77f30f880a3
run_diagnostics/exch_incremental_diagnostics/80927/merge_diagnostics/merge_scale_curve.csv,13359,1d8fa49e65a0156cb8611b21a145aee97cb6abd45cab3b4f1eb755bb37870d23
run_diagnostics/exch_incremental_diagnostics/80927/merge_diagnostics/source.json,982,6f02b5338a2b09203a8d595ca0abccbd479963a861bf8a9c3f609ea1cbae583c
run_diagnostics/exch_incremental_diagnostics/80927/merge_diagnostics/transfer_matrix.csv,5760,891477d0e6202e3b357c8c68858435abefa56e2647e01f297934f77f30f880a3
run_diagnostics/noisefloor_etth_diagnostics/79457/merge_diagnostics/merge_scale_curve.csv,13073,e1793ab94254f902b9fc8130f216c1f3e132d513782bf45196af63d4371f7648
run_diagnostics/noisefloor_etth_diagnostics/79457/merge_diagnostics/source.json,969,234a164dedf765ed2b1f04a84409d9b4f79a119a462f9ccf63b1a5ae9aff37fc
run_diagnostics/noisefloor_etth_diagnostics/79457/merge_diagnostics/transfer_matrix.csv,5667,887e8d6f826d69b4615183d33848c849c63a366965b2fb32621a84cdc536889f
run_diagnostics/noisefloor_etth_diagnostics/79458/merge_diagnostics/merge_scale_curve.csv,13535,3d744fdc6715b03ea8698eeab6e3e1c41fbc081d35247f170215373ec7bbdde1
run_diagnostics/noisefloor_etth_diagnostics/79458/merge_diagnostics/source.json,969,b3349ada157314aad389084022ae84b96b56f77dcd404279945768ce6c6f9483
run_diagnostics/noisefloor_etth_diagnostics/79458/merge_diagnostics/transfer_matrix.csv,5821,2bb1780c08c15537d69deb78789b3ada39be9902f1e20af39aa305edb5d13863
run_diagnostics/noisefloor_etth_diagnostics/80913/merge_diagnostics/merge_scale_curve.csv,2713,147b3fda7a72426adde121c7d978a1b58da074c7dcf33113a92048d0f5e6e757
run_diagnostics/noisefloor_etth_diagnostics/80913/merge_diagnostics/source.json,981,0a58bff26ecf1b7d785284abd8344352bb7ff9f4d7722b26c6ca3134b12fe07e
run_diagnostics/noisefloor_etth_diagnostics/80913/merge_diagnostics/transfer_matrix.csv,5736,141a6424665f42001b12e05386dbc9af4f87879d5589f3cb1fd153c44976ef1a
run_diagnostics/noisefloor_etth_diagnostics/80928/merge_diagnostics/merge_scale_curve.csv,13303,3f58aab761bf337e3d09a90bf227c9e08769c59bf2c3a21a7fe66e036047413f
run_diagnostics/noisefloor_etth_diagnostics/80928/merge_diagnostics/source.json,981,0a58bff26ecf1b7d785284abd8344352bb7ff9f4d7722b26c6ca3134b12fe07e
run_diagnostics/noisefloor_etth_diagnostics/80928/merge_diagnostics/transfer_matrix.csv,5736,141a6424665f42001b12e05386dbc9af4f87879d5589f3cb1fd153c44976ef1a
run_diagnostics/noisefloor_psm_diagnostics/79455/merge_diagnostics/merge_scale_curve.csv,16456,71d1471c14613d24c4acd8ef948124d92c168958166710765c0d0bc201cc61ce
run_diagnostics/noisefloor_psm_diagnostics/79455/merge_diagnostics/source.json,962,31d4436a8363917e322366d1ab9a2e26560a064548f707770e6fbbb2d8954c7a
run_diagnostics/noisefloor_psm_diagnostics/79455/merge_diagnostics/transfer_matrix.csv,16431,0e0a9875476a47e8c5a320edb1c0d2de7b7d347f2f93788956a830210323c804
run_diagnostics/noisefloor_psm_diagnostics/79456/merge_diagnostics/merge_scale_curve.csv,16997,e8315def47ad3e7e3ed0931c4e39b1b8c1042fe7ff9b23a700f64c3f56f8a038
run_diagnostics/noisefloor_psm_diagnostics/79456/merge_diagnostics/source.json,962,10a5b6163a41dd03c8ff3ff85d274e9c7c6cb782a084295d33bd64473a5c5a07
run_diagnostics/noisefloor_psm_diagnostics/79456/merge_diagnostics/transfer_matrix.csv,16926,f1470d0c092b31501d93fe2b75fd2c3debbfde8a004ed636b42a55edc36e5599
run_diagnostics/noisefloor_psm_diagnostics/80929/merge_diagnostics/merge_scale_curve.csv,37909,30757b40297893d6eca5467a7abe790f7a0d564c94b453593f53ba69421f414b
run_diagnostics/noisefloor_psm_diagnostics/80929/merge_diagnostics/source.json,983,4fc2fe7c4f7df0c4e20c39655ebaf15a0e049d0e829d4ed952035a946310bc8d
run_diagnostics/noisefloor_psm_diagnostics/80929/merge_diagnostics/transfer_matrix.csv,16674,72a86e70619ae4c02154b5e57c9d699ccd17663c37bb4d2227c6b55c4731df2d
run_diagnostics/noisefloor_psm_diagnostics/81300/merge_diagnostics/merge_scale_curve.csv,37263,2f55e9f4a1eaee1c04af4f3650fd662938dde01259e26b6a1008020e343fd5bd
run_diagnostics/noisefloor_psm_diagnostics/81300/merge_diagnostics/source.json,983,cf877ca1556e4dda0e422997faa8ef0b852746e9b34c9b53fca7dae217e31e55
run_diagnostics/noisefloor_psm_diagnostics/81300/merge_diagnostics/transfer_matrix.csv,16440,b9babb138298d7bde463dc2f4873b9357d9b0484379f7d7f895a9aaa859cfd7f
run_diagnostics/noisefloor_psm_diagnostics/81301/merge_diagnostics/merge_scale_curve.csv,38512,51cfb3f8407b44838419e7391bb2c5d02001bfa507e03578f4382e4b2863acbd
run_diagnostics/noisefloor_psm_diagnostics/81301/merge_diagnostics/source.json,983,42ee126da5649030aef71eb44cb8c1638a13e64c36c1146bb99cf89a19cc64c5
run_diagnostics/noisefloor_psm_diagnostics/81301/merge_diagnostics/transfer_matrix.csv,16927,bb20e1e7213998202a5b83ce5d0930760e88c91a99e26a315dba9ee4823895f7
run_diagnostics/noisefloor_swat_diagnostics/79453/merge_diagnostics/merge_scale_curve.csv,16673,6bcff7608a30d30baefdc620fa74ec6546df00d6b8e0281c0a350dd52e469a71
run_diagnostics/noisefloor_swat_diagnostics/79453/merge_diagnostics/source.json,970,4ebc08a6eab627b5575a5e074a54ba4550ae88388c6602aceaad91370e4b951a
run_diagnostics/noisefloor_swat_diagnostics/79453/merge_diagnostics/transfer_matrix.csv,16338,da64d3c52bf06e818b591045c260fc78bd9324ed6a81315d067ff6c60a2514a7
run_diagnostics/noisefloor_swat_diagnostics/79454/merge_diagnostics/merge_scale_curve.csv,17282,51cad0a7e160fe5f47545002e69aff92cf15b6926dec3dab2cd615a6cb8a79ea
run_diagnostics/noisefloor_swat_diagnostics/79454/merge_diagnostics/source.json,970,100bf8529e7f9c460b084738ad856e248237b4ce4e08592acb1ead7f80f0fe78
run_diagnostics/noisefloor_swat_diagnostics/79454/merge_diagnostics/transfer_matrix.csv,16791,d75f30ea61a8086981f39fae7d1f3dea2047a81148cca2ccae2b66487c130492
run_diagnostics/noisefloor_swat_diagnostics/80930/merge_diagnostics/merge_scale_curve.csv,38482,353bb9153a7a2e3d1c6858c766ec4aac1688ee43c034a8a3dfc5358ebdcca54a
run_diagnostics/noisefloor_swat_diagnostics/80930/merge_diagnostics/source.json,991,fb61c0d8ae5bdc8aa49c5d66cf4b7c6b5649fc8c129be6d5e1659a7ea17bd119
run_diagnostics/noisefloor_swat_diagnostics/80930/merge_diagnostics/transfer_matrix.csv,16659,2c7d3a316049f04c38477fa817ea28c9b86b318395cedf40bec8faf0c79b2364
run_diagnostics/noisefloor_swat_diagnostics/81302/merge_diagnostics/merge_scale_curve.csv,37787,2bf9965a6179b59d6ac73e08408b0fcb62f7e3ab8fbb3bd135e4394166cfd762
run_diagnostics/noisefloor_swat_diagnostics/81302/merge_diagnostics/source.json,991,256b43ac53e5a0e6e8b2aa6878b53002d04aa819781152e0c65ec4cadb04a958
run_diagnostics/noisefloor_swat_diagnostics/81302/merge_diagnostics/transfer_matrix.csv,16358,3470a7f49d3a51e054ba2280ecb5babce4997c342e867f3ad97e4ba22e21cc47
run_diagnostics/noisefloor_swat_diagnostics/81303/merge_diagnostics/merge_scale_curve.csv,39125,b05371d59739d6ef3f77f08b302bbdb9041f0f66055bf6030ae9fff6a2633896
run_diagnostics/noisefloor_swat_diagnostics/81303/merge_diagnostics/source.json,991,0f4608944f7ba9b1b7c8a36c6d73a4c0d9229537d87b5c145ef759f6a44134ee
run_diagnostics/noisefloor_swat_diagnostics/81303/merge_diagnostics/transfer_matrix.csv,16759,52864b50b14a767bf72f945c70b92ad2248286898c80a70f94b63bb8dbe174b9
run_diagnostics/segsweep_etth1_merge_n2_diagnostics/80287/merge_diagnostics/merge_scale_curve.csv,10889,7974f9b3428f24e950b87df17fb7c7dcfb3c49d4eadbaf8e456efbf5335c37cd
run_diagnostics/segsweep_etth1_merge_n2_diagnostics/80287/merge_diagnostics/source.json,904,1fb4acbb112148c31741233333c2bb0b2cf1e8f4df19ded18f4ef16c46a5e98a
run_diagnostics/segsweep_etth1_merge_n2_diagnostics/80287/merge_diagnostics/transfer_matrix.csv,3816,7052c9fcb7c9a1440b75da2111060c2f427b4b189cb27d62619eb3a067d76a8d
run_diagnostics/segsweep_etth1_merge_n2_diagnostics/80288/merge_diagnostics/merge_scale_curve.csv,10672,82fc427c4a8558fc964b4000e0b35556d0ff2530fc194b6eb35ae0dfba46adc4
run_diagnostics/segsweep_etth1_merge_n2_diagnostics/80288/merge_diagnostics/source.json,924,090cb3c50e69b7a9d09507b6b33da4deaf8a697d7b5aa172ffafcf68a03936a7
run_diagnostics/segsweep_etth1_merge_n2_diagnostics/80288/merge_diagnostics/transfer_matrix.csv,3763,9eb3e27c6615561040cdbe14fa002c0315492491603ee2ce2d2c108bc269bb23
run_diagnostics/segsweep_etth1_merge_n2_diagnostics/80289/merge_diagnostics/merge_scale_curve.csv,10495,89bddd0e8282af69be537ce494cbd86df2368ef8194fc6da7b9bd510546a113d
run_diagnostics/segsweep_etth1_merge_n2_diagnostics/80289/merge_diagnostics/source.json,904,e336aaff71f71ab2554331f5f02c741d02c0837e09776b39a87bba7a554293b4
run_diagnostics/segsweep_etth1_merge_n2_diagnostics/80289/merge_diagnostics/transfer_matrix.csv,3716,ae1e07e6140297b4c71db23409fcc6e8b1574b23997d1337b6ae450bcca914d7
run_diagnostics/segsweep_etth1_merge_n5_diagnostics/80290/merge_diagnostics/merge_scale_curve.csv,18578,13f88ca8fe9b6ff4b63c2a6eae1abd682adf70e4b684b45db62a7b5440308dac
run_diagnostics/segsweep_etth1_merge_n5_diagnostics/80290/merge_diagnostics/source.json,1178,9ead9af3f9347860cadc5e34ccf9483e57378c62ec134057e4ec722fe363c84f
run_diagnostics/segsweep_etth1_merge_n5_diagnostics/80290/merge_diagnostics/transfer_matrix.csv,11089,302309110ef837d2a0b796369ed63bd56e2caf9e3a1ddb6cb1e06cc80728d5e2
run_diagnostics/segsweep_etth1_merge_n5_diagnostics/80291/merge_diagnostics/merge_scale_curve.csv,18274,54f1601eb2153c097148ad2cb5f61427fdae94f5958d0ce3424d2c9b9a323ac1
run_diagnostics/segsweep_etth1_merge_n5_diagnostics/80291/merge_diagnostics/source.json,1198,f6e88c5e19235764d6f63e5d7cdee463c7179d797cd3e0f1b65fcfc5ced0adb1
run_diagnostics/segsweep_etth1_merge_n5_diagnostics/80291/merge_diagnostics/transfer_matrix.csv,10944,7d837b1e9480c48b68e25d6bb6e0154db74bd5b488b34f901718499b85cf9b76
run_diagnostics/segsweep_etth1_merge_n5_diagnostics/80292/merge_diagnostics/merge_scale_curve.csv,17949,d7a0852e51a2e71339a219f5e0b4b7c95c82766bc473cb2b5d27567005af35cd
run_diagnostics/segsweep_etth1_merge_n5_diagnostics/80292/merge_diagnostics/source.json,1178,9abff32f6fdc3f1a0987c742c9fb4ffb524c3bc55c5877ad53f3056bfa71e244
run_diagnostics/segsweep_etth1_merge_n5_diagnostics/80292/merge_diagnostics/transfer_matrix.csv,10786,0bb3224280cd70c168362989b90feb4b0118fca7a1ec0072cefdc5996daceed6
run_diagnostics/segsweep_exchange_merge_n2_diagnostics/80293/merge_diagnostics/merge_scale_curve.csv,10748,0103ff4bcacf527f655b5d19670d44a818d2134f0bbc618dee4c15067e7b0856
run_diagnostics/segsweep_exchange_merge_n2_diagnostics/80293/merge_diagnostics/source.json,909,bf3be234afdcceb3ca53f8daadc8c45ca64ac0900472f9e1fde618c5e7e850ce
run_diagnostics/segsweep_exchange_merge_n2_diagnostics/80293/merge_diagnostics/transfer_matrix.csv,3784,067dae65a168bcd361677f3d4be37e7de87038ddcf9ecbe6127b9fbed56048da
run_diagnostics/segsweep_exchange_merge_n2_diagnostics/80294/merge_diagnostics/merge_scale_curve.csv,10544,089e422992842213ce6cf6e736c1434f51bd831497ec1b63bef7ab28650d9e54
run_diagnostics/segsweep_exchange_merge_n2_diagnostics/80294/merge_diagnostics/source.json,904,34735cb32e65678346ba48b3dcf5516e4596b93f33720092e99363375f4327e7
run_diagnostics/segsweep_exchange_merge_n2_diagnostics/80294/merge_diagnostics/transfer_matrix.csv,3735,d62a579933928d31c3532661d0daaebe8ecb5c57b384cef67f27d0d2f9a5f6a1
run_diagnostics/segsweep_exchange_merge_n2_diagnostics/80295/merge_diagnostics/merge_scale_curve.csv,10936,1977cef74f1ad1f72383272896b9879fed1b20a53bb99d169240a4ea7900c690
run_diagnostics/segsweep_exchange_merge_n2_diagnostics/80295/merge_diagnostics/source.json,904,737f9ac2e2f8d2bae36c685cb4eb150f63a497a588205641851cdc62151e03a4
run_diagnostics/segsweep_exchange_merge_n2_diagnostics/80295/merge_diagnostics/transfer_matrix.csv,3836,981194840ee659f4e29e5e4f391449a26b05d8576dc596292a5af70974c4a306
run_diagnostics/segsweep_exchange_merge_n5_diagnostics/80296/merge_diagnostics/merge_scale_curve.csv,18907,eaa2e3dc3c67ba5c18a320277732a302a32d4fa70de5738bfb294e1da944c238
run_diagnostics/segsweep_exchange_merge_n5_diagnostics/80296/merge_diagnostics/source.json,1183,f16df78ba04992c6e9a7b190842f473dddadbf259e4852111b4b65d8d2ea543c
run_diagnostics/segsweep_exchange_merge_n5_diagnostics/80296/merge_diagnostics/transfer_matrix.csv,11251,2760b99ef9fad5e8d5768e62006487d11a5331517aebbca6d0a6fecad1cc4ef3
run_diagnostics/segsweep_exchange_merge_n5_diagnostics/80297/merge_diagnostics/merge_scale_curve.csv,18545,37c2a606d453869ef85f8be72c4087b98e7216db778ffeceb74bc4e4f37d203c
run_diagnostics/segsweep_exchange_merge_n5_diagnostics/80297/merge_diagnostics/source.json,1188,5863c65c7855fc02d6826321275b5cae68df63c0e593aabc0a6d66cfcc5d518c
run_diagnostics/segsweep_exchange_merge_n5_diagnostics/80297/merge_diagnostics/transfer_matrix.csv,11087,54daea6d02fa5b480e46bfdbbc6198af98acae4f25b27a98975cfa5e70860ccc
run_diagnostics/segsweep_exchange_merge_n5_diagnostics/80298/merge_diagnostics/merge_scale_curve.csv,18221,b9d41c1db953767117f9cb3aecf802b3bc798f7c057b66c430334438bd711d1c
run_diagnostics/segsweep_exchange_merge_n5_diagnostics/80298/merge_diagnostics/source.json,1183,e3c324b98f1691b180ccd9cb1385fec34ae1e05c80ac772a56f6222bdce2d566
run_diagnostics/segsweep_exchange_merge_n5_diagnostics/80298/merge_diagnostics/transfer_matrix.csv,10934,1b71de623c62d614c01b3dd24c718bf4776fc4e9c72388c197be82fde1ed8d3b
run_diagnostics/segsweep_psm_merge_n2_diagnostics/79975/merge_diagnostics/merge_scale_curve.csv,14340,45ad8c4b55ec8b13c054d1c6a6a7f8e9f024635d5fe34dcf6eeed66b759cdb48
run_diagnostics/segsweep_psm_merge_n2_diagnostics/79975/merge_diagnostics/source.json,873,30328c0b6411c68be02242ea85815cf5c11fed816c08678f81c16432818a397f
run_diagnostics/segsweep_psm_merge_n2_diagnostics/79975/merge_diagnostics/transfer_matrix.csv,11880,c4d00ded300d14de64dc88ba69ce0b3b69cb7604eb0b874f74a9c515cab95aae
run_diagnostics/segsweep_psm_merge_n2_diagnostics/80931/merge_diagnostics/merge_scale_curve.csv,31937,cac9fc8b56ade80c71ee2dca0527158b95df616e153ed691c80355e04490f8d5
run_diagnostics/segsweep_psm_merge_n2_diagnostics/80931/merge_diagnostics/source.json,903,bebfaff7bf85f97c6cea84805968e130f931d500a312f0d9672c2437b3545ed7
run_diagnostics/segsweep_psm_merge_n2_diagnostics/80931/merge_diagnostics/transfer_matrix.csv,11711,3270579ecec4dad9c8e5d71d984d1724453c983b9ce08c6619f57348d6ca911a
run_diagnostics/segsweep_psm_merge_n2_diagnostics/80932/merge_diagnostics/merge_scale_curve.csv,33009,6317458f12b657cc3891cf95218c4e2b74bc39e8eed5e77d63dbc64eac78979c
run_diagnostics/segsweep_psm_merge_n2_diagnostics/80932/merge_diagnostics/source.json,903,109f4b1453f851eef7022f0810006bd954fb828e033c1b15c5addbf4745d66b8
run_diagnostics/segsweep_psm_merge_n2_diagnostics/80932/merge_diagnostics/transfer_matrix.csv,12042,8775971219cb4b4a9c46dbc21d11805fd4b14fb8bf4e7f42b48519cf0c0312b3
run_diagnostics/segsweep_psm_merge_n2_diagnostics/81304/merge_diagnostics/merge_scale_curve.csv,32464,5466f8c56b8d20cb1ca701f3c462d79e3b3abafcd382289e214844e16db0e951
run_diagnostics/segsweep_psm_merge_n2_diagnostics/81304/merge_diagnostics/source.json,903,e1499590a09ec06a1f18d05534404724a5c98012ab517e4e7f5b51c512343edc
run_diagnostics/segsweep_psm_merge_n2_diagnostics/81304/merge_diagnostics/transfer_matrix.csv,11884,9123704834a5b3465f20e3210afbf0962d31681ed758b84ee2bb8a7ab3d8715b
run_diagnostics/segsweep_psm_merge_n5_diagnostics/79976/merge_diagnostics/merge_scale_curve.csv,21461,8e5fe496b1636ff25882b7bbdf96aec370c3123e6076e3655ec840bd8377d7a9
run_diagnostics/segsweep_psm_merge_n5_diagnostics/79976/merge_diagnostics/source.json,1155,38924b0169fe4f48e19bd99932c7888f6ca6c321dbfbaf9856a85108c045254e
run_diagnostics/segsweep_psm_merge_n5_diagnostics/79976/merge_diagnostics/transfer_matrix.csv,28916,78ed1a689228b71023aa6257ae02f04498d5ef3f9609ebba68f68c739c71fe6b
run_diagnostics/segsweep_psm_merge_n5_diagnostics/80933/merge_diagnostics/merge_scale_curve.csv,47867,8743c5b190c0c46afa51d4e2c09b21c185148e786ccd3941d5a82645c559c1db
run_diagnostics/segsweep_psm_merge_n5_diagnostics/80933/merge_diagnostics/source.json,1185,748e1cc2b5f04ec0164ccc39711429cd9c9679e6a21983e38c7b8c4253f9fd93
run_diagnostics/segsweep_psm_merge_n5_diagnostics/80933/merge_diagnostics/transfer_matrix.csv,28550,3be8df5538a7d1c65033923c9ee5008990056ed127840c4df7b6073ae15092a4
run_diagnostics/segsweep_psm_merge_n5_diagnostics/80934/merge_diagnostics/merge_scale_curve.csv,49436,b608ce9b0c19d737447b79b95c705871e272fa60687667c7f43425b6492b52a8
run_diagnostics/segsweep_psm_merge_n5_diagnostics/80934/merge_diagnostics/source.json,1185,81c7a4a7798c4c4740a97ae41a78b93e747055f10d0c26cdc81f4744300389df
run_diagnostics/segsweep_psm_merge_n5_diagnostics/80934/merge_diagnostics/transfer_matrix.csv,29232,930e86b39e05f5fc23e006dbee91fe4cc4520e8b23eb3441de26d664fb7e0f0f
run_diagnostics/segsweep_psm_merge_n5_diagnostics/81305/merge_diagnostics/merge_scale_curve.csv,48646,66956b1a89e5850c9e94ee8db4d67ced1cb4cafd747d8b4b337d42553217d4db
run_diagnostics/segsweep_psm_merge_n5_diagnostics/81305/merge_diagnostics/source.json,1185,dce2e434651069eedaa7977431a468e982982dae5b200c55955b1023c0e20f74
run_diagnostics/segsweep_psm_merge_n5_diagnostics/81305/merge_diagnostics/transfer_matrix.csv,28925,943a51e3318731a59b29e0feaf127d5a8d9677bd8492e314372ed0491cd00676
run_diagnostics/segsweep_swat_merge_n2_diagnostics/79977/merge_diagnostics/merge_scale_curve.csv,14589,e98141454396d4b766c07ac455a92bf54b856c7f73e3ddd6322fe2d52a1a8e52
run_diagnostics/segsweep_swat_merge_n2_diagnostics/79977/merge_diagnostics/source.json,880,5523c81061cb26b35c236ecb8cc97d26d1864f5eb92c2c13edce934dc5aa0264
run_diagnostics/segsweep_swat_merge_n2_diagnostics/79977/merge_diagnostics/transfer_matrix.csv,11772,deb9611f02520919eacf525858b12e572cc05ed1b439115726bdd8202bc71419
run_diagnostics/segsweep_swat_merge_n2_diagnostics/80935/merge_diagnostics/merge_scale_curve.csv,32436,2ba1f3dd475f1a6fd9c2927ea8850f14d97846c26dcd5124caa6cbc39cb76c0c
run_diagnostics/segsweep_swat_merge_n2_diagnostics/80935/merge_diagnostics/source.json,910,95e7cbaef6193871c3c2270599df76bd47e2f2aa16111716d72a3946dd0f83b4
run_diagnostics/segsweep_swat_merge_n2_diagnostics/80935/merge_diagnostics/transfer_matrix.csv,11813,01ce445a91e5088649e762817c964725b98dd30d0856e3aa6f36626db5c76545
run_diagnostics/segsweep_swat_merge_n2_diagnostics/80936/merge_diagnostics/merge_scale_curve.csv,33529,8bf414a9274ea76f514e10f4bd83a64062b6374a40a872afaff55be57bd61f39
run_diagnostics/segsweep_swat_merge_n2_diagnostics/80936/merge_diagnostics/source.json,910,a7823c5a52ddbe7eb2b29e4871afc18f684392b5c906a59c3a6881a7e11e99dd
run_diagnostics/segsweep_swat_merge_n2_diagnostics/80936/merge_diagnostics/transfer_matrix.csv,12153,785c16976ef9803e754f659ee046415a2d63bc1fa42f60ac5687ad5c0d879fdd
run_diagnostics/segsweep_swat_merge_n2_diagnostics/81306/merge_diagnostics/merge_scale_curve.csv,33036,f235786ea0fb0371ebd1ce2037a5a72c9a30ab882559df707443fce1b2f4b66d
run_diagnostics/segsweep_swat_merge_n2_diagnostics/81306/merge_diagnostics/source.json,910,c320b4f678dc58f4ec0732ff101936da314e67a7dada462e39c719d951cee8f7
run_diagnostics/segsweep_swat_merge_n2_diagnostics/81306/merge_diagnostics/transfer_matrix.csv,11814,b3cf2469da3570d21fefcd9e4c96cba8fc742bea019241a511a2ee9ddbb6cee3
run_diagnostics/segsweep_swat_merge_n5_diagnostics/79978/merge_diagnostics/merge_scale_curve.csv,21603,16b7e4d3aa5cef5d37e842e92a17f9a36c02821ebeca3ffe8a5e250dd2dda2ca
run_diagnostics/segsweep_swat_merge_n5_diagnostics/79978/merge_diagnostics/source.json,1160,c0b30032ca037b468f3d7aefda7047c23255d99643f8362dc0fb18367a424225
run_diagnostics/segsweep_swat_merge_n5_diagnostics/79978/merge_diagnostics/transfer_matrix.csv,28677,008a0a99039504581354009e5c33a12fd44b005ff37ae4ce11d61c4e68620c53
run_diagnostics/segsweep_swat_merge_n5_diagnostics/80937/merge_diagnostics/transfer_matrix.csv,28490,18c1244ffd7eb110bce10edc0d7f4529a0a86f2939deb6a5d1b5538039a2185c
run_diagnostics/segsweep_swat_merge_n5_diagnostics/80938/merge_diagnostics/transfer_matrix.csv,29307,37480b5d944166e8da16323dcae82b117e298174d6b39262891ac180e6453bb9
run_diagnostics/segsweep_swat_merge_n5_diagnostics/81109/merge_diagnostics/merge_scale_curve.csv,48287,b3d92c54ebd43085a6fb6e36f32deadf2bd87c84c5bac0287b3877110a598ffa
run_diagnostics/segsweep_swat_merge_n5_diagnostics/81109/merge_diagnostics/source.json,1190,18963d0f9f4732648f8afbf359b8549ab9ffc8e87ce3fc105619382088f6099c
run_diagnostics/segsweep_swat_merge_n5_diagnostics/81109/merge_diagnostics/transfer_matrix.csv,28499,b005723a55d86a0f0a705d7e4824fa45d53d89d7235dc22ccc003f8cb6d3f9d3
run_diagnostics/segsweep_swat_merge_n5_diagnostics/81110/merge_diagnostics/merge_scale_curve.csv,49753,46dbc3d7b7c605bf0a4526b65aa60cf385296e8fbf6cf1adf0a28b56ef11f3fe
run_diagnostics/segsweep_swat_merge_n5_diagnostics/81110/merge_diagnostics/source.json,1190,0d4468e71dcb84d757b6075c07b7570bd55964c67f8f0ade506f543cb7f906e4
run_diagnostics/segsweep_swat_merge_n5_diagnostics/81110/merge_diagnostics/transfer_matrix.csv,29307,37480b5d944166e8da16323dcae82b117e298174d6b39262891ac180e6453bb9
run_diagnostics/segsweep_swat_merge_n5_diagnostics/81307/merge_diagnostics/merge_scale_curve.csv,49003,a2a0eff6fbf90448b8d3cc614438919273fc00b8dcc58f6b4becfda81a089d08
run_diagnostics/segsweep_swat_merge_n5_diagnostics/81307/merge_diagnostics/source.json,1190,a8032d2df2870d31dbaaeb7cd15bda74800fe9fe5ffdf9a59000517f9a10cef6
run_diagnostics/segsweep_swat_merge_n5_diagnostics/81307/merge_diagnostics/transfer_matrix.csv,28694,1a9ea2616ac8ccac6d845e05472b0d29d9601dd6b36e53b0d9b0341089e01962
run_diagnostics/slurm_grid_etth_forecast_train_incremental_diagnostics/78072/merge_diagnostics/merge_scale_curve.csv,2466,98149d9b7b26fdd43d8def5d378a793bdf5ed0adf460a3a819a0f443528c8aa8
run_diagnostics/slurm_grid_etth_forecast_train_incremental_diagnostics/78072/merge_diagnostics/source.json,1023,27d844f3805e1eb27e8755272e30772b7eb03894a4411e45f0a29f725662460d
run_diagnostics/slurm_grid_etth_forecast_train_incremental_diagnostics/78072/merge_diagnostics/transfer_matrix.csv,5750,4457fc99d02004fb2d7d3fe69c52f71e0ba579227a8dc2f0e0b91a0afb0f876a
run_diagnostics/slurm_grid_etth_forecast_train_incremental_diagnostics/79146/merge_diagnostics/merge_scale_curve.csv,13332,2507295b21bfdc09de0b18c64c9476d1d71480f100186044ad6d236321034d9c
run_diagnostics/slurm_grid_etth_forecast_train_incremental_diagnostics/79146/merge_diagnostics/source.json,1023,27d844f3805e1eb27e8755272e30772b7eb03894a4411e45f0a29f725662460d
run_diagnostics/slurm_grid_etth_forecast_train_incremental_diagnostics/79146/merge_diagnostics/transfer_matrix.csv,5750,4457fc99d02004fb2d7d3fe69c52f71e0ba579227a8dc2f0e0b91a0afb0f876a
run_diagnostics/slurm_grid_etth_forecast_train_incremental_diagnostics/79153/merge_diagnostics/merge_scale_curve.csv,13312,9a992619d4c1918acd66d9d155fca832126beb5c49bd3282d389edcc40581a7f
run_diagnostics/slurm_grid_etth_forecast_train_incremental_diagnostics/79153/merge_diagnostics/source.json,1023,2a5506312ee77687063d8365e76758461373c731b9a8f8e5e8aa3106d9f163e2
run_diagnostics/slurm_grid_etth_forecast_train_incremental_diagnostics/79153/merge_diagnostics/transfer_matrix.csv,5744,7632dcbba36b5e29868d3c0814f9effe38fbfd42d959432170a89414543fbd16
run_diagnostics/slurm_grid_psm_train_incremental_diagnostics/78071/merge_diagnostics/merge_scale_curve.csv,6444,fda8fb542e6c0799c6992b2fb4d21e167a539c9c11712949f71505ecd4ae03da
run_diagnostics/slurm_grid_psm_train_incremental_diagnostics/78071/merge_diagnostics/source.json,998,70287e59b938917a85e215fc03c87cb649f51c2e1a0056a48aba73f35f9c22e4
run_diagnostics/slurm_grid_psm_train_incremental_diagnostics/78071/merge_diagnostics/transfer_matrix.csv,16667,0460473c6ffa4fa865e8d93b4ac5bf8162ab17c87c9355925ceda0b1d6c7e9ca
run_diagnostics/slurm_grid_psm_train_incremental_diagnostics/79147/merge_diagnostics/merge_scale_curve.csv,16733,98b3e496958566cdf61aca617c299a828c5755e6d387b484b4eac0de537a5711
run_diagnostics/slurm_grid_psm_train_incremental_diagnostics/79147/merge_diagnostics/source.json,998,70287e59b938917a85e215fc03c87cb649f51c2e1a0056a48aba73f35f9c22e4
run_diagnostics/slurm_grid_psm_train_incremental_diagnostics/79147/merge_diagnostics/transfer_matrix.csv,16684,9508bc9f09c1d6eccd62e3a942af61dc7911017dfa8d2eb3dbb03432a2640b4b
run_diagnostics/slurm_grid_swat_train_incremental_diagnostics/78070/merge_diagnostics/merge_scale_curve.csv,6523,f1a011eae22195443a6712cbd6e1c4b25ad20ec093e672c36d2a8c51c5818ad5
run_diagnostics/slurm_grid_swat_train_incremental_diagnostics/78070/merge_diagnostics/source.json,1006,9beef0594098edf502d8c4dd48f73dbe9f3626549b62fb3d0c031067e12bd33a
run_diagnostics/slurm_grid_swat_train_incremental_diagnostics/78070/merge_diagnostics/transfer_matrix.csv,16620,fe5d64a871fad092b63b0bdedf2613d1df41b4e61073ab4aa464985e5c7ad7f6
run_diagnostics/slurm_grid_swat_train_incremental_diagnostics/79148/merge_diagnostics/merge_scale_curve.csv,16994,293ec91d8746e525df0402654da6050dfc2d96452a0669487f418e765603aa96
run_diagnostics/slurm_grid_swat_train_incremental_diagnostics/79148/merge_diagnostics/source.json,1006,9beef0594098edf502d8c4dd48f73dbe9f3626549b62fb3d0c031067e12bd33a
run_diagnostics/slurm_grid_swat_train_incremental_diagnostics/79148/merge_diagnostics/transfer_matrix.csv,16621,216418ac31c781ef46c712efeb56e0283af934fd80049d55f395741dc94d420c
