experiment,path,bytes,status,actual_sha256
adfc2_psm_joint,adfc2_psm_joint/85153/train/checkpoints/best.pt,2937108,ok,
adfc2_psm_joint,adfc2_psm_joint/85153/train/checkpoints/last.pt,2937108,ok,
adfc2_psm_joint,adfc2_psm_joint/85154/train/checkpoints/best.pt,2937108,ok,
adfc2_psm_joint,adfc2_psm_joint/85154/train/checkpoints/last.pt,2937108,ok,
adfc2_psm_joint,adfc2_psm_joint/85155/train/checkpoints/best.pt,2937108,ok,
adfc2_psm_joint,adfc2_psm_joint/85155/train/checkpoints/last.pt,2937108,ok,
adfc2_psm_joint_oldmask,adfc2_psm_joint_oldmask/84622/train/checkpoints/best.pt,2937108,ok,
adfc2_psm_joint_oldmask,adfc2_psm_joint_oldmask/84622/train/checkpoints/last.pt,2937108,ok,
adfc2_psm_joint_oldmask,adfc2_psm_joint_oldmask/84623/train/checkpoints/best.pt,2937108,ok,
adfc2_psm_joint_oldmask,adfc2_psm_joint_oldmask/84623/train/checkpoints/last.pt,2937108,ok,
adfc2_psm_joint_oldmask,adfc2_psm_joint_oldmask/84624/train/checkpoints/best.pt,2937108,ok,
adfc2_psm_joint_oldmask,adfc2_psm_joint_oldmask/84624/train/checkpoints/last.pt,2937108,ok,
adfc2_psm_merge_n2,adfc2_psm_merge_n2/85135/baseline/checkpoints/best.pt,2937108,ok,
adfc2_psm_merge_n2,adfc2_psm_merge_n2/85135/baseline/checkpoints/last.pt,2937108,ok,
adfc2_psm_merge_n2,adfc2_psm_merge_n2/85135/finetune_0/checkpoints/best.pt,2937108,ok,
adfc2_psm_merge_n2,adfc2_psm_merge_n2/85135/finetune_0/checkpoints/last.pt,2937108,ok,
adfc2_psm_merge_n2,adfc2_psm_merge_n2/85135/finetune_1/checkpoints/best.pt,2937108,ok,
adfc2_psm_merge_n2,adfc2_psm_merge_n2/85135/finetune_1/checkpoints/last.pt,2937108,ok,
adfc2_psm_merge_n2,adfc2_psm_merge_n2/85135/merged/checkpoints/best.pt,2932692,ok,
adfc2_psm_merge_n2,adfc2_psm_merge_n2/85136/baseline/checkpoints/best.pt,2937108,ok,
adfc2_psm_merge_n2,adfc2_psm_merge_n2/85136/baseline/checkpoints/last.pt,2937108,ok,
adfc2_psm_merge_n2,adfc2_psm_merge_n2/85136/finetune_0/checkpoints/best.pt,2937108,ok,
adfc2_psm_merge_n2,adfc2_psm_merge_n2/85136/finetune_0/checkpoints/last.pt,2937108,ok,
adfc2_psm_merge_n2,adfc2_psm_merge_n2/85136/finetune_1/checkpoints/best.pt,2937108,ok,
adfc2_psm_merge_n2,adfc2_psm_merge_n2/85136/finetune_1/checkpoints/last.pt,2937108,ok,
adfc2_psm_merge_n2,adfc2_psm_merge_n2/85136/merged/checkpoints/best.pt,2932692,ok,
adfc2_psm_merge_n2,adfc2_psm_merge_n2/85137/baseline/checkpoints/best.pt,2937108,ok,
adfc2_psm_merge_n2,adfc2_psm_merge_n2/85137/baseline/checkpoints/last.pt,2937108,ok,
adfc2_psm_merge_n2,adfc2_psm_merge_n2/85137/finetune_0/checkpoints/best.pt,2937108,ok,
adfc2_psm_merge_n2,adfc2_psm_merge_n2/85137/finetune_0/checkpoints/last.pt,2937108,ok,
adfc2_psm_merge_n2,adfc2_psm_merge_n2/85137/finetune_1/checkpoints/best.pt,2937108,ok,
adfc2_psm_merge_n2,adfc2_psm_merge_n2/85137/finetune_1/checkpoints/last.pt,2937108,ok,
adfc2_psm_merge_n2,adfc2_psm_merge_n2/85137/merged/checkpoints/best.pt,2932692,ok,
adfc2_psm_merge_n2_oldmask,adfc2_psm_merge_n2_oldmask/84604/baseline/checkpoints/best.pt,2937108,ok,
adfc2_psm_merge_n2_oldmask,adfc2_psm_merge_n2_oldmask/84604/baseline/checkpoints/last.pt,2937108,ok,
adfc2_psm_merge_n2_oldmask,adfc2_psm_merge_n2_oldmask/84604/finetune_0/checkpoints/best.pt,2937108,ok,
adfc2_psm_merge_n2_oldmask,adfc2_psm_merge_n2_oldmask/84604/finetune_0/checkpoints/last.pt,2937108,ok,
adfc2_psm_merge_n2_oldmask,adfc2_psm_merge_n2_oldmask/84604/finetune_1/checkpoints/best.pt,2937108,ok,
adfc2_psm_merge_n2_oldmask,adfc2_psm_merge_n2_oldmask/84604/finetune_1/checkpoints/last.pt,2937108,ok,
adfc2_psm_merge_n2_oldmask,adfc2_psm_merge_n2_oldmask/84604/merged/checkpoints/best.pt,2932692,ok,
adfc2_psm_merge_n2_oldmask,adfc2_psm_merge_n2_oldmask/84605/baseline/checkpoints/best.pt,2937108,ok,
adfc2_psm_merge_n2_oldmask,adfc2_psm_merge_n2_oldmask/84605/baseline/checkpoints/last.pt,2937108,ok,
adfc2_psm_merge_n2_oldmask,adfc2_psm_merge_n2_oldmask/84605/finetune_0/checkpoints/best.pt,2937108,ok,
adfc2_psm_merge_n2_oldmask,adfc2_psm_merge_n2_oldmask/84605/finetune_0/checkpoints/last.pt,2937108,ok,
adfc2_psm_merge_n2_oldmask,adfc2_psm_merge_n2_oldmask/84605/finetune_1/checkpoints/best.pt,2937108,ok,
adfc2_psm_merge_n2_oldmask,adfc2_psm_merge_n2_oldmask/84605/finetune_1/checkpoints/last.pt,2937108,ok,
adfc2_psm_merge_n2_oldmask,adfc2_psm_merge_n2_oldmask/84605/merged/checkpoints/best.pt,2932692,ok,
adfc2_psm_merge_n2_oldmask,adfc2_psm_merge_n2_oldmask/84606/baseline/checkpoints/best.pt,2937108,ok,
adfc2_psm_merge_n2_oldmask,adfc2_psm_merge_n2_oldmask/84606/baseline/checkpoints/last.pt,2937108,ok,
adfc2_psm_merge_n2_oldmask,adfc2_psm_merge_n2_oldmask/84606/finetune_0/checkpoints/best.pt,2937108,ok,
adfc2_psm_merge_n2_oldmask,adfc2_psm_merge_n2_oldmask/84606/finetune_0/checkpoints/last.pt,2937108,ok,
adfc2_psm_merge_n2_oldmask,adfc2_psm_merge_n2_oldmask/84606/finetune_1/checkpoints/best.pt,2937108,ok,
adfc2_psm_merge_n2_oldmask,adfc2_psm_merge_n2_oldmask/84606/finetune_1/checkpoints/last.pt,2937108,ok,
adfc2_psm_merge_n2_oldmask,adfc2_psm_merge_n2_oldmask/84606/merged/checkpoints/best.pt,2932692,ok,
adfc2_psm_merge_n3,adfc2_psm_merge_n3/85141/baseline/checkpoints/best.pt,2937108,ok,
adfc2_psm_merge_n3,adfc2_psm_merge_n3/85141/baseline/checkpoints/last.pt,2937108,ok,
adfc2_psm_merge_n3,adfc2_psm_merge_n3/85141/finetune_0/checkpoints/best.pt,2937108,ok,
adfc2_psm_merge_n3,adfc2_psm_merge_n3/85141/finetune_0/checkpoints/last.pt,2937108,ok,
adfc2_psm_merge_n3,adfc2_psm_merge_n3/85141/finetune_1/checkpoints/best.pt,2937108,ok,
adfc2_psm_merge_n3,adfc2_psm_merge_n3/85141/finetune_1/checkpoints/last.pt,2937108,ok,
adfc2_psm_merge_n3,adfc2_psm_merge_n3/85141/finetune_2/checkpoints/best.pt,2937108,ok,
adfc2_psm_merge_n3,adfc2_psm_merge_n3/85141/finetune_2/checkpoints/last.pt,2937108,ok,
adfc2_psm_merge_n3,adfc2_psm_merge_n3/85141/merged/checkpoints/best.pt,2932692,ok,
adfc2_psm_merge_n3,adfc2_psm_merge_n3/85142/baseline/checkpoints/best.pt,2937108,ok,
adfc2_psm_merge_n3,adfc2_psm_merge_n3/85142/baseline/checkpoints/last.pt,2937108,ok,
adfc2_psm_merge_n3,adfc2_psm_merge_n3/85142/finetune_0/checkpoints/best.pt,2937108,ok,
adfc2_psm_merge_n3,adfc2_psm_merge_n3/85142/finetune_0/checkpoints/last.pt,2937108,ok,
adfc2_psm_merge_n3,adfc2_psm_merge_n3/85142/finetune_1/checkpoints/best.pt,2937108,ok,
adfc2_psm_merge_n3,adfc2_psm_merge_n3/85142/finetune_1/checkpoints/last.pt,2937108,ok,
adfc2_psm_merge_n3,adfc2_psm_merge_n3/85142/finetune_2/checkpoints/best.pt,2937108,ok,
adfc2_psm_merge_n3,adfc2_psm_merge_n3/85142/finetune_2/checkpoints/last.pt,2937108,ok,
adfc2_psm_merge_n3,adfc2_psm_merge_n3/85142/merged/checkpoints/best.pt,2932692,ok,
adfc2_psm_merge_n3,adfc2_psm_merge_n3/85143/baseline/checkpoints/best.pt,2937108,ok,
adfc2_psm_merge_n3,adfc2_psm_merge_n3/85143/baseline/checkpoints/last.pt,2937108,ok,
adfc2_psm_merge_n3,adfc2_psm_merge_n3/85143/finetune_0/checkpoints/best.pt,2937108,ok,
adfc2_psm_merge_n3,adfc2_psm_merge_n3/85143/finetune_0/checkpoints/last.pt,2937108,ok,
adfc2_psm_merge_n3,adfc2_psm_merge_n3/85143/finetune_1/checkpoints/best.pt,2937108,ok,
adfc2_psm_merge_n3,adfc2_psm_merge_n3/85143/finetune_1/checkpoints/last.pt,2937108,ok,
adfc2_psm_merge_n3,adfc2_psm_merge_n3/85143/finetune_2/checkpoints/best.pt,2937108,ok,
adfc2_psm_merge_n3,adfc2_psm_merge_n3/85143/finetune_2/checkpoints/last.pt,2937108,ok,
adfc2_psm_merge_n3,adfc2_psm_merge_n3/85143/merged/checkpoints/best.pt,2932692,ok,
adfc2_psm_merge_n3_oldmask,adfc2_psm_merge_n3_oldmask/84610/baseline/checkpoints/best.pt,2937108,ok,
adfc2_psm_merge_n3_oldmask,adfc2_psm_merge_n3_oldmask/84610/baseline/checkpoints/last.pt,2937108,ok,
adfc2_psm_merge_n3_oldmask,adfc2_psm_merge_n3_oldmask/84610/finetune_0/checkpoints/best.pt,2937108,ok,
adfc2_psm_merge_n3_oldmask,adfc2_psm_merge_n3_oldmask/84610/finetune_0/checkpoints/last.pt,2937108,ok,
adfc2_psm_merge_n3_oldmask,adfc2_psm_merge_n3_oldmask/84610/finetune_1/checkpoints/best.pt,2937108,ok,
adfc2_psm_merge_n3_oldmask,adfc2_psm_merge_n3_oldmask/84610/finetune_1/checkpoints/last.pt,2937108,ok,
adfc2_psm_merge_n3_oldmask,adfc2_psm_merge_n3_oldmask/84610/finetune_2/checkpoints/best.pt,2937108,ok,
adfc2_psm_merge_n3_oldmask,adfc2_psm_merge_n3_oldmask/84610/finetune_2/checkpoints/last.pt,2937108,ok,
adfc2_psm_merge_n3_oldmask,adfc2_psm_merge_n3_oldmask/84610/merged/checkpoints/best.pt,2932692,ok,
adfc2_psm_merge_n3_oldmask,adfc2_psm_merge_n3_oldmask/84611/baseline/checkpoints/best.pt,2937108,ok,
adfc2_psm_merge_n3_oldmask,adfc2_psm_merge_n3_oldmask/84611/baseline/checkpoints/last.pt,2937108,ok,
adfc2_psm_merge_n3_oldmask,adfc2_psm_merge_n3_oldmask/84611/finetune_0/checkpoints/best.pt,2937108,ok,
adfc2_psm_merge_n3_oldmask,adfc2_psm_merge_n3_oldmask/84611/finetune_0/checkpoints/last.pt,2937108,ok,
adfc2_psm_merge_n3_oldmask,adfc2_psm_merge_n3_oldmask/84611/finetune_1/checkpoints/best.pt,2937108,ok,
adfc2_psm_merge_n3_oldmask,adfc2_psm_merge_n3_oldmask/84611/finetune_1/checkpoints/last.pt,2937108,ok,
adfc2_psm_merge_n3_oldmask,adfc2_psm_merge_n3_oldmask/84611/finetune_2/checkpoints/best.pt,2937108,ok,
adfc2_psm_merge_n3_oldmask,adfc2_psm_merge_n3_oldmask/84611/finetune_2/checkpoints/last.pt,2937108,ok,
adfc2_psm_merge_n3_oldmask,adfc2_psm_merge_n3_oldmask/84611/merged/checkpoints/best.pt,2932692,ok,
adfc2_psm_merge_n3_oldmask,adfc2_psm_merge_n3_oldmask/84612/baseline/checkpoints/best.pt,2937108,ok,
adfc2_psm_merge_n3_oldmask,adfc2_psm_merge_n3_oldmask/84612/baseline/checkpoints/last.pt,2937108,ok,
adfc2_psm_merge_n3_oldmask,adfc2_psm_merge_n3_oldmask/84612/finetune_0/checkpoints/best.pt,2937108,ok,
adfc2_psm_merge_n3_oldmask,adfc2_psm_merge_n3_oldmask/84612/finetune_0/checkpoints/last.pt,2937108,ok,
adfc2_psm_merge_n3_oldmask,adfc2_psm_merge_n3_oldmask/84612/finetune_1/checkpoints/best.pt,2937108,ok,
adfc2_psm_merge_n3_oldmask,adfc2_psm_merge_n3_oldmask/84612/finetune_1/checkpoints/last.pt,2937108,ok,
adfc2_psm_merge_n3_oldmask,adfc2_psm_merge_n3_oldmask/84612/finetune_2/checkpoints/best.pt,2937108,ok,
adfc2_psm_merge_n3_oldmask,adfc2_psm_merge_n3_oldmask/84612/finetune_2/checkpoints/last.pt,2937108,ok,
adfc2_psm_merge_n3_oldmask,adfc2_psm_merge_n3_oldmask/84612/merged/checkpoints/best.pt,2932692,ok,
adfc2_psm_merge_n5,adfc2_psm_merge_n5/85147/baseline/checkpoints/best.pt,2937108,ok,
adfc2_psm_merge_n5,adfc2_psm_merge_n5/85147/baseline/checkpoints/last.pt,2937108,ok,
adfc2_psm_merge_n5,adfc2_psm_merge_n5/85147/finetune_0/checkpoints/best.pt,2937108,ok,
adfc2_psm_merge_n5,adfc2_psm_merge_n5/85147/finetune_0/checkpoints/last.pt,2937108,ok,
adfc2_psm_merge_n5,adfc2_psm_merge_n5/85147/finetune_1/checkpoints/best.pt,2937108,ok,
adfc2_psm_merge_n5,adfc2_psm_merge_n5/85147/finetune_1/checkpoints/last.pt,2937108,ok,
adfc2_psm_merge_n5,adfc2_psm_merge_n5/85147/finetune_2/checkpoints/best.pt,2937108,ok,
adfc2_psm_merge_n5,adfc2_psm_merge_n5/85147/finetune_2/checkpoints/last.pt,2937108,ok,
adfc2_psm_merge_n5,adfc2_psm_merge_n5/85147/finetune_3/checkpoints/best.pt,2937108,ok,
adfc2_psm_merge_n5,adfc2_psm_merge_n5/85147/finetune_3/checkpoints/last.pt,2937108,ok,
adfc2_psm_merge_n5,adfc2_psm_merge_n5/85147/finetune_4/checkpoints/best.pt,2937108,ok,
adfc2_psm_merge_n5,adfc2_psm_merge_n5/85147/finetune_4/checkpoints/last.pt,2937108,ok,
adfc2_psm_merge_n5,adfc2_psm_merge_n5/85147/merged/checkpoints/best.pt,2932692,ok,
adfc2_psm_merge_n5,adfc2_psm_merge_n5/85148/baseline/checkpoints/best.pt,2937108,ok,
adfc2_psm_merge_n5,adfc2_psm_merge_n5/85148/baseline/checkpoints/last.pt,2937108,ok,
adfc2_psm_merge_n5,adfc2_psm_merge_n5/85148/finetune_0/checkpoints/best.pt,2937108,ok,
adfc2_psm_merge_n5,adfc2_psm_merge_n5/85148/finetune_0/checkpoints/last.pt,2937108,ok,
adfc2_psm_merge_n5,adfc2_psm_merge_n5/85148/finetune_1/checkpoints/best.pt,2937108,ok,
adfc2_psm_merge_n5,adfc2_psm_merge_n5/85148/finetune_1/checkpoints/last.pt,2937108,ok,
adfc2_psm_merge_n5,adfc2_psm_merge_n5/85148/finetune_2/checkpoints/best.pt,2937108,ok,
adfc2_psm_merge_n5,adfc2_psm_merge_n5/85148/finetune_2/checkpoints/last.pt,2937108,ok,
adfc2_psm_merge_n5,adfc2_psm_merge_n5/85148/finetune_3/checkpoints/best.pt,2937108,ok,
adfc2_psm_merge_n5,adfc2_psm_merge_n5/85148/finetune_3/checkpoints/last.pt,2937108,ok,
adfc2_psm_merge_n5,adfc2_psm_merge_n5/85148/finetune_4/checkpoints/best.pt,2937108,ok,
adfc2_psm_merge_n5,adfc2_psm_merge_n5/85148/finetune_4/checkpoints/last.pt,2937108,ok,
adfc2_psm_merge_n5,adfc2_psm_merge_n5/85148/merged/checkpoints/best.pt,2932692,ok,
adfc2_psm_merge_n5,adfc2_psm_merge_n5/85149/baseline/checkpoints/best.pt,2937108,ok,
adfc2_psm_merge_n5,adfc2_psm_merge_n5/85149/baseline/checkpoints/last.pt,2937108,ok,
adfc2_psm_merge_n5,adfc2_psm_merge_n5/85149/finetune_0/checkpoints/best.pt,2937108,ok,
adfc2_psm_merge_n5,adfc2_psm_merge_n5/85149/finetune_0/checkpoints/last.pt,2937108,ok,
adfc2_psm_merge_n5,adfc2_psm_merge_n5/85149/finetune_1/checkpoints/best.pt,2937108,ok,
adfc2_psm_merge_n5,adfc2_psm_merge_n5/85149/finetune_1/checkpoints/last.pt,2937108,ok,
adfc2_psm_merge_n5,adfc2_psm_merge_n5/85149/finetune_2/checkpoints/best.pt,2937108,ok,
adfc2_psm_merge_n5,adfc2_psm_merge_n5/85149/finetune_2/checkpoints/last.pt,2937108,ok,
adfc2_psm_merge_n5,adfc2_psm_merge_n5/85149/finetune_3/checkpoints/best.pt,2937108,ok,
adfc2_psm_merge_n5,adfc2_psm_merge_n5/85149/finetune_3/checkpoints/last.pt,2937108,ok,
adfc2_psm_merge_n5,adfc2_psm_merge_n5/85149/finetune_4/checkpoints/best.pt,2937108,ok,
adfc2_psm_merge_n5,adfc2_psm_merge_n5/85149/finetune_4/checkpoints/last.pt,2937108,ok,
adfc2_psm_merge_n5,adfc2_psm_merge_n5/85149/merged/checkpoints/best.pt,2932692,ok,
adfc2_psm_merge_n5_oldmask,adfc2_psm_merge_n5_oldmask/84616/baseline/checkpoints/best.pt,2937108,ok,
adfc2_psm_merge_n5_oldmask,adfc2_psm_merge_n5_oldmask/84616/baseline/checkpoints/last.pt,2937108,ok,
adfc2_psm_merge_n5_oldmask,adfc2_psm_merge_n5_oldmask/84616/finetune_0/checkpoints/best.pt,2937108,ok,
adfc2_psm_merge_n5_oldmask,adfc2_psm_merge_n5_oldmask/84616/finetune_0/checkpoints/last.pt,2937108,ok,
adfc2_psm_merge_n5_oldmask,adfc2_psm_merge_n5_oldmask/84616/finetune_1/checkpoints/best.pt,2937108,ok,
adfc2_psm_merge_n5_oldmask,adfc2_psm_merge_n5_oldmask/84616/finetune_1/checkpoints/last.pt,2937108,ok,
adfc2_psm_merge_n5_oldmask,adfc2_psm_merge_n5_oldmask/84616/finetune_2/checkpoints/best.pt,2937108,ok,
adfc2_psm_merge_n5_oldmask,adfc2_psm_merge_n5_oldmask/84616/finetune_2/checkpoints/last.pt,2937108,ok,
adfc2_psm_merge_n5_oldmask,adfc2_psm_merge_n5_oldmask/84616/finetune_3/checkpoints/best.pt,2937108,ok,
adfc2_psm_merge_n5_oldmask,adfc2_psm_merge_n5_oldmask/84616/finetune_3/checkpoints/last.pt,2937108,ok,
adfc2_psm_merge_n5_oldmask,adfc2_psm_merge_n5_oldmask/84616/finetune_4/checkpoints/best.pt,2937108,ok,
adfc2_psm_merge_n5_oldmask,adfc2_psm_merge_n5_oldmask/84616/finetune_4/checkpoints/last.pt,2937108,ok,
adfc2_psm_merge_n5_oldmask,adfc2_psm_merge_n5_oldmask/84616/merged/checkpoints/best.pt,2932692,ok,
adfc2_psm_merge_n5_oldmask,adfc2_psm_merge_n5_oldmask/84617/baseline/checkpoints/best.pt,2937108,ok,
adfc2_psm_merge_n5_oldmask,adfc2_psm_merge_n5_oldmask/84617/baseline/checkpoints/last.pt,2937108,ok,
adfc2_psm_merge_n5_oldmask,adfc2_psm_merge_n5_oldmask/84617/finetune_0/checkpoints/best.pt,2937108,ok,
adfc2_psm_merge_n5_oldmask,adfc2_psm_merge_n5_oldmask/84617/finetune_0/checkpoints/last.pt,2937108,ok,
adfc2_psm_merge_n5_oldmask,adfc2_psm_merge_n5_oldmask/84617/finetune_1/checkpoints/best.pt,2937108,ok,
adfc2_psm_merge_n5_oldmask,adfc2_psm_merge_n5_oldmask/84617/finetune_1/checkpoints/last.pt,2937108,ok,
adfc2_psm_merge_n5_oldmask,adfc2_psm_merge_n5_oldmask/84617/finetune_2/checkpoints/best.pt,2937108,ok,
adfc2_psm_merge_n5_oldmask,adfc2_psm_merge_n5_oldmask/84617/finetune_2/checkpoints/last.pt,2937108,ok,
adfc2_psm_merge_n5_oldmask,adfc2_psm_merge_n5_oldmask/84617/finetune_3/checkpoints/best.pt,2937108,ok,
adfc2_psm_merge_n5_oldmask,adfc2_psm_merge_n5_oldmask/84617/finetune_3/checkpoints/last.pt,2937108,ok,
adfc2_psm_merge_n5_oldmask,adfc2_psm_merge_n5_oldmask/84617/finetune_4/checkpoints/best.pt,2937108,ok,
adfc2_psm_merge_n5_oldmask,adfc2_psm_merge_n5_oldmask/84617/finetune_4/checkpoints/last.pt,2937108,ok,
adfc2_psm_merge_n5_oldmask,adfc2_psm_merge_n5_oldmask/84617/merged/checkpoints/best.pt,2932692,ok,
adfc2_psm_merge_n5_oldmask,adfc2_psm_merge_n5_oldmask/84618/baseline/checkpoints/best.pt,2937108,ok,
adfc2_psm_merge_n5_oldmask,adfc2_psm_merge_n5_oldmask/84618/baseline/checkpoints/last.pt,2937108,ok,
adfc2_psm_merge_n5_oldmask,adfc2_psm_merge_n5_oldmask/84618/finetune_0/checkpoints/best.pt,2937108,ok,
adfc2_psm_merge_n5_oldmask,adfc2_psm_merge_n5_oldmask/84618/finetune_0/checkpoints/last.pt,2937108,ok,
adfc2_psm_merge_n5_oldmask,adfc2_psm_merge_n5_oldmask/84618/finetune_1/checkpoints/best.pt,2937108,ok,
adfc2_psm_merge_n5_oldmask,adfc2_psm_merge_n5_oldmask/84618/finetune_1/checkpoints/last.pt,2937108,ok,
adfc2_psm_merge_n5_oldmask,adfc2_psm_merge_n5_oldmask/84618/finetune_2/checkpoints/best.pt,2937108,ok,
adfc2_psm_merge_n5_oldmask,adfc2_psm_merge_n5_oldmask/84618/finetune_2/checkpoints/last.pt,2937108,ok,
adfc2_psm_merge_n5_oldmask,adfc2_psm_merge_n5_oldmask/84618/finetune_3/checkpoints/best.pt,2937108,ok,
adfc2_psm_merge_n5_oldmask,adfc2_psm_merge_n5_oldmask/84618/finetune_3/checkpoints/last.pt,2937108,ok,
adfc2_psm_merge_n5_oldmask,adfc2_psm_merge_n5_oldmask/84618/finetune_4/checkpoints/best.pt,2937108,ok,
adfc2_psm_merge_n5_oldmask,adfc2_psm_merge_n5_oldmask/84618/finetune_4/checkpoints/last.pt,2937108,ok,
adfc2_psm_merge_n5_oldmask,adfc2_psm_merge_n5_oldmask/84618/merged/checkpoints/best.pt,2932692,ok,
adfc2_psm_merge_tf06,adfc2_psm_merge_tf06/85165/baseline/checkpoints/best.pt,2937108,ok,
adfc2_psm_merge_tf06,adfc2_psm_merge_tf06/85165/baseline/checkpoints/last.pt,2937108,ok,
adfc2_psm_merge_tf06,adfc2_psm_merge_tf06/85165/finetune_0/checkpoints/best.pt,2937108,ok,
adfc2_psm_merge_tf06,adfc2_psm_merge_tf06/85165/finetune_0/checkpoints/last.pt,2937108,ok,
adfc2_psm_merge_tf06,adfc2_psm_merge_tf06/85165/finetune_1/checkpoints/best.pt,2937108,ok,
adfc2_psm_merge_tf06,adfc2_psm_merge_tf06/85165/finetune_1/checkpoints/last.pt,2937108,ok,
adfc2_psm_merge_tf06,adfc2_psm_merge_tf06/85165/finetune_2/checkpoints/best.pt,2937108,ok,
adfc2_psm_merge_tf06,adfc2_psm_merge_tf06/85165/finetune_2/checkpoints/last.pt,2937108,ok,
adfc2_psm_merge_tf06,adfc2_psm_merge_tf06/85165/merged/checkpoints/best.pt,2932692,ok,
adfc2_psm_merge_tf06,adfc2_psm_merge_tf06/85166/baseline/checkpoints/best.pt,2937108,ok,
adfc2_psm_merge_tf06,adfc2_psm_merge_tf06/85166/baseline/checkpoints/last.pt,2937108,ok,
adfc2_psm_merge_tf06,adfc2_psm_merge_tf06/85166/finetune_0/checkpoints/best.pt,2937108,ok,
adfc2_psm_merge_tf06,adfc2_psm_merge_tf06/85166/finetune_0/checkpoints/last.pt,2937108,ok,
adfc2_psm_merge_tf06,adfc2_psm_merge_tf06/85166/finetune_1/checkpoints/best.pt,2937108,ok,
adfc2_psm_merge_tf06,adfc2_psm_merge_tf06/85166/finetune_1/checkpoints/last.pt,2937108,ok,
adfc2_psm_merge_tf06,adfc2_psm_merge_tf06/85166/finetune_2/checkpoints/best.pt,2937108,ok,
adfc2_psm_merge_tf06,adfc2_psm_merge_tf06/85166/finetune_2/checkpoints/last.pt,2937108,ok,
adfc2_psm_merge_tf06,adfc2_psm_merge_tf06/85166/merged/checkpoints/best.pt,2932692,ok,
adfc2_psm_merge_tf06,adfc2_psm_merge_tf06/85167/baseline/checkpoints/best.pt,2937108,ok,
adfc2_psm_merge_tf06,adfc2_psm_merge_tf06/85167/baseline/checkpoints/last.pt,2937108,ok,
adfc2_psm_merge_tf06,adfc2_psm_merge_tf06/85167/finetune_0/checkpoints/best.pt,2937108,ok,
adfc2_psm_merge_tf06,adfc2_psm_merge_tf06/85167/finetune_0/checkpoints/last.pt,2937108,ok,
adfc2_psm_merge_tf06,adfc2_psm_merge_tf06/85167/finetune_1/checkpoints/best.pt,2937108,ok,
adfc2_psm_merge_tf06,adfc2_psm_merge_tf06/85167/finetune_1/checkpoints/last.pt,2937108,ok,
adfc2_psm_merge_tf06,adfc2_psm_merge_tf06/85167/finetune_2/checkpoints/best.pt,2937108,ok,
adfc2_psm_merge_tf06,adfc2_psm_merge_tf06/85167/finetune_2/checkpoints/last.pt,2937108,ok,
adfc2_psm_merge_tf06,adfc2_psm_merge_tf06/85167/merged/checkpoints/best.pt,2932692,ok,
adfc2_psm_merge_tf06_oldmask,adfc2_psm_merge_tf06_oldmask/84634/baseline/checkpoints/best.pt,2937108,ok,
adfc2_psm_merge_tf06_oldmask,adfc2_psm_merge_tf06_oldmask/84634/baseline/checkpoints/last.pt,2937108,ok,
adfc2_psm_merge_tf06_oldmask,adfc2_psm_merge_tf06_oldmask/84634/finetune_0/checkpoints/best.pt,2937108,ok,
adfc2_psm_merge_tf06_oldmask,adfc2_psm_merge_tf06_oldmask/84634/finetune_0/checkpoints/last.pt,2937108,ok,
adfc2_psm_merge_tf06_oldmask,adfc2_psm_merge_tf06_oldmask/84634/finetune_1/checkpoints/best.pt,2937108,ok,
adfc2_psm_merge_tf06_oldmask,adfc2_psm_merge_tf06_oldmask/84634/finetune_1/checkpoints/last.pt,2937108,ok,
adfc2_psm_merge_tf06_oldmask,adfc2_psm_merge_tf06_oldmask/84634/finetune_2/checkpoints/best.pt,2937108,ok,
adfc2_psm_merge_tf06_oldmask,adfc2_psm_merge_tf06_oldmask/84634/finetune_2/checkpoints/last.pt,2937108,ok,
adfc2_psm_merge_tf06_oldmask,adfc2_psm_merge_tf06_oldmask/84634/merged/checkpoints/best.pt,2932692,ok,
adfc2_psm_merge_tf06_oldmask,adfc2_psm_merge_tf06_oldmask/84635/baseline/checkpoints/best.pt,2937108,ok,
adfc2_psm_merge_tf06_oldmask,adfc2_psm_merge_tf06_oldmask/84635/baseline/checkpoints/last.pt,2937108,ok,
adfc2_psm_merge_tf06_oldmask,adfc2_psm_merge_tf06_oldmask/84635/finetune_0/checkpoints/best.pt,2937108,ok,
adfc2_psm_merge_tf06_oldmask,adfc2_psm_merge_tf06_oldmask/84635/finetune_0/checkpoints/last.pt,2937108,ok,
adfc2_psm_merge_tf06_oldmask,adfc2_psm_merge_tf06_oldmask/84635/finetune_1/checkpoints/best.pt,2937108,ok,
adfc2_psm_merge_tf06_oldmask,adfc2_psm_merge_tf06_oldmask/84635/finetune_1/checkpoints/last.pt,2937108,ok,
adfc2_psm_merge_tf06_oldmask,adfc2_psm_merge_tf06_oldmask/84635/finetune_2/checkpoints/best.pt,2937108,ok,
adfc2_psm_merge_tf06_oldmask,adfc2_psm_merge_tf06_oldmask/84635/finetune_2/checkpoints/last.pt,2937108,ok,
adfc2_psm_merge_tf06_oldmask,adfc2_psm_merge_tf06_oldmask/84635/merged/checkpoints/best.pt,2932692,ok,
adfc2_psm_merge_tf06_oldmask,adfc2_psm_merge_tf06_oldmask/84636/baseline/checkpoints/best.pt,2937108,ok,
adfc2_psm_merge_tf06_oldmask,adfc2_psm_merge_tf06_oldmask/84636/baseline/checkpoints/last.pt,2937108,ok,
adfc2_psm_merge_tf06_oldmask,adfc2_psm_merge_tf06_oldmask/84636/finetune_0/checkpoints/best.pt,2937108,ok,
adfc2_psm_merge_tf06_oldmask,adfc2_psm_merge_tf06_oldmask/84636/finetune_0/checkpoints/last.pt,2937108,ok,
adfc2_psm_merge_tf06_oldmask,adfc2_psm_merge_tf06_oldmask/84636/finetune_1/checkpoints/best.pt,2937108,ok,
adfc2_psm_merge_tf06_oldmask,adfc2_psm_merge_tf06_oldmask/84636/finetune_1/checkpoints/last.pt,2937108,ok,
adfc2_psm_merge_tf06_oldmask,adfc2_psm_merge_tf06_oldmask/84636/finetune_2/checkpoints/best.pt,2937108,ok,
adfc2_psm_merge_tf06_oldmask,adfc2_psm_merge_tf06_oldmask/84636/finetune_2/checkpoints/last.pt,2937108,ok,
adfc2_psm_merge_tf06_oldmask,adfc2_psm_merge_tf06_oldmask/84636/merged/checkpoints/best.pt,2932692,ok,
adfc2_psm_merge_tf08,adfc2_psm_merge_tf08/85168/baseline/checkpoints/best.pt,2937108,ok,
adfc2_psm_merge_tf08,adfc2_psm_merge_tf08/85168/baseline/checkpoints/last.pt,2937108,ok,
adfc2_psm_merge_tf08,adfc2_psm_merge_tf08/85168/finetune_0/checkpoints/best.pt,2937108,ok,
adfc2_psm_merge_tf08,adfc2_psm_merge_tf08/85168/finetune_0/checkpoints/last.pt,2937108,ok,
adfc2_psm_merge_tf08,adfc2_psm_merge_tf08/85168/finetune_1/checkpoints/best.pt,2937108,ok,
adfc2_psm_merge_tf08,adfc2_psm_merge_tf08/85168/finetune_1/checkpoints/last.pt,2937108,ok,
adfc2_psm_merge_tf08,adfc2_psm_merge_tf08/85168/finetune_2/checkpoints/best.pt,2937108,ok,
adfc2_psm_merge_tf08,adfc2_psm_merge_tf08/85168/finetune_2/checkpoints/last.pt,2937108,ok,
adfc2_psm_merge_tf08,adfc2_psm_merge_tf08/85168/merged/checkpoints/best.pt,2932692,ok,
adfc2_psm_merge_tf08,adfc2_psm_merge_tf08/85169/baseline/checkpoints/best.pt,2937108,ok,
adfc2_psm_merge_tf08,adfc2_psm_merge_tf08/85169/baseline/checkpoints/last.pt,2937108,ok,
adfc2_psm_merge_tf08,adfc2_psm_merge_tf08/85169/finetune_0/checkpoints/best.pt,2937108,ok,
adfc2_psm_merge_tf08,adfc2_psm_merge_tf08/85169/finetune_0/checkpoints/last.pt,2937108,ok,
adfc2_psm_merge_tf08,adfc2_psm_merge_tf08/85169/finetune_1/checkpoints/best.pt,2937108,ok,
adfc2_psm_merge_tf08,adfc2_psm_merge_tf08/85169/finetune_1/checkpoints/last.pt,2937108,ok,
adfc2_psm_merge_tf08,adfc2_psm_merge_tf08/85169/finetune_2/checkpoints/best.pt,2937108,ok,
adfc2_psm_merge_tf08,adfc2_psm_merge_tf08/85169/finetune_2/checkpoints/last.pt,2937108,ok,
adfc2_psm_merge_tf08,adfc2_psm_merge_tf08/85169/merged/checkpoints/best.pt,2932692,ok,
adfc2_psm_merge_tf08,adfc2_psm_merge_tf08/85170/baseline/checkpoints/best.pt,2937108,ok,
adfc2_psm_merge_tf08,adfc2_psm_merge_tf08/85170/baseline/checkpoints/last.pt,2937108,ok,
adfc2_psm_merge_tf08,adfc2_psm_merge_tf08/85170/finetune_0/checkpoints/best.pt,2937108,ok,
adfc2_psm_merge_tf08,adfc2_psm_merge_tf08/85170/finetune_0/checkpoints/last.pt,2937108,ok,
adfc2_psm_merge_tf08,adfc2_psm_merge_tf08/85170/finetune_1/checkpoints/best.pt,2937108,ok,
adfc2_psm_merge_tf08,adfc2_psm_merge_tf08/85170/finetune_1/checkpoints/last.pt,2937108,ok,
adfc2_psm_merge_tf08,adfc2_psm_merge_tf08/85170/finetune_2/checkpoints/best.pt,2937108,ok,
adfc2_psm_merge_tf08,adfc2_psm_merge_tf08/85170/finetune_2/checkpoints/last.pt,2937108,ok,
adfc2_psm_merge_tf08,adfc2_psm_merge_tf08/85170/merged/checkpoints/best.pt,2932692,ok,
adfc2_psm_merge_tf08_oldmask,adfc2_psm_merge_tf08_oldmask/84637/baseline/checkpoints/best.pt,2937108,ok,
adfc2_psm_merge_tf08_oldmask,adfc2_psm_merge_tf08_oldmask/84637/baseline/checkpoints/last.pt,2937108,ok,
adfc2_psm_merge_tf08_oldmask,adfc2_psm_merge_tf08_oldmask/84637/finetune_0/checkpoints/best.pt,2937108,ok,
adfc2_psm_merge_tf08_oldmask,adfc2_psm_merge_tf08_oldmask/84637/finetune_0/checkpoints/last.pt,2937108,ok,
adfc2_psm_merge_tf08_oldmask,adfc2_psm_merge_tf08_oldmask/84637/finetune_1/checkpoints/best.pt,2937108,ok,
adfc2_psm_merge_tf08_oldmask,adfc2_psm_merge_tf08_oldmask/84637/finetune_1/checkpoints/last.pt,2937108,ok,
adfc2_psm_merge_tf08_oldmask,adfc2_psm_merge_tf08_oldmask/84637/finetune_2/checkpoints/best.pt,2937108,ok,
adfc2_psm_merge_tf08_oldmask,adfc2_psm_merge_tf08_oldmask/84637/finetune_2/checkpoints/last.pt,2937108,ok,
adfc2_psm_merge_tf08_oldmask,adfc2_psm_merge_tf08_oldmask/84637/merged/checkpoints/best.pt,2932692,ok,
adfc2_psm_merge_tf08_oldmask,adfc2_psm_merge_tf08_oldmask/84638/baseline/checkpoints/best.pt,2937108,ok,
adfc2_psm_merge_tf08_oldmask,adfc2_psm_merge_tf08_oldmask/84638/baseline/checkpoints/last.pt,2937108,ok,
adfc2_psm_merge_tf08_oldmask,adfc2_psm_merge_tf08_oldmask/84638/finetune_0/checkpoints/best.pt,2937108,ok,
adfc2_psm_merge_tf08_oldmask,adfc2_psm_merge_tf08_oldmask/84638/finetune_0/checkpoints/last.pt,2937108,ok,
adfc2_psm_merge_tf08_oldmask,adfc2_psm_merge_tf08_oldmask/84638/finetune_1/checkpoints/best.pt,2937108,ok,
adfc2_psm_merge_tf08_oldmask,adfc2_psm_merge_tf08_oldmask/84638/finetune_1/checkpoints/last.pt,2937108,ok,
adfc2_psm_merge_tf08_oldmask,adfc2_psm_merge_tf08_oldmask/84638/finetune_2/checkpoints/best.pt,2937108,ok,
adfc2_psm_merge_tf08_oldmask,adfc2_psm_merge_tf08_oldmask/84638/finetune_2/checkpoints/last.pt,2937108,ok,
adfc2_psm_merge_tf08_oldmask,adfc2_psm_merge_tf08_oldmask/84638/merged/checkpoints/best.pt,2932692,ok,
adfc2_psm_merge_tf08_oldmask,adfc2_psm_merge_tf08_oldmask/84639/baseline/checkpoints/best.pt,2937108,ok,
adfc2_psm_merge_tf08_oldmask,adfc2_psm_merge_tf08_oldmask/84639/baseline/checkpoints/last.pt,2937108,ok,
adfc2_psm_merge_tf08_oldmask,adfc2_psm_merge_tf08_oldmask/84639/finetune_0/checkpoints/best.pt,2937108,ok,
adfc2_psm_merge_tf08_oldmask,adfc2_psm_merge_tf08_oldmask/84639/finetune_0/checkpoints/last.pt,2937108,ok,
adfc2_psm_merge_tf08_oldmask,adfc2_psm_merge_tf08_oldmask/84639/finetune_1/checkpoints/best.pt,2937108,ok,
adfc2_psm_merge_tf08_oldmask,adfc2_psm_merge_tf08_oldmask/84639/finetune_1/checkpoints/last.pt,2937108,ok,
adfc2_psm_merge_tf08_oldmask,adfc2_psm_merge_tf08_oldmask/84639/finetune_2/checkpoints/best.pt,2937108,ok,
adfc2_psm_merge_tf08_oldmask,adfc2_psm_merge_tf08_oldmask/84639/finetune_2/checkpoints/last.pt,2937108,ok,
adfc2_psm_merge_tf08_oldmask,adfc2_psm_merge_tf08_oldmask/84639/merged/checkpoints/best.pt,2932692,ok,
adfc2_psm_sequential_n2,adfc2_psm_sequential_n2/85138/baseline/checkpoints/best.pt,2937108,ok,
adfc2_psm_sequential_n2,adfc2_psm_sequential_n2/85138/baseline/checkpoints/last.pt,2937108,ok,
adfc2_psm_sequential_n2,adfc2_psm_sequential_n2/85138/continual_0/checkpoints/best.pt,2937108,ok,
adfc2_psm_sequential_n2,adfc2_psm_sequential_n2/85138/continual_0/checkpoints/last.pt,2937108,ok,
adfc2_psm_sequential_n2,adfc2_psm_sequential_n2/85138/continual_1/checkpoints/best.pt,2937108,ok,
adfc2_psm_sequential_n2,adfc2_psm_sequential_n2/85138/continual_1/checkpoints/last.pt,2937108,ok,
adfc2_psm_sequential_n2,adfc2_psm_sequential_n2/85139/baseline/checkpoints/best.pt,2937108,ok,
adfc2_psm_sequential_n2,adfc2_psm_sequential_n2/85139/baseline/checkpoints/last.pt,2937108,ok,
adfc2_psm_sequential_n2,adfc2_psm_sequential_n2/85139/continual_0/checkpoints/best.pt,2937108,ok,
adfc2_psm_sequential_n2,adfc2_psm_sequential_n2/85139/continual_0/checkpoints/last.pt,2937108,ok,
adfc2_psm_sequential_n2,adfc2_psm_sequential_n2/85139/continual_1/checkpoints/best.pt,2937108,ok,
adfc2_psm_sequential_n2,adfc2_psm_sequential_n2/85139/continual_1/checkpoints/last.pt,2937108,ok,
adfc2_psm_sequential_n2,adfc2_psm_sequential_n2/85140/baseline/checkpoints/best.pt,2937108,ok,
adfc2_psm_sequential_n2,adfc2_psm_sequential_n2/85140/baseline/checkpoints/last.pt,2937108,ok,
adfc2_psm_sequential_n2,adfc2_psm_sequential_n2/85140/continual_0/checkpoints/best.pt,2937108,ok,
adfc2_psm_sequential_n2,adfc2_psm_sequential_n2/85140/continual_0/checkpoints/last.pt,2937108,ok,
adfc2_psm_sequential_n2,adfc2_psm_sequential_n2/85140/continual_1/checkpoints/best.pt,2937108,ok,
adfc2_psm_sequential_n2,adfc2_psm_sequential_n2/85140/continual_1/checkpoints/last.pt,2937108,ok,
adfc2_psm_sequential_n2_oldmask,adfc2_psm_sequential_n2_oldmask/84607/baseline/checkpoints/best.pt,2937108,ok,
adfc2_psm_sequential_n2_oldmask,adfc2_psm_sequential_n2_oldmask/84607/baseline/checkpoints/last.pt,2937108,ok,
adfc2_psm_sequential_n2_oldmask,adfc2_psm_sequential_n2_oldmask/84607/continual_0/checkpoints/best.pt,2937108,ok,
adfc2_psm_sequential_n2_oldmask,adfc2_psm_sequential_n2_oldmask/84607/continual_0/checkpoints/last.pt,2937108,ok,
adfc2_psm_sequential_n2_oldmask,adfc2_psm_sequential_n2_oldmask/84607/continual_1/checkpoints/best.pt,2937108,ok,
adfc2_psm_sequential_n2_oldmask,adfc2_psm_sequential_n2_oldmask/84607/continual_1/checkpoints/last.pt,2937108,ok,
adfc2_psm_sequential_n2_oldmask,adfc2_psm_sequential_n2_oldmask/84608/baseline/checkpoints/best.pt,2937108,ok,
adfc2_psm_sequential_n2_oldmask,adfc2_psm_sequential_n2_oldmask/84608/baseline/checkpoints/last.pt,2937108,ok,
adfc2_psm_sequential_n2_oldmask,adfc2_psm_sequential_n2_oldmask/84608/continual_0/checkpoints/best.pt,2937108,ok,
adfc2_psm_sequential_n2_oldmask,adfc2_psm_sequential_n2_oldmask/84608/continual_0/checkpoints/last.pt,2937108,ok,
adfc2_psm_sequential_n2_oldmask,adfc2_psm_sequential_n2_oldmask/84608/continual_1/checkpoints/best.pt,2937108,ok,
adfc2_psm_sequential_n2_oldmask,adfc2_psm_sequential_n2_oldmask/84608/continual_1/checkpoints/last.pt,2937108,ok,
adfc2_psm_sequential_n2_oldmask,adfc2_psm_sequential_n2_oldmask/84609/baseline/checkpoints/best.pt,2937108,ok,
adfc2_psm_sequential_n2_oldmask,adfc2_psm_sequential_n2_oldmask/84609/baseline/checkpoints/last.pt,2937108,ok,
adfc2_psm_sequential_n2_oldmask,adfc2_psm_sequential_n2_oldmask/84609/continual_0/checkpoints/best.pt,2937108,ok,
adfc2_psm_sequential_n2_oldmask,adfc2_psm_sequential_n2_oldmask/84609/continual_0/checkpoints/last.pt,2937108,ok,
adfc2_psm_sequential_n2_oldmask,adfc2_psm_sequential_n2_oldmask/84609/continual_1/checkpoints/best.pt,2937108,ok,
adfc2_psm_sequential_n2_oldmask,adfc2_psm_sequential_n2_oldmask/84609/continual_1/checkpoints/last.pt,2937108,ok,
adfc2_psm_sequential_n3,adfc2_psm_sequential_n3/85144/baseline/checkpoints/best.pt,2937108,ok,
adfc2_psm_sequential_n3,adfc2_psm_sequential_n3/85144/baseline/checkpoints/last.pt,2937108,ok,
adfc2_psm_sequential_n3,adfc2_psm_sequential_n3/85144/continual_0/checkpoints/best.pt,2937108,ok,
adfc2_psm_sequential_n3,adfc2_psm_sequential_n3/85144/continual_0/checkpoints/last.pt,2937108,ok,
adfc2_psm_sequential_n3,adfc2_psm_sequential_n3/85144/continual_1/checkpoints/best.pt,2937108,ok,
adfc2_psm_sequential_n3,adfc2_psm_sequential_n3/85144/continual_1/checkpoints/last.pt,2937108,ok,
adfc2_psm_sequential_n3,adfc2_psm_sequential_n3/85144/continual_2/checkpoints/best.pt,2937108,ok,
adfc2_psm_sequential_n3,adfc2_psm_sequential_n3/85144/continual_2/checkpoints/last.pt,2937108,ok,
adfc2_psm_sequential_n3,adfc2_psm_sequential_n3/85145/baseline/checkpoints/best.pt,2937108,ok,
adfc2_psm_sequential_n3,adfc2_psm_sequential_n3/85145/baseline/checkpoints/last.pt,2937108,ok,
adfc2_psm_sequential_n3,adfc2_psm_sequential_n3/85145/continual_0/checkpoints/best.pt,2937108,ok,
adfc2_psm_sequential_n3,adfc2_psm_sequential_n3/85145/continual_0/checkpoints/last.pt,2937108,ok,
adfc2_psm_sequential_n3,adfc2_psm_sequential_n3/85145/continual_1/checkpoints/best.pt,2937108,ok,
adfc2_psm_sequential_n3,adfc2_psm_sequential_n3/85145/continual_1/checkpoints/last.pt,2937108,ok,
adfc2_psm_sequential_n3,adfc2_psm_sequential_n3/85145/continual_2/checkpoints/best.pt,2937108,ok,
adfc2_psm_sequential_n3,adfc2_psm_sequential_n3/85145/continual_2/checkpoints/last.pt,2937108,ok,
adfc2_psm_sequential_n3,adfc2_psm_sequential_n3/85146/baseline/checkpoints/best.pt,2937108,ok,
adfc2_psm_sequential_n3,adfc2_psm_sequential_n3/85146/baseline/checkpoints/last.pt,2937108,ok,
adfc2_psm_sequential_n3,adfc2_psm_sequential_n3/85146/continual_0/checkpoints/best.pt,2937108,ok,
adfc2_psm_sequential_n3,adfc2_psm_sequential_n3/85146/continual_0/checkpoints/last.pt,2937108,ok,
adfc2_psm_sequential_n3,adfc2_psm_sequential_n3/85146/continual_1/checkpoints/best.pt,2937108,ok,
adfc2_psm_sequential_n3,adfc2_psm_sequential_n3/85146/continual_1/checkpoints/last.pt,2937108,ok,
adfc2_psm_sequential_n3,adfc2_psm_sequential_n3/85146/continual_2/checkpoints/best.pt,2937108,ok,
adfc2_psm_sequential_n3,adfc2_psm_sequential_n3/85146/continual_2/checkpoints/last.pt,2937108,ok,
adfc2_psm_sequential_n3_oldmask,adfc2_psm_sequential_n3_oldmask/84613/baseline/checkpoints/best.pt,2937108,ok,
adfc2_psm_sequential_n3_oldmask,adfc2_psm_sequential_n3_oldmask/84613/baseline/checkpoints/last.pt,2937108,ok,
adfc2_psm_sequential_n3_oldmask,adfc2_psm_sequential_n3_oldmask/84613/continual_0/checkpoints/best.pt,2937108,ok,
adfc2_psm_sequential_n3_oldmask,adfc2_psm_sequential_n3_oldmask/84613/continual_0/checkpoints/last.pt,2937108,ok,
adfc2_psm_sequential_n3_oldmask,adfc2_psm_sequential_n3_oldmask/84613/continual_1/checkpoints/best.pt,2937108,ok,
adfc2_psm_sequential_n3_oldmask,adfc2_psm_sequential_n3_oldmask/84613/continual_1/checkpoints/last.pt,2937108,ok,
adfc2_psm_sequential_n3_oldmask,adfc2_psm_sequential_n3_oldmask/84613/continual_2/checkpoints/best.pt,2937108,ok,
adfc2_psm_sequential_n3_oldmask,adfc2_psm_sequential_n3_oldmask/84613/continual_2/checkpoints/last.pt,2937108,ok,
adfc2_psm_sequential_n3_oldmask,adfc2_psm_sequential_n3_oldmask/84614/baseline/checkpoints/best.pt,2937108,ok,
adfc2_psm_sequential_n3_oldmask,adfc2_psm_sequential_n3_oldmask/84614/baseline/checkpoints/last.pt,2937108,ok,
adfc2_psm_sequential_n3_oldmask,adfc2_psm_sequential_n3_oldmask/84614/continual_0/checkpoints/best.pt,2937108,ok,
adfc2_psm_sequential_n3_oldmask,adfc2_psm_sequential_n3_oldmask/84614/continual_0/checkpoints/last.pt,2937108,ok,
adfc2_psm_sequential_n3_oldmask,adfc2_psm_sequential_n3_oldmask/84614/continual_1/checkpoints/best.pt,2937108,ok,
adfc2_psm_sequential_n3_oldmask,adfc2_psm_sequential_n3_oldmask/84614/continual_1/checkpoints/last.pt,2937108,ok,
adfc2_psm_sequential_n3_oldmask,adfc2_psm_sequential_n3_oldmask/84614/continual_2/checkpoints/best.pt,2937108,ok,
adfc2_psm_sequential_n3_oldmask,adfc2_psm_sequential_n3_oldmask/84614/continual_2/checkpoints/last.pt,2937108,ok,
adfc2_psm_sequential_n3_oldmask,adfc2_psm_sequential_n3_oldmask/84615/baseline/checkpoints/best.pt,2937108,ok,
adfc2_psm_sequential_n3_oldmask,adfc2_psm_sequential_n3_oldmask/84615/baseline/checkpoints/last.pt,2937108,ok,
adfc2_psm_sequential_n3_oldmask,adfc2_psm_sequential_n3_oldmask/84615/continual_0/checkpoints/best.pt,2937108,ok,
adfc2_psm_sequential_n3_oldmask,adfc2_psm_sequential_n3_oldmask/84615/continual_0/checkpoints/last.pt,2937108,ok,
adfc2_psm_sequential_n3_oldmask,adfc2_psm_sequential_n3_oldmask/84615/continual_1/checkpoints/best.pt,2937108,ok,
adfc2_psm_sequential_n3_oldmask,adfc2_psm_sequential_n3_oldmask/84615/continual_1/checkpoints/last.pt,2937108,ok,
adfc2_psm_sequential_n3_oldmask,adfc2_psm_sequential_n3_oldmask/84615/continual_2/checkpoints/best.pt,2937108,ok,
adfc2_psm_sequential_n3_oldmask,adfc2_psm_sequential_n3_oldmask/84615/continual_2/checkpoints/last.pt,2937108,ok,
adfc2_psm_sequential_n5,adfc2_psm_sequential_n5/85150/baseline/checkpoints/best.pt,2937108,ok,
adfc2_psm_sequential_n5,adfc2_psm_sequential_n5/85150/baseline/checkpoints/last.pt,2937108,ok,
adfc2_psm_sequential_n5,adfc2_psm_sequential_n5/85150/continual_0/checkpoints/best.pt,2937108,ok,
adfc2_psm_sequential_n5,adfc2_psm_sequential_n5/85150/continual_0/checkpoints/last.pt,2937108,ok,
adfc2_psm_sequential_n5,adfc2_psm_sequential_n5/85150/continual_1/checkpoints/best.pt,2937108,ok,
adfc2_psm_sequential_n5,adfc2_psm_sequential_n5/85150/continual_1/checkpoints/last.pt,2937108,ok,
adfc2_psm_sequential_n5,adfc2_psm_sequential_n5/85150/continual_2/checkpoints/best.pt,2937108,ok,
adfc2_psm_sequential_n5,adfc2_psm_sequential_n5/85150/continual_2/checkpoints/last.pt,2937108,ok,
adfc2_psm_sequential_n5,adfc2_psm_sequential_n5/85150/continual_3/checkpoints/best.pt,2937108,ok,
adfc2_psm_sequential_n5,adfc2_psm_sequential_n5/85150/continual_3/checkpoints/last.pt,2937108,ok,
adfc2_psm_sequential_n5,adfc2_psm_sequential_n5/85150/continual_4/checkpoints/best.pt,2937108,ok,
adfc2_psm_sequential_n5,adfc2_psm_sequential_n5/85150/continual_4/checkpoints/last.pt,2937108,ok,
adfc2_psm_sequential_n5,adfc2_psm_sequential_n5/85151/baseline/checkpoints/best.pt,2937108,ok,
adfc2_psm_sequential_n5,adfc2_psm_sequential_n5/85151/baseline/checkpoints/last.pt,2937108,ok,
adfc2_psm_sequential_n5,adfc2_psm_sequential_n5/85151/continual_0/checkpoints/best.pt,2937108,ok,
adfc2_psm_sequential_n5,adfc2_psm_sequential_n5/85151/continual_0/checkpoints/last.pt,2937108,ok,
adfc2_psm_sequential_n5,adfc2_psm_sequential_n5/85151/continual_1/checkpoints/best.pt,2937108,ok,
adfc2_psm_sequential_n5,adfc2_psm_sequential_n5/85151/continual_1/checkpoints/last.pt,2937108,ok,
adfc2_psm_sequential_n5,adfc2_psm_sequential_n5/85151/continual_2/checkpoints/best.pt,2937108,ok,
adfc2_psm_sequential_n5,adfc2_psm_sequential_n5/85151/continual_2/checkpoints/last.pt,2937108,ok,
adfc2_psm_sequential_n5,adfc2_psm_sequential_n5/85151/continual_3/checkpoints/best.pt,2937108,ok,
adfc2_psm_sequential_n5,adfc2_psm_sequential_n5/85151/continual_3/checkpoints/last.pt,2937108,ok,
adfc2_psm_sequential_n5,adfc2_psm_sequential_n5/85151/continual_4/checkpoints/best.pt,2937108,ok,
adfc2_psm_sequential_n5,adfc2_psm_sequential_n5/85151/continual_4/checkpoints/last.pt,2937108,ok,
adfc2_psm_sequential_n5,adfc2_psm_sequential_n5/85152/baseline/checkpoints/best.pt,2937108,ok,
adfc2_psm_sequential_n5,adfc2_psm_sequential_n5/85152/baseline/checkpoints/last.pt,2937108,ok,
adfc2_psm_sequential_n5,adfc2_psm_sequential_n5/85152/continual_0/checkpoints/best.pt,2937108,ok,
adfc2_psm_sequential_n5,adfc2_psm_sequential_n5/85152/continual_0/checkpoints/last.pt,2937108,ok,
adfc2_psm_sequential_n5,adfc2_psm_sequential_n5/85152/continual_1/checkpoints/best.pt,2937108,ok,
adfc2_psm_sequential_n5,adfc2_psm_sequential_n5/85152/continual_1/checkpoints/last.pt,2937108,ok,
adfc2_psm_sequential_n5,adfc2_psm_sequential_n5/85152/continual_2/checkpoints/best.pt,2937108,ok,
adfc2_psm_sequential_n5,adfc2_psm_sequential_n5/85152/continual_2/checkpoints/last.pt,2937108,ok,
adfc2_psm_sequential_n5,adfc2_psm_sequential_n5/85152/continual_3/checkpoints/best.pt,2937108,ok,
adfc2_psm_sequential_n5,adfc2_psm_sequential_n5/85152/continual_3/checkpoints/last.pt,2937108,ok,
adfc2_psm_sequential_n5,adfc2_psm_sequential_n5/85152/continual_4/checkpoints/best.pt,2937108,ok,
adfc2_psm_sequential_n5,adfc2_psm_sequential_n5/85152/continual_4/checkpoints/last.pt,2937108,ok,
adfc2_psm_sequential_n5_oldmask,adfc2_psm_sequential_n5_oldmask/84619/baseline/checkpoints/best.pt,2937108,ok,
adfc2_psm_sequential_n5_oldmask,adfc2_psm_sequential_n5_oldmask/84619/baseline/checkpoints/last.pt,2937108,ok,
adfc2_psm_sequential_n5_oldmask,adfc2_psm_sequential_n5_oldmask/84619/continual_0/checkpoints/best.pt,2937108,ok,
adfc2_psm_sequential_n5_oldmask,adfc2_psm_sequential_n5_oldmask/84619/continual_0/checkpoints/last.pt,2937108,ok,
adfc2_psm_sequential_n5_oldmask,adfc2_psm_sequential_n5_oldmask/84619/continual_1/checkpoints/best.pt,2937108,ok,
adfc2_psm_sequential_n5_oldmask,adfc2_psm_sequential_n5_oldmask/84619/continual_1/checkpoints/last.pt,2937108,ok,
adfc2_psm_sequential_n5_oldmask,adfc2_psm_sequential_n5_oldmask/84619/continual_2/checkpoints/best.pt,2937108,ok,
adfc2_psm_sequential_n5_oldmask,adfc2_psm_sequential_n5_oldmask/84619/continual_2/checkpoints/last.pt,2937108,ok,
adfc2_psm_sequential_n5_oldmask,adfc2_psm_sequential_n5_oldmask/84619/continual_3/checkpoints/best.pt,2937108,ok,
adfc2_psm_sequential_n5_oldmask,adfc2_psm_sequential_n5_oldmask/84619/continual_3/checkpoints/last.pt,2937108,ok,
adfc2_psm_sequential_n5_oldmask,adfc2_psm_sequential_n5_oldmask/84619/continual_4/checkpoints/best.pt,2937108,ok,
adfc2_psm_sequential_n5_oldmask,adfc2_psm_sequential_n5_oldmask/84619/continual_4/checkpoints/last.pt,2937108,ok,
adfc2_psm_sequential_n5_oldmask,adfc2_psm_sequential_n5_oldmask/84620/baseline/checkpoints/best.pt,2937108,ok,
adfc2_psm_sequential_n5_oldmask,adfc2_psm_sequential_n5_oldmask/84620/baseline/checkpoints/last.pt,2937108,ok,
adfc2_psm_sequential_n5_oldmask,adfc2_psm_sequential_n5_oldmask/84620/continual_0/checkpoints/best.pt,2937108,ok,
adfc2_psm_sequential_n5_oldmask,adfc2_psm_sequential_n5_oldmask/84620/continual_0/checkpoints/last.pt,2937108,ok,
adfc2_psm_sequential_n5_oldmask,adfc2_psm_sequential_n5_oldmask/84620/continual_1/checkpoints/best.pt,2937108,ok,
adfc2_psm_sequential_n5_oldmask,adfc2_psm_sequential_n5_oldmask/84620/continual_1/checkpoints/last.pt,2937108,ok,
adfc2_psm_sequential_n5_oldmask,adfc2_psm_sequential_n5_oldmask/84620/continual_2/checkpoints/best.pt,2937108,ok,
adfc2_psm_sequential_n5_oldmask,adfc2_psm_sequential_n5_oldmask/84620/continual_2/checkpoints/last.pt,2937108,ok,
adfc2_psm_sequential_n5_oldmask,adfc2_psm_sequential_n5_oldmask/84620/continual_3/checkpoints/best.pt,2937108,ok,
adfc2_psm_sequential_n5_oldmask,adfc2_psm_sequential_n5_oldmask/84620/continual_3/checkpoints/last.pt,2937108,ok,
adfc2_psm_sequential_n5_oldmask,adfc2_psm_sequential_n5_oldmask/84620/continual_4/checkpoints/best.pt,2937108,ok,
adfc2_psm_sequential_n5_oldmask,adfc2_psm_sequential_n5_oldmask/84620/continual_4/checkpoints/last.pt,2937108,ok,
adfc2_psm_sequential_n5_oldmask,adfc2_psm_sequential_n5_oldmask/84621/baseline/checkpoints/best.pt,2937108,ok,
adfc2_psm_sequential_n5_oldmask,adfc2_psm_sequential_n5_oldmask/84621/baseline/checkpoints/last.pt,2937108,ok,
adfc2_psm_sequential_n5_oldmask,adfc2_psm_sequential_n5_oldmask/84621/continual_0/checkpoints/best.pt,2937108,ok,
adfc2_psm_sequential_n5_oldmask,adfc2_psm_sequential_n5_oldmask/84621/continual_0/checkpoints/last.pt,2937108,ok,
adfc2_psm_sequential_n5_oldmask,adfc2_psm_sequential_n5_oldmask/84621/continual_1/checkpoints/best.pt,2937108,ok,
adfc2_psm_sequential_n5_oldmask,adfc2_psm_sequential_n5_oldmask/84621/continual_1/checkpoints/last.pt,2937108,ok,
adfc2_psm_sequential_n5_oldmask,adfc2_psm_sequential_n5_oldmask/84621/continual_2/checkpoints/best.pt,2937108,ok,
adfc2_psm_sequential_n5_oldmask,adfc2_psm_sequential_n5_oldmask/84621/continual_2/checkpoints/last.pt,2937108,ok,
adfc2_psm_sequential_n5_oldmask,adfc2_psm_sequential_n5_oldmask/84621/continual_3/checkpoints/best.pt,2937108,ok,
adfc2_psm_sequential_n5_oldmask,adfc2_psm_sequential_n5_oldmask/84621/continual_3/checkpoints/last.pt,2937108,ok,
adfc2_psm_sequential_n5_oldmask,adfc2_psm_sequential_n5_oldmask/84621/continual_4/checkpoints/best.pt,2937108,ok,
adfc2_psm_sequential_n5_oldmask,adfc2_psm_sequential_n5_oldmask/84621/continual_4/checkpoints/last.pt,2937108,ok,
adfc2_psm_window_W1,adfc2_psm_window_W1/85156/baseline/checkpoints/best.pt,2937108,ok,
adfc2_psm_window_W1,adfc2_psm_window_W1/85156/baseline/checkpoints/last.pt,2937108,ok,
adfc2_psm_window_W1,adfc2_psm_window_W1/85156/finetune_0/checkpoints/best.pt,2937108,ok,
adfc2_psm_window_W1,adfc2_psm_window_W1/85156/finetune_0/checkpoints/last.pt,2937108,ok,
adfc2_psm_window_W1,adfc2_psm_window_W1/85156/merged/checkpoints/best.pt,2932692,ok,
adfc2_psm_window_W1,adfc2_psm_window_W1/85157/baseline/checkpoints/best.pt,2937108,ok,
adfc2_psm_window_W1,adfc2_psm_window_W1/85157/baseline/checkpoints/last.pt,2937108,ok,
adfc2_psm_window_W1,adfc2_psm_window_W1/85157/finetune_0/checkpoints/best.pt,2937108,ok,
adfc2_psm_window_W1,adfc2_psm_window_W1/85157/finetune_0/checkpoints/last.pt,2937108,ok,
adfc2_psm_window_W1,adfc2_psm_window_W1/85157/merged/checkpoints/best.pt,2932692,ok,
adfc2_psm_window_W1,adfc2_psm_window_W1/85158/baseline/checkpoints/best.pt,2937108,ok,
adfc2_psm_window_W1,adfc2_psm_window_W1/85158/baseline/checkpoints/last.pt,2937108,ok,
adfc2_psm_window_W1,adfc2_psm_window_W1/85158/finetune_0/checkpoints/best.pt,2937108,ok,
adfc2_psm_window_W1,adfc2_psm_window_W1/85158/finetune_0/checkpoints/last.pt,2937108,ok,
adfc2_psm_window_W1,adfc2_psm_window_W1/85158/merged/checkpoints/best.pt,2932692,ok,
adfc2_psm_window_W1_oldmask,adfc2_psm_window_W1_oldmask/84625/baseline/checkpoints/best.pt,2937108,ok,
adfc2_psm_window_W1_oldmask,adfc2_psm_window_W1_oldmask/84625/baseline/checkpoints/last.pt,2937108,ok,
adfc2_psm_window_W1_oldmask,adfc2_psm_window_W1_oldmask/84625/finetune_0/checkpoints/best.pt,2937108,ok,
adfc2_psm_window_W1_oldmask,adfc2_psm_window_W1_oldmask/84625/finetune_0/checkpoints/last.pt,2937108,ok,
adfc2_psm_window_W1_oldmask,adfc2_psm_window_W1_oldmask/84625/merged/checkpoints/best.pt,2932692,ok,
adfc2_psm_window_W1_oldmask,adfc2_psm_window_W1_oldmask/84626/baseline/checkpoints/best.pt,2937108,ok,
adfc2_psm_window_W1_oldmask,adfc2_psm_window_W1_oldmask/84626/baseline/checkpoints/last.pt,2937108,ok,
adfc2_psm_window_W1_oldmask,adfc2_psm_window_W1_oldmask/84626/finetune_0/checkpoints/best.pt,2937108,ok,
adfc2_psm_window_W1_oldmask,adfc2_psm_window_W1_oldmask/84626/finetune_0/checkpoints/last.pt,2937108,ok,
adfc2_psm_window_W1_oldmask,adfc2_psm_window_W1_oldmask/84626/merged/checkpoints/best.pt,2932692,ok,
adfc2_psm_window_W1_oldmask,adfc2_psm_window_W1_oldmask/84627/baseline/checkpoints/best.pt,2937108,ok,
adfc2_psm_window_W1_oldmask,adfc2_psm_window_W1_oldmask/84627/baseline/checkpoints/last.pt,2937108,ok,
adfc2_psm_window_W1_oldmask,adfc2_psm_window_W1_oldmask/84627/finetune_0/checkpoints/best.pt,2937108,ok,
adfc2_psm_window_W1_oldmask,adfc2_psm_window_W1_oldmask/84627/finetune_0/checkpoints/last.pt,2937108,ok,
adfc2_psm_window_W1_oldmask,adfc2_psm_window_W1_oldmask/84627/merged/checkpoints/best.pt,2932692,ok,
adfc2_psm_window_W2,adfc2_psm_window_W2/85159/baseline/checkpoints/best.pt,2937108,ok,
adfc2_psm_window_W2,adfc2_psm_window_W2/85159/baseline/checkpoints/last.pt,2937108,ok,
adfc2_psm_window_W2,adfc2_psm_window_W2/85159/finetune_0/checkpoints/best.pt,2937108,ok,
adfc2_psm_window_W2,adfc2_psm_window_W2/85159/finetune_0/checkpoints/last.pt,2937108,ok,
adfc2_psm_window_W2,adfc2_psm_window_W2/85159/merged/checkpoints/best.pt,2932692,ok,
adfc2_psm_window_W2,adfc2_psm_window_W2/85160/baseline/checkpoints/best.pt,2937108,ok,
adfc2_psm_window_W2,adfc2_psm_window_W2/85160/baseline/checkpoints/last.pt,2937108,ok,
adfc2_psm_window_W2,adfc2_psm_window_W2/85160/finetune_0/checkpoints/best.pt,2937108,ok,
adfc2_psm_window_W2,adfc2_psm_window_W2/85160/finetune_0/checkpoints/last.pt,2937108,ok,
adfc2_psm_window_W2,adfc2_psm_window_W2/85160/merged/checkpoints/best.pt,2932692,ok,
adfc2_psm_window_W2,adfc2_psm_window_W2/85161/baseline/checkpoints/best.pt,2937108,ok,
adfc2_psm_window_W2,adfc2_psm_window_W2/85161/baseline/checkpoints/last.pt,2937108,ok,
adfc2_psm_window_W2,adfc2_psm_window_W2/85161/finetune_0/checkpoints/best.pt,2937108,ok,
adfc2_psm_window_W2,adfc2_psm_window_W2/85161/finetune_0/checkpoints/last.pt,2937108,ok,
adfc2_psm_window_W2,adfc2_psm_window_W2/85161/merged/checkpoints/best.pt,2932692,ok,
adfc2_psm_window_W2_oldmask,adfc2_psm_window_W2_oldmask/84628/baseline/checkpoints/best.pt,2937108,ok,
adfc2_psm_window_W2_oldmask,adfc2_psm_window_W2_oldmask/84628/baseline/checkpoints/last.pt,2937108,ok,
adfc2_psm_window_W2_oldmask,adfc2_psm_window_W2_oldmask/84628/finetune_0/checkpoints/best.pt,2937108,ok,
adfc2_psm_window_W2_oldmask,adfc2_psm_window_W2_oldmask/84628/finetune_0/checkpoints/last.pt,2937108,ok,
adfc2_psm_window_W2_oldmask,adfc2_psm_window_W2_oldmask/84628/merged/checkpoints/best.pt,2932692,ok,
adfc2_psm_window_W2_oldmask,adfc2_psm_window_W2_oldmask/84629/baseline/checkpoints/best.pt,2937108,ok,
adfc2_psm_window_W2_oldmask,adfc2_psm_window_W2_oldmask/84629/baseline/checkpoints/last.pt,2937108,ok,
adfc2_psm_window_W2_oldmask,adfc2_psm_window_W2_oldmask/84629/finetune_0/checkpoints/best.pt,2937108,ok,
adfc2_psm_window_W2_oldmask,adfc2_psm_window_W2_oldmask/84629/finetune_0/checkpoints/last.pt,2937108,ok,
adfc2_psm_window_W2_oldmask,adfc2_psm_window_W2_oldmask/84629/merged/checkpoints/best.pt,2932692,ok,
adfc2_psm_window_W2_oldmask,adfc2_psm_window_W2_oldmask/84630/baseline/checkpoints/best.pt,2937108,ok,
adfc2_psm_window_W2_oldmask,adfc2_psm_window_W2_oldmask/84630/baseline/checkpoints/last.pt,2937108,ok,
adfc2_psm_window_W2_oldmask,adfc2_psm_window_W2_oldmask/84630/finetune_0/checkpoints/best.pt,2937108,ok,
adfc2_psm_window_W2_oldmask,adfc2_psm_window_W2_oldmask/84630/finetune_0/checkpoints/last.pt,2937108,ok,
adfc2_psm_window_W2_oldmask,adfc2_psm_window_W2_oldmask/84630/merged/checkpoints/best.pt,2932692,ok,
adfc2_psm_window_W3,adfc2_psm_window_W3/85162/baseline/checkpoints/best.pt,2937108,ok,
adfc2_psm_window_W3,adfc2_psm_window_W3/85162/baseline/checkpoints/last.pt,2937108,ok,
adfc2_psm_window_W3,adfc2_psm_window_W3/85162/finetune_0/checkpoints/best.pt,2937108,ok,
adfc2_psm_window_W3,adfc2_psm_window_W3/85162/finetune_0/checkpoints/last.pt,2937108,ok,
adfc2_psm_window_W3,adfc2_psm_window_W3/85162/merged/checkpoints/best.pt,2932692,ok,
adfc2_psm_window_W3,adfc2_psm_window_W3/85163/baseline/checkpoints/best.pt,2937108,ok,
adfc2_psm_window_W3,adfc2_psm_window_W3/85163/baseline/checkpoints/last.pt,2937108,ok,
adfc2_psm_window_W3,adfc2_psm_window_W3/85163/finetune_0/checkpoints/best.pt,2937108,ok,
adfc2_psm_window_W3,adfc2_psm_window_W3/85163/finetune_0/checkpoints/last.pt,2937108,ok,
adfc2_psm_window_W3,adfc2_psm_window_W3/85163/merged/checkpoints/best.pt,2932692,ok,
adfc2_psm_window_W3,adfc2_psm_window_W3/85164/baseline/checkpoints/best.pt,2937108,ok,
adfc2_psm_window_W3,adfc2_psm_window_W3/85164/baseline/checkpoints/last.pt,2937108,ok,
adfc2_psm_window_W3,adfc2_psm_window_W3/85164/finetune_0/checkpoints/best.pt,2937108,ok,
adfc2_psm_window_W3,adfc2_psm_window_W3/85164/finetune_0/checkpoints/last.pt,2937108,ok,
adfc2_psm_window_W3,adfc2_psm_window_W3/85164/merged/checkpoints/best.pt,2932692,ok,
adfc2_psm_window_W3_oldmask,adfc2_psm_window_W3_oldmask/84631/baseline/checkpoints/best.pt,2937108,ok,
adfc2_psm_window_W3_oldmask,adfc2_psm_window_W3_oldmask/84631/baseline/checkpoints/last.pt,2937108,ok,
adfc2_psm_window_W3_oldmask,adfc2_psm_window_W3_oldmask/84631/finetune_0/checkpoints/best.pt,2937108,ok,
adfc2_psm_window_W3_oldmask,adfc2_psm_window_W3_oldmask/84631/finetune_0/checkpoints/last.pt,2937108,ok,
adfc2_psm_window_W3_oldmask,adfc2_psm_window_W3_oldmask/84631/merged/checkpoints/best.pt,2932692,ok,
adfc2_psm_window_W3_oldmask,adfc2_psm_window_W3_oldmask/84632/baseline/checkpoints/best.pt,2937108,ok,
adfc2_psm_window_W3_oldmask,adfc2_psm_window_W3_oldmask/84632/baseline/checkpoints/last.pt,2937108,ok,
adfc2_psm_window_W3_oldmask,adfc2_psm_window_W3_oldmask/84632/finetune_0/checkpoints/best.pt,2937108,ok,
adfc2_psm_window_W3_oldmask,adfc2_psm_window_W3_oldmask/84632/finetune_0/checkpoints/last.pt,2937108,ok,
adfc2_psm_window_W3_oldmask,adfc2_psm_window_W3_oldmask/84632/merged/checkpoints/best.pt,2932692,ok,
adfc2_psm_window_W3_oldmask,adfc2_psm_window_W3_oldmask/84633/baseline/checkpoints/best.pt,2937108,ok,
adfc2_psm_window_W3_oldmask,adfc2_psm_window_W3_oldmask/84633/baseline/checkpoints/last.pt,2937108,ok,
adfc2_psm_window_W3_oldmask,adfc2_psm_window_W3_oldmask/84633/finetune_0/checkpoints/best.pt,2937108,ok,
adfc2_psm_window_W3_oldmask,adfc2_psm_window_W3_oldmask/84633/finetune_0/checkpoints/last.pt,2937108,ok,
adfc2_psm_window_W3_oldmask,adfc2_psm_window_W3_oldmask/84633/merged/checkpoints/best.pt,2932692,ok,
adfc2_swat_joint,adfc2_swat_joint/85189/train/checkpoints/best.pt,3017364,ok,
adfc2_swat_joint,adfc2_swat_joint/85189/train/checkpoints/last.pt,3017364,ok,
adfc2_swat_joint,adfc2_swat_joint/85190/train/checkpoints/best.pt,3017364,ok,
adfc2_swat_joint,adfc2_swat_joint/85190/train/checkpoints/last.pt,3017364,ok,
adfc2_swat_joint,adfc2_swat_joint/85191/train/checkpoints/best.pt,3017364,ok,
adfc2_swat_joint,adfc2_swat_joint/85191/train/checkpoints/last.pt,3017364,ok,
adfc2_swat_joint_oldmask,adfc2_swat_joint_oldmask/84658/train/checkpoints/best.pt,3017364,ok,
adfc2_swat_joint_oldmask,adfc2_swat_joint_oldmask/84658/train/checkpoints/last.pt,3017364,ok,
adfc2_swat_joint_oldmask,adfc2_swat_joint_oldmask/84659/train/checkpoints/best.pt,3017364,ok,
adfc2_swat_joint_oldmask,adfc2_swat_joint_oldmask/84659/train/checkpoints/last.pt,3017364,ok,
adfc2_swat_joint_oldmask,adfc2_swat_joint_oldmask/84660/train/checkpoints/best.pt,3017364,ok,
adfc2_swat_joint_oldmask,adfc2_swat_joint_oldmask/84660/train/checkpoints/last.pt,3017364,ok,
adfc2_swat_merge_n2,adfc2_swat_merge_n2/85171/baseline/checkpoints/best.pt,3017364,ok,
adfc2_swat_merge_n2,adfc2_swat_merge_n2/85171/baseline/checkpoints/last.pt,3017364,ok,
adfc2_swat_merge_n2,adfc2_swat_merge_n2/85171/finetune_0/checkpoints/best.pt,3017364,ok,
adfc2_swat_merge_n2,adfc2_swat_merge_n2/85171/finetune_0/checkpoints/last.pt,3017364,ok,
adfc2_swat_merge_n2,adfc2_swat_merge_n2/85171/finetune_1/checkpoints/best.pt,3017364,ok,
adfc2_swat_merge_n2,adfc2_swat_merge_n2/85171/finetune_1/checkpoints/last.pt,3017364,ok,
adfc2_swat_merge_n2,adfc2_swat_merge_n2/85171/merged/checkpoints/best.pt,3012948,ok,
adfc2_swat_merge_n2,adfc2_swat_merge_n2/85172/baseline/checkpoints/best.pt,3017364,ok,
adfc2_swat_merge_n2,adfc2_swat_merge_n2/85172/baseline/checkpoints/last.pt,3017364,ok,
adfc2_swat_merge_n2,adfc2_swat_merge_n2/85172/finetune_0/checkpoints/best.pt,3017364,ok,
adfc2_swat_merge_n2,adfc2_swat_merge_n2/85172/finetune_0/checkpoints/last.pt,3017364,ok,
adfc2_swat_merge_n2,adfc2_swat_merge_n2/85172/finetune_1/checkpoints/best.pt,3017364,ok,
adfc2_swat_merge_n2,adfc2_swat_merge_n2/85172/finetune_1/checkpoints/last.pt,3017364,ok,
adfc2_swat_merge_n2,adfc2_swat_merge_n2/85172/merged/checkpoints/best.pt,3012948,ok,
adfc2_swat_merge_n2,adfc2_swat_merge_n2/85173/baseline/checkpoints/best.pt,3017364,ok,
adfc2_swat_merge_n2,adfc2_swat_merge_n2/85173/baseline/checkpoints/last.pt,3017364,ok,
adfc2_swat_merge_n2,adfc2_swat_merge_n2/85173/finetune_0/checkpoints/best.pt,3017364,ok,
adfc2_swat_merge_n2,adfc2_swat_merge_n2/85173/finetune_0/checkpoints/last.pt,3017364,ok,
adfc2_swat_merge_n2,adfc2_swat_merge_n2/85173/finetune_1/checkpoints/best.pt,3017364,ok,
adfc2_swat_merge_n2,adfc2_swat_merge_n2/85173/finetune_1/checkpoints/last.pt,3017364,ok,
adfc2_swat_merge_n2,adfc2_swat_merge_n2/85173/merged/checkpoints/best.pt,3012948,ok,
adfc2_swat_merge_n2_oldmask,adfc2_swat_merge_n2_oldmask/84640/baseline/checkpoints/best.pt,3017364,ok,
adfc2_swat_merge_n2_oldmask,adfc2_swat_merge_n2_oldmask/84640/baseline/checkpoints/last.pt,3017364,ok,
adfc2_swat_merge_n2_oldmask,adfc2_swat_merge_n2_oldmask/84640/finetune_0/checkpoints/best.pt,3017364,ok,
adfc2_swat_merge_n2_oldmask,adfc2_swat_merge_n2_oldmask/84640/finetune_0/checkpoints/last.pt,3017364,ok,
adfc2_swat_merge_n2_oldmask,adfc2_swat_merge_n2_oldmask/84640/finetune_1/checkpoints/best.pt,3017364,ok,
adfc2_swat_merge_n2_oldmask,adfc2_swat_merge_n2_oldmask/84640/finetune_1/checkpoints/last.pt,3017364,ok,
adfc2_swat_merge_n2_oldmask,adfc2_swat_merge_n2_oldmask/84640/merged/checkpoints/best.pt,3012948,ok,
adfc2_swat_merge_n2_oldmask,adfc2_swat_merge_n2_oldmask/84641/baseline/checkpoints/best.pt,3017364,ok,
adfc2_swat_merge_n2_oldmask,adfc2_swat_merge_n2_oldmask/84641/baseline/checkpoints/last.pt,3017364,ok,
adfc2_swat_merge_n2_oldmask,adfc2_swat_merge_n2_oldmask/84641/finetune_0/checkpoints/best.pt,3017364,ok,
adfc2_swat_merge_n2_oldmask,adfc2_swat_merge_n2_oldmask/84641/finetune_0/checkpoints/last.pt,3017364,ok,
adfc2_swat_merge_n2_oldmask,adfc2_swat_merge_n2_oldmask/84641/finetune_1/checkpoints/best.pt,3017364,ok,
adfc2_swat_merge_n2_oldmask,adfc2_swat_merge_n2_oldmask/84641/finetune_1/checkpoints/last.pt,3017364,ok,
adfc2_swat_merge_n2_oldmask,adfc2_swat_merge_n2_oldmask/84641/merged/checkpoints/best.pt,3012948,ok,
adfc2_swat_merge_n2_oldmask,adfc2_swat_merge_n2_oldmask/84642/baseline/checkpoints/best.pt,3017364,ok,
adfc2_swat_merge_n2_oldmask,adfc2_swat_merge_n2_oldmask/84642/baseline/checkpoints/last.pt,3017364,ok,
adfc2_swat_merge_n2_oldmask,adfc2_swat_merge_n2_oldmask/84642/finetune_0/checkpoints/best.pt,3017364,ok,
adfc2_swat_merge_n2_oldmask,adfc2_swat_merge_n2_oldmask/84642/finetune_0/checkpoints/last.pt,3017364,ok,
adfc2_swat_merge_n2_oldmask,adfc2_swat_merge_n2_oldmask/84642/finetune_1/checkpoints/best.pt,3017364,ok,
adfc2_swat_merge_n2_oldmask,adfc2_swat_merge_n2_oldmask/84642/finetune_1/checkpoints/last.pt,3017364,ok,
adfc2_swat_merge_n2_oldmask,adfc2_swat_merge_n2_oldmask/84642/merged/checkpoints/best.pt,3012948,ok,
adfc2_swat_merge_n3,adfc2_swat_merge_n3/85177/baseline/checkpoints/best.pt,3017364,ok,
adfc2_swat_merge_n3,adfc2_swat_merge_n3/85177/baseline/checkpoints/last.pt,3017364,ok,
adfc2_swat_merge_n3,adfc2_swat_merge_n3/85177/finetune_0/checkpoints/best.pt,3017364,ok,
adfc2_swat_merge_n3,adfc2_swat_merge_n3/85177/finetune_0/checkpoints/last.pt,3017364,ok,
adfc2_swat_merge_n3,adfc2_swat_merge_n3/85177/finetune_1/checkpoints/best.pt,3017364,ok,
adfc2_swat_merge_n3,adfc2_swat_merge_n3/85177/finetune_1/checkpoints/last.pt,3017364,ok,
adfc2_swat_merge_n3,adfc2_swat_merge_n3/85177/finetune_2/checkpoints/best.pt,3017364,ok,
adfc2_swat_merge_n3,adfc2_swat_merge_n3/85177/finetune_2/checkpoints/last.pt,3017364,ok,
adfc2_swat_merge_n3,adfc2_swat_merge_n3/85177/merged/checkpoints/best.pt,3012948,ok,
adfc2_swat_merge_n3,adfc2_swat_merge_n3/85178/baseline/checkpoints/best.pt,3017364,ok,
adfc2_swat_merge_n3,adfc2_swat_merge_n3/85178/baseline/checkpoints/last.pt,3017364,ok,
adfc2_swat_merge_n3,adfc2_swat_merge_n3/85178/finetune_0/checkpoints/best.pt,3017364,ok,
adfc2_swat_merge_n3,adfc2_swat_merge_n3/85178/finetune_0/checkpoints/last.pt,3017364,ok,
adfc2_swat_merge_n3,adfc2_swat_merge_n3/85178/finetune_1/checkpoints/best.pt,3017364,ok,
adfc2_swat_merge_n3,adfc2_swat_merge_n3/85178/finetune_1/checkpoints/last.pt,3017364,ok,
adfc2_swat_merge_n3,adfc2_swat_merge_n3/85178/finetune_2/checkpoints/best.pt,3017364,ok,
adfc2_swat_merge_n3,adfc2_swat_merge_n3/85178/finetune_2/checkpoints/last.pt,3017364,ok,
adfc2_swat_merge_n3,adfc2_swat_merge_n3/85178/merged/checkpoints/best.pt,3012948,ok,
adfc2_swat_merge_n3,adfc2_swat_merge_n3/85179/baseline/checkpoints/best.pt,3017364,ok,
adfc2_swat_merge_n3,adfc2_swat_merge_n3/85179/baseline/checkpoints/last.pt,3017364,ok,
adfc2_swat_merge_n3,adfc2_swat_merge_n3/85179/finetune_0/checkpoints/best.pt,3017364,ok,
adfc2_swat_merge_n3,adfc2_swat_merge_n3/85179/finetune_0/checkpoints/last.pt,3017364,ok,
adfc2_swat_merge_n3,adfc2_swat_merge_n3/85179/finetune_1/checkpoints/best.pt,3017364,ok,
adfc2_swat_merge_n3,adfc2_swat_merge_n3/85179/finetune_1/checkpoints/last.pt,3017364,ok,
adfc2_swat_merge_n3,adfc2_swat_merge_n3/85179/finetune_2/checkpoints/best.pt,3017364,ok,
adfc2_swat_merge_n3,adfc2_swat_merge_n3/85179/finetune_2/checkpoints/last.pt,3017364,ok,
adfc2_swat_merge_n3,adfc2_swat_merge_n3/85179/merged/checkpoints/best.pt,3012948,ok,
adfc2_swat_merge_n3_oldmask,adfc2_swat_merge_n3_oldmask/84646/baseline/checkpoints/best.pt,3017364,ok,
adfc2_swat_merge_n3_oldmask,adfc2_swat_merge_n3_oldmask/84646/baseline/checkpoints/last.pt,3017364,ok,
adfc2_swat_merge_n3_oldmask,adfc2_swat_merge_n3_oldmask/84646/finetune_0/checkpoints/best.pt,3017364,ok,
adfc2_swat_merge_n3_oldmask,adfc2_swat_merge_n3_oldmask/84646/finetune_0/checkpoints/last.pt,3017364,ok,
adfc2_swat_merge_n3_oldmask,adfc2_swat_merge_n3_oldmask/84646/finetune_1/checkpoints/best.pt,3017364,ok,
adfc2_swat_merge_n3_oldmask,adfc2_swat_merge_n3_oldmask/84646/finetune_1/checkpoints/last.pt,3017364,ok,
adfc2_swat_merge_n3_oldmask,adfc2_swat_merge_n3_oldmask/84646/finetune_2/checkpoints/best.pt,3017364,ok,
adfc2_swat_merge_n3_oldmask,adfc2_swat_merge_n3_oldmask/84646/finetune_2/checkpoints/last.pt,3017364,ok,
adfc2_swat_merge_n3_oldmask,adfc2_swat_merge_n3_oldmask/84646/merged/checkpoints/best.pt,3012948,ok,
adfc2_swat_merge_n3_oldmask,adfc2_swat_merge_n3_oldmask/84647/baseline/checkpoints/best.pt,3017364,ok,
adfc2_swat_merge_n3_oldmask,adfc2_swat_merge_n3_oldmask/84647/baseline/checkpoints/last.pt,3017364,ok,
adfc2_swat_merge_n3_oldmask,adfc2_swat_merge_n3_oldmask/84647/finetune_0/checkpoints/best.pt,3017364,ok,
adfc2_swat_merge_n3_oldmask,adfc2_swat_merge_n3_oldmask/84647/finetune_0/checkpoints/last.pt,3017364,ok,
adfc2_swat_merge_n3_oldmask,adfc2_swat_merge_n3_oldmask/84647/finetune_1/checkpoints/best.pt,3017364,ok,
adfc2_swat_merge_n3_oldmask,adfc2_swat_merge_n3_oldmask/84647/finetune_1/checkpoints/last.pt,3017364,ok,
adfc2_swat_merge_n3_oldmask,adfc2_swat_merge_n3_oldmask/84647/finetune_2/checkpoints/best.pt,3017364,ok,
adfc2_swat_merge_n3_oldmask,adfc2_swat_merge_n3_oldmask/84647/finetune_2/checkpoints/last.pt,3017364,ok,
adfc2_swat_merge_n3_oldmask,adfc2_swat_merge_n3_oldmask/84647/merged/checkpoints/best.pt,3012948,ok,
adfc2_swat_merge_n3_oldmask,adfc2_swat_merge_n3_oldmask/84648/baseline/checkpoints/best.pt,3017364,ok,
adfc2_swat_merge_n3_oldmask,adfc2_swat_merge_n3_oldmask/84648/baseline/checkpoints/last.pt,3017364,ok,
adfc2_swat_merge_n3_oldmask,adfc2_swat_merge_n3_oldmask/84648/finetune_0/checkpoints/best.pt,3017364,ok,
adfc2_swat_merge_n3_oldmask,adfc2_swat_merge_n3_oldmask/84648/finetune_0/checkpoints/last.pt,3017364,ok,
adfc2_swat_merge_n3_oldmask,adfc2_swat_merge_n3_oldmask/84648/finetune_1/checkpoints/best.pt,3017364,ok,
adfc2_swat_merge_n3_oldmask,adfc2_swat_merge_n3_oldmask/84648/finetune_1/checkpoints/last.pt,3017364,ok,
adfc2_swat_merge_n3_oldmask,adfc2_swat_merge_n3_oldmask/84648/finetune_2/checkpoints/best.pt,3017364,ok,
adfc2_swat_merge_n3_oldmask,adfc2_swat_merge_n3_oldmask/84648/finetune_2/checkpoints/last.pt,3017364,ok,
adfc2_swat_merge_n3_oldmask,adfc2_swat_merge_n3_oldmask/84648/merged/checkpoints/best.pt,3012948,ok,
adfc2_swat_merge_n5,adfc2_swat_merge_n5/85183/baseline/checkpoints/best.pt,3017364,ok,
adfc2_swat_merge_n5,adfc2_swat_merge_n5/85183/baseline/checkpoints/last.pt,3017364,ok,
adfc2_swat_merge_n5,adfc2_swat_merge_n5/85183/finetune_0/checkpoints/best.pt,3017364,ok,
adfc2_swat_merge_n5,adfc2_swat_merge_n5/85183/finetune_0/checkpoints/last.pt,3017364,ok,
adfc2_swat_merge_n5,adfc2_swat_merge_n5/85183/finetune_1/checkpoints/best.pt,3017364,ok,
adfc2_swat_merge_n5,adfc2_swat_merge_n5/85183/finetune_1/checkpoints/last.pt,3017364,ok,
adfc2_swat_merge_n5,adfc2_swat_merge_n5/85183/finetune_2/checkpoints/best.pt,3017364,ok,
adfc2_swat_merge_n5,adfc2_swat_merge_n5/85183/finetune_2/checkpoints/last.pt,3017364,ok,
adfc2_swat_merge_n5,adfc2_swat_merge_n5/85183/finetune_3/checkpoints/best.pt,3017364,ok,
adfc2_swat_merge_n5,adfc2_swat_merge_n5/85183/finetune_3/checkpoints/last.pt,3017364,ok,
adfc2_swat_merge_n5,adfc2_swat_merge_n5/85183/finetune_4/checkpoints/best.pt,3017364,ok,
adfc2_swat_merge_n5,adfc2_swat_merge_n5/85183/finetune_4/checkpoints/last.pt,3017364,ok,
adfc2_swat_merge_n5,adfc2_swat_merge_n5/85183/merged/checkpoints/best.pt,3012948,ok,
adfc2_swat_merge_n5,adfc2_swat_merge_n5/85184/baseline/checkpoints/best.pt,3017364,ok,
adfc2_swat_merge_n5,adfc2_swat_merge_n5/85184/baseline/checkpoints/last.pt,3017364,ok,
adfc2_swat_merge_n5,adfc2_swat_merge_n5/85184/finetune_0/checkpoints/best.pt,3017364,ok,
adfc2_swat_merge_n5,adfc2_swat_merge_n5/85184/finetune_0/checkpoints/last.pt,3017364,ok,
adfc2_swat_merge_n5,adfc2_swat_merge_n5/85184/finetune_1/checkpoints/best.pt,3017364,ok,
adfc2_swat_merge_n5,adfc2_swat_merge_n5/85184/finetune_1/checkpoints/last.pt,3017364,ok,
adfc2_swat_merge_n5,adfc2_swat_merge_n5/85184/finetune_2/checkpoints/best.pt,3017364,ok,
adfc2_swat_merge_n5,adfc2_swat_merge_n5/85184/finetune_2/checkpoints/last.pt,3017364,ok,
adfc2_swat_merge_n5,adfc2_swat_merge_n5/85184/finetune_3/checkpoints/best.pt,3017364,ok,
adfc2_swat_merge_n5,adfc2_swat_merge_n5/85184/finetune_3/checkpoints/last.pt,3017364,ok,
adfc2_swat_merge_n5,adfc2_swat_merge_n5/85184/finetune_4/checkpoints/best.pt,3017364,ok,
adfc2_swat_merge_n5,adfc2_swat_merge_n5/85184/finetune_4/checkpoints/last.pt,3017364,ok,
adfc2_swat_merge_n5,adfc2_swat_merge_n5/85184/merged/checkpoints/best.pt,3012948,ok,
adfc2_swat_merge_n5,adfc2_swat_merge_n5/85185/baseline/checkpoints/best.pt,3017364,ok,
adfc2_swat_merge_n5,adfc2_swat_merge_n5/85185/baseline/checkpoints/last.pt,3017364,ok,
adfc2_swat_merge_n5,adfc2_swat_merge_n5/85185/finetune_0/checkpoints/best.pt,3017364,ok,
adfc2_swat_merge_n5,adfc2_swat_merge_n5/85185/finetune_0/checkpoints/last.pt,3017364,ok,
adfc2_swat_merge_n5,adfc2_swat_merge_n5/85185/finetune_1/checkpoints/best.pt,3017364,ok,
adfc2_swat_merge_n5,adfc2_swat_merge_n5/85185/finetune_1/checkpoints/last.pt,3017364,ok,
adfc2_swat_merge_n5,adfc2_swat_merge_n5/85185/finetune_2/checkpoints/best.pt,3017364,ok,
adfc2_swat_merge_n5,adfc2_swat_merge_n5/85185/finetune_2/checkpoints/last.pt,3017364,ok,
adfc2_swat_merge_n5,adfc2_swat_merge_n5/85185/finetune_3/checkpoints/best.pt,3017364,ok,
adfc2_swat_merge_n5,adfc2_swat_merge_n5/85185/finetune_3/checkpoints/last.pt,3017364,ok,
adfc2_swat_merge_n5,adfc2_swat_merge_n5/85185/finetune_4/checkpoints/best.pt,3017364,ok,
adfc2_swat_merge_n5,adfc2_swat_merge_n5/85185/finetune_4/checkpoints/last.pt,3017364,ok,
adfc2_swat_merge_n5,adfc2_swat_merge_n5/85185/merged/checkpoints/best.pt,3012948,ok,
adfc2_swat_merge_n5_oldmask,adfc2_swat_merge_n5_oldmask/84652/baseline/checkpoints/best.pt,3017364,ok,
adfc2_swat_merge_n5_oldmask,adfc2_swat_merge_n5_oldmask/84652/baseline/checkpoints/last.pt,3017364,ok,
adfc2_swat_merge_n5_oldmask,adfc2_swat_merge_n5_oldmask/84652/finetune_0/checkpoints/best.pt,3017364,ok,
adfc2_swat_merge_n5_oldmask,adfc2_swat_merge_n5_oldmask/84652/finetune_0/checkpoints/last.pt,3017364,ok,
adfc2_swat_merge_n5_oldmask,adfc2_swat_merge_n5_oldmask/84652/finetune_1/checkpoints/best.pt,3017364,ok,
adfc2_swat_merge_n5_oldmask,adfc2_swat_merge_n5_oldmask/84652/finetune_1/checkpoints/last.pt,3017364,ok,
adfc2_swat_merge_n5_oldmask,adfc2_swat_merge_n5_oldmask/84652/finetune_2/checkpoints/best.pt,3017364,ok,
adfc2_swat_merge_n5_oldmask,adfc2_swat_merge_n5_oldmask/84652/finetune_2/checkpoints/last.pt,3017364,ok,
adfc2_swat_merge_n5_oldmask,adfc2_swat_merge_n5_oldmask/84652/finetune_3/checkpoints/best.pt,3017364,ok,
adfc2_swat_merge_n5_oldmask,adfc2_swat_merge_n5_oldmask/84652/finetune_3/checkpoints/last.pt,3017364,ok,
adfc2_swat_merge_n5_oldmask,adfc2_swat_merge_n5_oldmask/84652/finetune_4/checkpoints/best.pt,3017364,ok,
adfc2_swat_merge_n5_oldmask,adfc2_swat_merge_n5_oldmask/84652/finetune_4/checkpoints/last.pt,3017364,ok,
adfc2_swat_merge_n5_oldmask,adfc2_swat_merge_n5_oldmask/84652/merged/checkpoints/best.pt,3012948,ok,
adfc2_swat_merge_n5_oldmask,adfc2_swat_merge_n5_oldmask/84653/baseline/checkpoints/best.pt,3017364,ok,
adfc2_swat_merge_n5_oldmask,adfc2_swat_merge_n5_oldmask/84653/baseline/checkpoints/last.pt,3017364,ok,
adfc2_swat_merge_n5_oldmask,adfc2_swat_merge_n5_oldmask/84653/finetune_0/checkpoints/best.pt,3017364,ok,
adfc2_swat_merge_n5_oldmask,adfc2_swat_merge_n5_oldmask/84653/finetune_0/checkpoints/last.pt,3017364,ok,
adfc2_swat_merge_n5_oldmask,adfc2_swat_merge_n5_oldmask/84653/finetune_1/checkpoints/best.pt,3017364,ok,
adfc2_swat_merge_n5_oldmask,adfc2_swat_merge_n5_oldmask/84653/finetune_1/checkpoints/last.pt,3017364,ok,
adfc2_swat_merge_n5_oldmask,adfc2_swat_merge_n5_oldmask/84653/finetune_2/checkpoints/best.pt,3017364,ok,
adfc2_swat_merge_n5_oldmask,adfc2_swat_merge_n5_oldmask/84653/finetune_2/checkpoints/last.pt,3017364,ok,
adfc2_swat_merge_n5_oldmask,adfc2_swat_merge_n5_oldmask/84653/finetune_3/checkpoints/best.pt,3017364,ok,
adfc2_swat_merge_n5_oldmask,adfc2_swat_merge_n5_oldmask/84653/finetune_3/checkpoints/last.pt,3017364,ok,
adfc2_swat_merge_n5_oldmask,adfc2_swat_merge_n5_oldmask/84653/finetune_4/checkpoints/best.pt,3017364,ok,
adfc2_swat_merge_n5_oldmask,adfc2_swat_merge_n5_oldmask/84653/finetune_4/checkpoints/last.pt,3017364,ok,
adfc2_swat_merge_n5_oldmask,adfc2_swat_merge_n5_oldmask/84653/merged/checkpoints/best.pt,3012948,ok,
adfc2_swat_merge_n5_oldmask,adfc2_swat_merge_n5_oldmask/84654/baseline/checkpoints/best.pt,3017364,ok,
adfc2_swat_merge_n5_oldmask,adfc2_swat_merge_n5_oldmask/84654/baseline/checkpoints/last.pt,3017364,ok,
adfc2_swat_merge_n5_oldmask,adfc2_swat_merge_n5_oldmask/84654/finetune_0/checkpoints/best.pt,3017364,ok,
adfc2_swat_merge_n5_oldmask,adfc2_swat_merge_n5_oldmask/84654/finetune_0/checkpoints/last.pt,3017364,ok,
adfc2_swat_merge_n5_oldmask,adfc2_swat_merge_n5_oldmask/84654/finetune_1/checkpoints/best.pt,3017364,ok,
adfc2_swat_merge_n5_oldmask,adfc2_swat_merge_n5_oldmask/84654/finetune_1/checkpoints/last.pt,3017364,ok,
adfc2_swat_merge_n5_oldmask,adfc2_swat_merge_n5_oldmask/84654/finetune_2/checkpoints/best.pt,3017364,ok,
adfc2_swat_merge_n5_oldmask,adfc2_swat_merge_n5_oldmask/84654/finetune_2/checkpoints/last.pt,3017364,ok,
adfc2_swat_merge_n5_oldmask,adfc2_swat_merge_n5_oldmask/84654/finetune_3/checkpoints/best.pt,3017364,ok,
adfc2_swat_merge_n5_oldmask,adfc2_swat_merge_n5_oldmask/84654/finetune_3/checkpoints/last.pt,3017364,ok,
adfc2_swat_merge_n5_oldmask,adfc2_swat_merge_n5_oldmask/84654/finetune_4/checkpoints/best.pt,3017364,ok,
adfc2_swat_merge_n5_oldmask,adfc2_swat_merge_n5_oldmask/84654/finetune_4/checkpoints/last.pt,3017364,ok,
adfc2_swat_merge_n5_oldmask,adfc2_swat_merge_n5_oldmask/84654/merged/checkpoints/best.pt,3012948,ok,
adfc2_swat_merge_tf06,adfc2_swat_merge_tf06/85201/baseline/checkpoints/best.pt,3017364,ok,
adfc2_swat_merge_tf06,adfc2_swat_merge_tf06/85201/baseline/checkpoints/last.pt,3017364,ok,
adfc2_swat_merge_tf06,adfc2_swat_merge_tf06/85201/finetune_0/checkpoints/best.pt,3017364,ok,
adfc2_swat_merge_tf06,adfc2_swat_merge_tf06/85201/finetune_0/checkpoints/last.pt,3017364,ok,
adfc2_swat_merge_tf06,adfc2_swat_merge_tf06/85201/finetune_1/checkpoints/best.pt,3017364,ok,
adfc2_swat_merge_tf06,adfc2_swat_merge_tf06/85201/finetune_1/checkpoints/last.pt,3017364,ok,
adfc2_swat_merge_tf06,adfc2_swat_merge_tf06/85201/finetune_2/checkpoints/best.pt,3017364,ok,
adfc2_swat_merge_tf06,adfc2_swat_merge_tf06/85201/finetune_2/checkpoints/last.pt,3017364,ok,
adfc2_swat_merge_tf06,adfc2_swat_merge_tf06/85201/merged/checkpoints/best.pt,3012948,ok,
adfc2_swat_merge_tf06,adfc2_swat_merge_tf06/85202/baseline/checkpoints/best.pt,3017364,ok,
adfc2_swat_merge_tf06,adfc2_swat_merge_tf06/85202/baseline/checkpoints/last.pt,3017364,ok,
adfc2_swat_merge_tf06,adfc2_swat_merge_tf06/85202/finetune_0/checkpoints/best.pt,3017364,ok,
adfc2_swat_merge_tf06,adfc2_swat_merge_tf06/85202/finetune_0/checkpoints/last.pt,3017364,ok,
adfc2_swat_merge_tf06,adfc2_swat_merge_tf06/85202/finetune_1/checkpoints/best.pt,3017364,ok,
adfc2_swat_merge_tf06,adfc2_swat_merge_tf06/85202/finetune_1/checkpoints/last.pt,3017364,ok,
adfc2_swat_merge_tf06,adfc2_swat_merge_tf06/85202/finetune_2/checkpoints/best.pt,3017364,ok,
adfc2_swat_merge_tf06,adfc2_swat_merge_tf06/85202/finetune_2/checkpoints/last.pt,3017364,ok,
adfc2_swat_merge_tf06,adfc2_swat_merge_tf06/85202/merged/checkpoints/best.pt,3012948,ok,
adfc2_swat_merge_tf06,adfc2_swat_merge_tf06/85203/baseline/checkpoints/best.pt,3017364,ok,
adfc2_swat_merge_tf06,adfc2_swat_merge_tf06/85203/baseline/checkpoints/last.pt,3017364,ok,
adfc2_swat_merge_tf06,adfc2_swat_merge_tf06/85203/finetune_0/checkpoints/best.pt,3017364,ok,
adfc2_swat_merge_tf06,adfc2_swat_merge_tf06/85203/finetune_0/checkpoints/last.pt,3017364,ok,
adfc2_swat_merge_tf06,adfc2_swat_merge_tf06/85203/finetune_1/checkpoints/best.pt,3017364,ok,
adfc2_swat_merge_tf06,adfc2_swat_merge_tf06/85203/finetune_1/checkpoints/last.pt,3017364,ok,
adfc2_swat_merge_tf06,adfc2_swat_merge_tf06/85203/finetune_2/checkpoints/best.pt,3017364,ok,
adfc2_swat_merge_tf06,adfc2_swat_merge_tf06/85203/finetune_2/checkpoints/last.pt,3017364,ok,
adfc2_swat_merge_tf06,adfc2_swat_merge_tf06/85203/merged/checkpoints/best.pt,3012948,ok,
adfc2_swat_merge_tf06_oldmask,adfc2_swat_merge_tf06_oldmask/84670/baseline/checkpoints/best.pt,3017364,ok,
adfc2_swat_merge_tf06_oldmask,adfc2_swat_merge_tf06_oldmask/84670/baseline/checkpoints/last.pt,3017364,ok,
adfc2_swat_merge_tf06_oldmask,adfc2_swat_merge_tf06_oldmask/84670/finetune_0/checkpoints/best.pt,3017364,ok,
adfc2_swat_merge_tf06_oldmask,adfc2_swat_merge_tf06_oldmask/84670/finetune_0/checkpoints/last.pt,3017364,ok,
adfc2_swat_merge_tf06_oldmask,adfc2_swat_merge_tf06_oldmask/84670/finetune_1/checkpoints/best.pt,3017364,ok,
adfc2_swat_merge_tf06_oldmask,adfc2_swat_merge_tf06_oldmask/84670/finetune_1/checkpoints/last.pt,3017364,ok,
adfc2_swat_merge_tf06_oldmask,adfc2_swat_merge_tf06_oldmask/84670/finetune_2/checkpoints/best.pt,3017364,ok,
adfc2_swat_merge_tf06_oldmask,adfc2_swat_merge_tf06_oldmask/84670/finetune_2/checkpoints/last.pt,3017364,ok,
adfc2_swat_merge_tf06_oldmask,adfc2_swat_merge_tf06_oldmask/84670/merged/checkpoints/best.pt,3012948,ok,
adfc2_swat_merge_tf06_oldmask,adfc2_swat_merge_tf06_oldmask/84671/baseline/checkpoints/best.pt,3017364,ok,
adfc2_swat_merge_tf06_oldmask,adfc2_swat_merge_tf06_oldmask/84671/baseline/checkpoints/last.pt,3017364,ok,
adfc2_swat_merge_tf06_oldmask,adfc2_swat_merge_tf06_oldmask/84671/finetune_0/checkpoints/best.pt,3017364,ok,
adfc2_swat_merge_tf06_oldmask,adfc2_swat_merge_tf06_oldmask/84671/finetune_0/checkpoints/last.pt,3017364,ok,
adfc2_swat_merge_tf06_oldmask,adfc2_swat_merge_tf06_oldmask/84671/finetune_1/checkpoints/best.pt,3017364,ok,
adfc2_swat_merge_tf06_oldmask,adfc2_swat_merge_tf06_oldmask/84671/finetune_1/checkpoints/last.pt,3017364,ok,
adfc2_swat_merge_tf06_oldmask,adfc2_swat_merge_tf06_oldmask/84671/finetune_2/checkpoints/best.pt,3017364,ok,
adfc2_swat_merge_tf06_oldmask,adfc2_swat_merge_tf06_oldmask/84671/finetune_2/checkpoints/last.pt,3017364,ok,
adfc2_swat_merge_tf06_oldmask,adfc2_swat_merge_tf06_oldmask/84671/merged/checkpoints/best.pt,3012948,ok,
adfc2_swat_merge_tf06_oldmask,adfc2_swat_merge_tf06_oldmask/84672/baseline/checkpoints/best.pt,3017364,ok,
adfc2_swat_merge_tf06_oldmask,adfc2_swat_merge_tf06_oldmask/84672/baseline/checkpoints/last.pt,3017364,ok,
adfc2_swat_merge_tf06_oldmask,adfc2_swat_merge_tf06_oldmask/84672/finetune_0/checkpoints/best.pt,3017364,ok,
adfc2_swat_merge_tf06_oldmask,adfc2_swat_merge_tf06_oldmask/84672/finetune_0/checkpoints/last.pt,3017364,ok,
adfc2_swat_merge_tf06_oldmask,adfc2_swat_merge_tf06_oldmask/84672/finetune_1/checkpoints/best.pt,3017364,ok,
adfc2_swat_merge_tf06_oldmask,adfc2_swat_merge_tf06_oldmask/84672/finetune_1/checkpoints/last.pt,3017364,ok,
adfc2_swat_merge_tf06_oldmask,adfc2_swat_merge_tf06_oldmask/84672/finetune_2/checkpoints/best.pt,3017364,ok,
adfc2_swat_merge_tf06_oldmask,adfc2_swat_merge_tf06_oldmask/84672/finetune_2/checkpoints/last.pt,3017364,ok,
adfc2_swat_merge_tf06_oldmask,adfc2_swat_merge_tf06_oldmask/84672/merged/checkpoints/best.pt,3012948,ok,
adfc2_swat_merge_tf08,adfc2_swat_merge_tf08/85204/baseline/checkpoints/best.pt,3017364,ok,
adfc2_swat_merge_tf08,adfc2_swat_merge_tf08/85204/baseline/checkpoints/last.pt,3017364,ok,
adfc2_swat_merge_tf08,adfc2_swat_merge_tf08/85204/finetune_0/checkpoints/best.pt,3017364,ok,
adfc2_swat_merge_tf08,adfc2_swat_merge_tf08/85204/finetune_0/checkpoints/last.pt,3017364,ok,
adfc2_swat_merge_tf08,adfc2_swat_merge_tf08/85204/finetune_1/checkpoints/best.pt,3017364,ok,
adfc2_swat_merge_tf08,adfc2_swat_merge_tf08/85204/finetune_1/checkpoints/last.pt,3017364,ok,
adfc2_swat_merge_tf08,adfc2_swat_merge_tf08/85204/finetune_2/checkpoints/best.pt,3017364,ok,
adfc2_swat_merge_tf08,adfc2_swat_merge_tf08/85204/finetune_2/checkpoints/last.pt,3017364,ok,
adfc2_swat_merge_tf08,adfc2_swat_merge_tf08/85204/merged/checkpoints/best.pt,3012948,ok,
adfc2_swat_merge_tf08,adfc2_swat_merge_tf08/85205/baseline/checkpoints/best.pt,3017364,ok,
adfc2_swat_merge_tf08,adfc2_swat_merge_tf08/85205/baseline/checkpoints/last.pt,3017364,ok,
adfc2_swat_merge_tf08,adfc2_swat_merge_tf08/85205/finetune_0/checkpoints/best.pt,3017364,ok,
adfc2_swat_merge_tf08,adfc2_swat_merge_tf08/85205/finetune_0/checkpoints/last.pt,3017364,ok,
adfc2_swat_merge_tf08,adfc2_swat_merge_tf08/85205/finetune_1/checkpoints/best.pt,3017364,ok,
adfc2_swat_merge_tf08,adfc2_swat_merge_tf08/85205/finetune_1/checkpoints/last.pt,3017364,ok,
adfc2_swat_merge_tf08,adfc2_swat_merge_tf08/85205/finetune_2/checkpoints/best.pt,3017364,ok,
adfc2_swat_merge_tf08,adfc2_swat_merge_tf08/85205/finetune_2/checkpoints/last.pt,3017364,ok,
adfc2_swat_merge_tf08,adfc2_swat_merge_tf08/85205/merged/checkpoints/best.pt,3012948,ok,
adfc2_swat_merge_tf08,adfc2_swat_merge_tf08/85206/baseline/checkpoints/best.pt,3017364,ok,
adfc2_swat_merge_tf08,adfc2_swat_merge_tf08/85206/baseline/checkpoints/last.pt,3017364,ok,
adfc2_swat_merge_tf08,adfc2_swat_merge_tf08/85206/finetune_0/checkpoints/best.pt,3017364,ok,
adfc2_swat_merge_tf08,adfc2_swat_merge_tf08/85206/finetune_0/checkpoints/last.pt,3017364,ok,
adfc2_swat_merge_tf08,adfc2_swat_merge_tf08/85206/finetune_1/checkpoints/best.pt,3017364,ok,
adfc2_swat_merge_tf08,adfc2_swat_merge_tf08/85206/finetune_1/checkpoints/last.pt,3017364,ok,
adfc2_swat_merge_tf08,adfc2_swat_merge_tf08/85206/finetune_2/checkpoints/best.pt,3017364,ok,
adfc2_swat_merge_tf08,adfc2_swat_merge_tf08/85206/finetune_2/checkpoints/last.pt,3017364,ok,
adfc2_swat_merge_tf08,adfc2_swat_merge_tf08/85206/merged/checkpoints/best.pt,3012948,ok,
adfc2_swat_merge_tf08_oldmask,adfc2_swat_merge_tf08_oldmask/84673/baseline/checkpoints/best.pt,3017364,ok,
adfc2_swat_merge_tf08_oldmask,adfc2_swat_merge_tf08_oldmask/84673/baseline/checkpoints/last.pt,3017364,ok,
adfc2_swat_merge_tf08_oldmask,adfc2_swat_merge_tf08_oldmask/84673/finetune_0/checkpoints/best.pt,3017364,ok,
adfc2_swat_merge_tf08_oldmask,adfc2_swat_merge_tf08_oldmask/84673/finetune_0/checkpoints/last.pt,3017364,ok,
adfc2_swat_merge_tf08_oldmask,adfc2_swat_merge_tf08_oldmask/84673/finetune_1/checkpoints/best.pt,3017364,ok,
adfc2_swat_merge_tf08_oldmask,adfc2_swat_merge_tf08_oldmask/84673/finetune_1/checkpoints/last.pt,3017364,ok,
adfc2_swat_merge_tf08_oldmask,adfc2_swat_merge_tf08_oldmask/84673/finetune_2/checkpoints/best.pt,3017364,ok,
adfc2_swat_merge_tf08_oldmask,adfc2_swat_merge_tf08_oldmask/84673/finetune_2/checkpoints/last.pt,3017364,ok,
adfc2_swat_merge_tf08_oldmask,adfc2_swat_merge_tf08_oldmask/84673/merged/checkpoints/best.pt,3012948,ok,
adfc2_swat_merge_tf08_oldmask,adfc2_swat_merge_tf08_oldmask/84674/baseline/checkpoints/best.pt,3017364,ok,
adfc2_swat_merge_tf08_oldmask,adfc2_swat_merge_tf08_oldmask/84674/baseline/checkpoints/last.pt,3017364,ok,
adfc2_swat_merge_tf08_oldmask,adfc2_swat_merge_tf08_oldmask/84674/finetune_0/checkpoints/best.pt,3017364,ok,
adfc2_swat_merge_tf08_oldmask,adfc2_swat_merge_tf08_oldmask/84674/finetune_0/checkpoints/last.pt,3017364,ok,
adfc2_swat_merge_tf08_oldmask,adfc2_swat_merge_tf08_oldmask/84674/finetune_1/checkpoints/best.pt,3017364,ok,
adfc2_swat_merge_tf08_oldmask,adfc2_swat_merge_tf08_oldmask/84674/finetune_1/checkpoints/last.pt,3017364,ok,
adfc2_swat_merge_tf08_oldmask,adfc2_swat_merge_tf08_oldmask/84674/finetune_2/checkpoints/best.pt,3017364,ok,
adfc2_swat_merge_tf08_oldmask,adfc2_swat_merge_tf08_oldmask/84674/finetune_2/checkpoints/last.pt,3017364,ok,
adfc2_swat_merge_tf08_oldmask,adfc2_swat_merge_tf08_oldmask/84674/merged/checkpoints/best.pt,3012948,ok,
adfc2_swat_merge_tf08_oldmask,adfc2_swat_merge_tf08_oldmask/84675/baseline/checkpoints/best.pt,3017364,ok,
adfc2_swat_merge_tf08_oldmask,adfc2_swat_merge_tf08_oldmask/84675/baseline/checkpoints/last.pt,3017364,ok,
adfc2_swat_merge_tf08_oldmask,adfc2_swat_merge_tf08_oldmask/84675/finetune_0/checkpoints/best.pt,3017364,ok,
adfc2_swat_merge_tf08_oldmask,adfc2_swat_merge_tf08_oldmask/84675/finetune_0/checkpoints/last.pt,3017364,ok,
adfc2_swat_merge_tf08_oldmask,adfc2_swat_merge_tf08_oldmask/84675/finetune_1/checkpoints/best.pt,3017364,ok,
adfc2_swat_merge_tf08_oldmask,adfc2_swat_merge_tf08_oldmask/84675/finetune_1/checkpoints/last.pt,3017364,ok,
adfc2_swat_merge_tf08_oldmask,adfc2_swat_merge_tf08_oldmask/84675/finetune_2/checkpoints/best.pt,3017364,ok,
adfc2_swat_merge_tf08_oldmask,adfc2_swat_merge_tf08_oldmask/84675/finetune_2/checkpoints/last.pt,3017364,ok,
adfc2_swat_merge_tf08_oldmask,adfc2_swat_merge_tf08_oldmask/84675/merged/checkpoints/best.pt,3012948,ok,
adfc2_swat_sequential_n2,adfc2_swat_sequential_n2/85174/baseline/checkpoints/best.pt,3017364,ok,
adfc2_swat_sequential_n2,adfc2_swat_sequential_n2/85174/baseline/checkpoints/last.pt,3017364,ok,
adfc2_swat_sequential_n2,adfc2_swat_sequential_n2/85174/continual_0/checkpoints/best.pt,3017364,ok,
adfc2_swat_sequential_n2,adfc2_swat_sequential_n2/85174/continual_0/checkpoints/last.pt,3017364,ok,
adfc2_swat_sequential_n2,adfc2_swat_sequential_n2/85174/continual_1/checkpoints/best.pt,3017364,ok,
adfc2_swat_sequential_n2,adfc2_swat_sequential_n2/85174/continual_1/checkpoints/last.pt,3017364,ok,
adfc2_swat_sequential_n2,adfc2_swat_sequential_n2/85175/baseline/checkpoints/best.pt,3017364,ok,
adfc2_swat_sequential_n2,adfc2_swat_sequential_n2/85175/baseline/checkpoints/last.pt,3017364,ok,
adfc2_swat_sequential_n2,adfc2_swat_sequential_n2/85175/continual_0/checkpoints/best.pt,3017364,ok,
adfc2_swat_sequential_n2,adfc2_swat_sequential_n2/85175/continual_0/checkpoints/last.pt,3017364,ok,
adfc2_swat_sequential_n2,adfc2_swat_sequential_n2/85175/continual_1/checkpoints/best.pt,3017364,ok,
adfc2_swat_sequential_n2,adfc2_swat_sequential_n2/85175/continual_1/checkpoints/last.pt,3017364,ok,
adfc2_swat_sequential_n2,adfc2_swat_sequential_n2/85176/baseline/checkpoints/best.pt,3017364,ok,
adfc2_swat_sequential_n2,adfc2_swat_sequential_n2/85176/baseline/checkpoints/last.pt,3017364,ok,
adfc2_swat_sequential_n2,adfc2_swat_sequential_n2/85176/continual_0/checkpoints/best.pt,3017364,ok,
adfc2_swat_sequential_n2,adfc2_swat_sequential_n2/85176/continual_0/checkpoints/last.pt,3017364,ok,
adfc2_swat_sequential_n2,adfc2_swat_sequential_n2/85176/continual_1/checkpoints/best.pt,3017364,ok,
adfc2_swat_sequential_n2,adfc2_swat_sequential_n2/85176/continual_1/checkpoints/last.pt,3017364,ok,
adfc2_swat_sequential_n2_oldmask,adfc2_swat_sequential_n2_oldmask/84643/baseline/checkpoints/best.pt,3017364,ok,
adfc2_swat_sequential_n2_oldmask,adfc2_swat_sequential_n2_oldmask/84643/baseline/checkpoints/last.pt,3017364,ok,
adfc2_swat_sequential_n2_oldmask,adfc2_swat_sequential_n2_oldmask/84643/continual_0/checkpoints/best.pt,3017364,ok,
adfc2_swat_sequential_n2_oldmask,adfc2_swat_sequential_n2_oldmask/84643/continual_0/checkpoints/last.pt,3017364,ok,
adfc2_swat_sequential_n2_oldmask,adfc2_swat_sequential_n2_oldmask/84643/continual_1/checkpoints/best.pt,3017364,ok,
adfc2_swat_sequential_n2_oldmask,adfc2_swat_sequential_n2_oldmask/84643/continual_1/checkpoints/last.pt,3017364,ok,
adfc2_swat_sequential_n2_oldmask,adfc2_swat_sequential_n2_oldmask/84644/baseline/checkpoints/best.pt,3017364,ok,
adfc2_swat_sequential_n2_oldmask,adfc2_swat_sequential_n2_oldmask/84644/baseline/checkpoints/last.pt,3017364,ok,
adfc2_swat_sequential_n2_oldmask,adfc2_swat_sequential_n2_oldmask/84644/continual_0/checkpoints/best.pt,3017364,ok,
adfc2_swat_sequential_n2_oldmask,adfc2_swat_sequential_n2_oldmask/84644/continual_0/checkpoints/last.pt,3017364,ok,
adfc2_swat_sequential_n2_oldmask,adfc2_swat_sequential_n2_oldmask/84644/continual_1/checkpoints/best.pt,3017364,ok,
adfc2_swat_sequential_n2_oldmask,adfc2_swat_sequential_n2_oldmask/84644/continual_1/checkpoints/last.pt,3017364,ok,
adfc2_swat_sequential_n2_oldmask,adfc2_swat_sequential_n2_oldmask/84645/baseline/checkpoints/best.pt,3017364,ok,
adfc2_swat_sequential_n2_oldmask,adfc2_swat_sequential_n2_oldmask/84645/baseline/checkpoints/last.pt,3017364,ok,
adfc2_swat_sequential_n2_oldmask,adfc2_swat_sequential_n2_oldmask/84645/continual_0/checkpoints/best.pt,3017364,ok,
adfc2_swat_sequential_n2_oldmask,adfc2_swat_sequential_n2_oldmask/84645/continual_0/checkpoints/last.pt,3017364,ok,
adfc2_swat_sequential_n2_oldmask,adfc2_swat_sequential_n2_oldmask/84645/continual_1/checkpoints/best.pt,3017364,ok,
adfc2_swat_sequential_n2_oldmask,adfc2_swat_sequential_n2_oldmask/84645/continual_1/checkpoints/last.pt,3017364,ok,
adfc2_swat_sequential_n3,adfc2_swat_sequential_n3/85180/baseline/checkpoints/best.pt,3017364,ok,
adfc2_swat_sequential_n3,adfc2_swat_sequential_n3/85180/baseline/checkpoints/last.pt,3017364,ok,
adfc2_swat_sequential_n3,adfc2_swat_sequential_n3/85180/continual_0/checkpoints/best.pt,3017364,ok,
adfc2_swat_sequential_n3,adfc2_swat_sequential_n3/85180/continual_0/checkpoints/last.pt,3017364,ok,
adfc2_swat_sequential_n3,adfc2_swat_sequential_n3/85180/continual_1/checkpoints/best.pt,3017364,ok,
adfc2_swat_sequential_n3,adfc2_swat_sequential_n3/85180/continual_1/checkpoints/last.pt,3017364,ok,
adfc2_swat_sequential_n3,adfc2_swat_sequential_n3/85180/continual_2/checkpoints/best.pt,3017364,ok,
adfc2_swat_sequential_n3,adfc2_swat_sequential_n3/85180/continual_2/checkpoints/last.pt,3017364,ok,
adfc2_swat_sequential_n3,adfc2_swat_sequential_n3/85181/baseline/checkpoints/best.pt,3017364,ok,
adfc2_swat_sequential_n3,adfc2_swat_sequential_n3/85181/baseline/checkpoints/last.pt,3017364,ok,
adfc2_swat_sequential_n3,adfc2_swat_sequential_n3/85181/continual_0/checkpoints/best.pt,3017364,ok,
adfc2_swat_sequential_n3,adfc2_swat_sequential_n3/85181/continual_0/checkpoints/last.pt,3017364,ok,
adfc2_swat_sequential_n3,adfc2_swat_sequential_n3/85181/continual_1/checkpoints/best.pt,3017364,ok,
adfc2_swat_sequential_n3,adfc2_swat_sequential_n3/85181/continual_1/checkpoints/last.pt,3017364,ok,
adfc2_swat_sequential_n3,adfc2_swat_sequential_n3/85181/continual_2/checkpoints/best.pt,3017364,ok,
adfc2_swat_sequential_n3,adfc2_swat_sequential_n3/85181/continual_2/checkpoints/last.pt,3017364,ok,
adfc2_swat_sequential_n3,adfc2_swat_sequential_n3/85182/baseline/checkpoints/best.pt,3017364,ok,
adfc2_swat_sequential_n3,adfc2_swat_sequential_n3/85182/baseline/checkpoints/last.pt,3017364,ok,
adfc2_swat_sequential_n3,adfc2_swat_sequential_n3/85182/continual_0/checkpoints/best.pt,3017364,ok,
adfc2_swat_sequential_n3,adfc2_swat_sequential_n3/85182/continual_0/checkpoints/last.pt,3017364,ok,
adfc2_swat_sequential_n3,adfc2_swat_sequential_n3/85182/continual_1/checkpoints/best.pt,3017364,ok,
adfc2_swat_sequential_n3,adfc2_swat_sequential_n3/85182/continual_1/checkpoints/last.pt,3017364,ok,
adfc2_swat_sequential_n3,adfc2_swat_sequential_n3/85182/continual_2/checkpoints/best.pt,3017364,ok,
adfc2_swat_sequential_n3,adfc2_swat_sequential_n3/85182/continual_2/checkpoints/last.pt,3017364,ok,
adfc2_swat_sequential_n3_oldmask,adfc2_swat_sequential_n3_oldmask/84649/baseline/checkpoints/best.pt,3017364,ok,
adfc2_swat_sequential_n3_oldmask,adfc2_swat_sequential_n3_oldmask/84649/baseline/checkpoints/last.pt,3017364,ok,
adfc2_swat_sequential_n3_oldmask,adfc2_swat_sequential_n3_oldmask/84649/continual_0/checkpoints/best.pt,3017364,ok,
adfc2_swat_sequential_n3_oldmask,adfc2_swat_sequential_n3_oldmask/84649/continual_0/checkpoints/last.pt,3017364,ok,
adfc2_swat_sequential_n3_oldmask,adfc2_swat_sequential_n3_oldmask/84649/continual_1/checkpoints/best.pt,3017364,ok,
adfc2_swat_sequential_n3_oldmask,adfc2_swat_sequential_n3_oldmask/84649/continual_1/checkpoints/last.pt,3017364,ok,
adfc2_swat_sequential_n3_oldmask,adfc2_swat_sequential_n3_oldmask/84649/continual_2/checkpoints/best.pt,3017364,ok,
adfc2_swat_sequential_n3_oldmask,adfc2_swat_sequential_n3_oldmask/84649/continual_2/checkpoints/last.pt,3017364,ok,
adfc2_swat_sequential_n3_oldmask,adfc2_swat_sequential_n3_oldmask/84650/baseline/checkpoints/best.pt,3017364,ok,
adfc2_swat_sequential_n3_oldmask,adfc2_swat_sequential_n3_oldmask/84650/baseline/checkpoints/last.pt,3017364,ok,
adfc2_swat_sequential_n3_oldmask,adfc2_swat_sequential_n3_oldmask/84650/continual_0/checkpoints/best.pt,3017364,ok,
adfc2_swat_sequential_n3_oldmask,adfc2_swat_sequential_n3_oldmask/84650/continual_0/checkpoints/last.pt,3017364,ok,
adfc2_swat_sequential_n3_oldmask,adfc2_swat_sequential_n3_oldmask/84650/continual_1/checkpoints/best.pt,3017364,ok,
adfc2_swat_sequential_n3_oldmask,adfc2_swat_sequential_n3_oldmask/84650/continual_1/checkpoints/last.pt,3017364,ok,
adfc2_swat_sequential_n3_oldmask,adfc2_swat_sequential_n3_oldmask/84650/continual_2/checkpoints/best.pt,3017364,ok,
adfc2_swat_sequential_n3_oldmask,adfc2_swat_sequential_n3_oldmask/84650/continual_2/checkpoints/last.pt,3017364,ok,
adfc2_swat_sequential_n3_oldmask,adfc2_swat_sequential_n3_oldmask/84651/baseline/checkpoints/best.pt,3017364,ok,
adfc2_swat_sequential_n3_oldmask,adfc2_swat_sequential_n3_oldmask/84651/baseline/checkpoints/last.pt,3017364,ok,
adfc2_swat_sequential_n3_oldmask,adfc2_swat_sequential_n3_oldmask/84651/continual_0/checkpoints/best.pt,3017364,ok,
adfc2_swat_sequential_n3_oldmask,adfc2_swat_sequential_n3_oldmask/84651/continual_0/checkpoints/last.pt,3017364,ok,
adfc2_swat_sequential_n3_oldmask,adfc2_swat_sequential_n3_oldmask/84651/continual_1/checkpoints/best.pt,3017364,ok,
adfc2_swat_sequential_n3_oldmask,adfc2_swat_sequential_n3_oldmask/84651/continual_1/checkpoints/last.pt,3017364,ok,
adfc2_swat_sequential_n3_oldmask,adfc2_swat_sequential_n3_oldmask/84651/continual_2/checkpoints/best.pt,3017364,ok,
adfc2_swat_sequential_n3_oldmask,adfc2_swat_sequential_n3_oldmask/84651/continual_2/checkpoints/last.pt,3017364,ok,
adfc2_swat_sequential_n5,adfc2_swat_sequential_n5/85186/baseline/checkpoints/best.pt,3017364,ok,
adfc2_swat_sequential_n5,adfc2_swat_sequential_n5/85186/baseline/checkpoints/last.pt,3017364,ok,
adfc2_swat_sequential_n5,adfc2_swat_sequential_n5/85186/continual_0/checkpoints/best.pt,3017364,ok,
adfc2_swat_sequential_n5,adfc2_swat_sequential_n5/85186/continual_0/checkpoints/last.pt,3017364,ok,
adfc2_swat_sequential_n5,adfc2_swat_sequential_n5/85186/continual_1/checkpoints/best.pt,3017364,ok,
adfc2_swat_sequential_n5,adfc2_swat_sequential_n5/85186/continual_1/checkpoints/last.pt,3017364,ok,
adfc2_swat_sequential_n5,adfc2_swat_sequential_n5/85186/continual_2/checkpoints/best.pt,3017364,ok,
adfc2_swat_sequential_n5,adfc2_swat_sequential_n5/85186/continual_2/checkpoints/last.pt,3017364,ok,
adfc2_swat_sequential_n5,adfc2_swat_sequential_n5/85186/continual_3/checkpoints/best.pt,3017364,ok,
adfc2_swat_sequential_n5,adfc2_swat_sequential_n5/85186/continual_3/checkpoints/last.pt,3017364,ok,
adfc2_swat_sequential_n5,adfc2_swat_sequential_n5/85186/continual_4/checkpoints/best.pt,3017364,ok,
adfc2_swat_sequential_n5,adfc2_swat_sequential_n5/85186/continual_4/checkpoints/last.pt,3017364,ok,
adfc2_swat_sequential_n5,adfc2_swat_sequential_n5/85187/baseline/checkpoints/best.pt,3017364,ok,
adfc2_swat_sequential_n5,adfc2_swat_sequential_n5/85187/baseline/checkpoints/last.pt,3017364,ok,
adfc2_swat_sequential_n5,adfc2_swat_sequential_n5/85187/continual_0/checkpoints/best.pt,3017364,ok,
adfc2_swat_sequential_n5,adfc2_swat_sequential_n5/85187/continual_0/checkpoints/last.pt,3017364,ok,
adfc2_swat_sequential_n5,adfc2_swat_sequential_n5/85187/continual_1/checkpoints/best.pt,3017364,ok,
adfc2_swat_sequential_n5,adfc2_swat_sequential_n5/85187/continual_1/checkpoints/last.pt,3017364,ok,
adfc2_swat_sequential_n5,adfc2_swat_sequential_n5/85187/continual_2/checkpoints/best.pt,3017364,ok,
adfc2_swat_sequential_n5,adfc2_swat_sequential_n5/85187/continual_2/checkpoints/last.pt,3017364,ok,
adfc2_swat_sequential_n5,adfc2_swat_sequential_n5/85187/continual_3/checkpoints/best.pt,3017364,ok,
adfc2_swat_sequential_n5,adfc2_swat_sequential_n5/85187/continual_3/checkpoints/last.pt,3017364,ok,
adfc2_swat_sequential_n5,adfc2_swat_sequential_n5/85187/continual_4/checkpoints/best.pt,3017364,ok,
adfc2_swat_sequential_n5,adfc2_swat_sequential_n5/85187/continual_4/checkpoints/last.pt,3017364,ok,
adfc2_swat_sequential_n5,adfc2_swat_sequential_n5/85188/baseline/checkpoints/best.pt,3017364,ok,
adfc2_swat_sequential_n5,adfc2_swat_sequential_n5/85188/baseline/checkpoints/last.pt,3017364,ok,
adfc2_swat_sequential_n5,adfc2_swat_sequential_n5/85188/continual_0/checkpoints/best.pt,3017364,ok,
adfc2_swat_sequential_n5,adfc2_swat_sequential_n5/85188/continual_0/checkpoints/last.pt,3017364,ok,
adfc2_swat_sequential_n5,adfc2_swat_sequential_n5/85188/continual_1/checkpoints/best.pt,3017364,ok,
adfc2_swat_sequential_n5,adfc2_swat_sequential_n5/85188/continual_1/checkpoints/last.pt,3017364,ok,
adfc2_swat_sequential_n5,adfc2_swat_sequential_n5/85188/continual_2/checkpoints/best.pt,3017364,ok,
adfc2_swat_sequential_n5,adfc2_swat_sequential_n5/85188/continual_2/checkpoints/last.pt,3017364,ok,
adfc2_swat_sequential_n5,adfc2_swat_sequential_n5/85188/continual_3/checkpoints/best.pt,3017364,ok,
adfc2_swat_sequential_n5,adfc2_swat_sequential_n5/85188/continual_3/checkpoints/last.pt,3017364,ok,
adfc2_swat_sequential_n5,adfc2_swat_sequential_n5/85188/continual_4/checkpoints/best.pt,3017364,ok,
adfc2_swat_sequential_n5,adfc2_swat_sequential_n5/85188/continual_4/checkpoints/last.pt,3017364,ok,
adfc2_swat_sequential_n5_oldmask,adfc2_swat_sequential_n5_oldmask/84655/baseline/checkpoints/best.pt,3017364,ok,
adfc2_swat_sequential_n5_oldmask,adfc2_swat_sequential_n5_oldmask/84655/baseline/checkpoints/last.pt,3017364,ok,
adfc2_swat_sequential_n5_oldmask,adfc2_swat_sequential_n5_oldmask/84655/continual_0/checkpoints/best.pt,3017364,ok,
adfc2_swat_sequential_n5_oldmask,adfc2_swat_sequential_n5_oldmask/84655/continual_0/checkpoints/last.pt,3017364,ok,
adfc2_swat_sequential_n5_oldmask,adfc2_swat_sequential_n5_oldmask/84655/continual_1/checkpoints/best.pt,3017364,ok,
adfc2_swat_sequential_n5_oldmask,adfc2_swat_sequential_n5_oldmask/84655/continual_1/checkpoints/last.pt,3017364,ok,
adfc2_swat_sequential_n5_oldmask,adfc2_swat_sequential_n5_oldmask/84655/continual_2/checkpoints/best.pt,3017364,ok,
adfc2_swat_sequential_n5_oldmask,adfc2_swat_sequential_n5_oldmask/84655/continual_2/checkpoints/last.pt,3017364,ok,
adfc2_swat_sequential_n5_oldmask,adfc2_swat_sequential_n5_oldmask/84655/continual_3/checkpoints/best.pt,3017364,ok,
adfc2_swat_sequential_n5_oldmask,adfc2_swat_sequential_n5_oldmask/84655/continual_3/checkpoints/last.pt,3017364,ok,
adfc2_swat_sequential_n5_oldmask,adfc2_swat_sequential_n5_oldmask/84655/continual_4/checkpoints/best.pt,3017364,ok,
adfc2_swat_sequential_n5_oldmask,adfc2_swat_sequential_n5_oldmask/84655/continual_4/checkpoints/last.pt,3017364,ok,
adfc2_swat_sequential_n5_oldmask,adfc2_swat_sequential_n5_oldmask/84656/baseline/checkpoints/best.pt,3017364,ok,
adfc2_swat_sequential_n5_oldmask,adfc2_swat_sequential_n5_oldmask/84656/baseline/checkpoints/last.pt,3017364,ok,
adfc2_swat_sequential_n5_oldmask,adfc2_swat_sequential_n5_oldmask/84656/continual_0/checkpoints/best.pt,3017364,ok,
adfc2_swat_sequential_n5_oldmask,adfc2_swat_sequential_n5_oldmask/84656/continual_0/checkpoints/last.pt,3017364,ok,
adfc2_swat_sequential_n5_oldmask,adfc2_swat_sequential_n5_oldmask/84656/continual_1/checkpoints/best.pt,3017364,ok,
adfc2_swat_sequential_n5_oldmask,adfc2_swat_sequential_n5_oldmask/84656/continual_1/checkpoints/last.pt,3017364,ok,
adfc2_swat_sequential_n5_oldmask,adfc2_swat_sequential_n5_oldmask/84656/continual_2/checkpoints/best.pt,3017364,ok,
adfc2_swat_sequential_n5_oldmask,adfc2_swat_sequential_n5_oldmask/84656/continual_2/checkpoints/last.pt,3017364,ok,
adfc2_swat_sequential_n5_oldmask,adfc2_swat_sequential_n5_oldmask/84656/continual_3/checkpoints/best.pt,3017364,ok,
adfc2_swat_sequential_n5_oldmask,adfc2_swat_sequential_n5_oldmask/84656/continual_3/checkpoints/last.pt,3017364,ok,
adfc2_swat_sequential_n5_oldmask,adfc2_swat_sequential_n5_oldmask/84656/continual_4/checkpoints/best.pt,3017364,ok,
adfc2_swat_sequential_n5_oldmask,adfc2_swat_sequential_n5_oldmask/84656/continual_4/checkpoints/last.pt,3017364,ok,
adfc2_swat_sequential_n5_oldmask,adfc2_swat_sequential_n5_oldmask/84657/baseline/checkpoints/best.pt,3017364,ok,
adfc2_swat_sequential_n5_oldmask,adfc2_swat_sequential_n5_oldmask/84657/baseline/checkpoints/last.pt,3017364,ok,
adfc2_swat_sequential_n5_oldmask,adfc2_swat_sequential_n5_oldmask/84657/continual_0/checkpoints/best.pt,3017364,ok,
adfc2_swat_sequential_n5_oldmask,adfc2_swat_sequential_n5_oldmask/84657/continual_0/checkpoints/last.pt,3017364,ok,
adfc2_swat_sequential_n5_oldmask,adfc2_swat_sequential_n5_oldmask/84657/continual_1/checkpoints/best.pt,3017364,ok,
adfc2_swat_sequential_n5_oldmask,adfc2_swat_sequential_n5_oldmask/84657/continual_1/checkpoints/last.pt,3017364,ok,
adfc2_swat_sequential_n5_oldmask,adfc2_swat_sequential_n5_oldmask/84657/continual_2/checkpoints/best.pt,3017364,ok,
adfc2_swat_sequential_n5_oldmask,adfc2_swat_sequential_n5_oldmask/84657/continual_2/checkpoints/last.pt,3017364,ok,
adfc2_swat_sequential_n5_oldmask,adfc2_swat_sequential_n5_oldmask/84657/continual_3/checkpoints/best.pt,3017364,ok,
adfc2_swat_sequential_n5_oldmask,adfc2_swat_sequential_n5_oldmask/84657/continual_3/checkpoints/last.pt,3017364,ok,
adfc2_swat_sequential_n5_oldmask,adfc2_swat_sequential_n5_oldmask/84657/continual_4/checkpoints/best.pt,3017364,ok,
adfc2_swat_sequential_n5_oldmask,adfc2_swat_sequential_n5_oldmask/84657/continual_4/checkpoints/last.pt,3017364,ok,
adfc2_swat_window_W1,adfc2_swat_window_W1/85192/baseline/checkpoints/best.pt,3017364,ok,
adfc2_swat_window_W1,adfc2_swat_window_W1/85192/baseline/checkpoints/last.pt,3017364,ok,
adfc2_swat_window_W1,adfc2_swat_window_W1/85192/finetune_0/checkpoints/best.pt,3017364,ok,
adfc2_swat_window_W1,adfc2_swat_window_W1/85192/finetune_0/checkpoints/last.pt,3017364,ok,
adfc2_swat_window_W1,adfc2_swat_window_W1/85192/merged/checkpoints/best.pt,3012948,ok,
adfc2_swat_window_W1,adfc2_swat_window_W1/85193/baseline/checkpoints/best.pt,3017364,ok,
adfc2_swat_window_W1,adfc2_swat_window_W1/85193/baseline/checkpoints/last.pt,3017364,ok,
adfc2_swat_window_W1,adfc2_swat_window_W1/85193/finetune_0/checkpoints/best.pt,3017364,ok,
adfc2_swat_window_W1,adfc2_swat_window_W1/85193/finetune_0/checkpoints/last.pt,3017364,ok,
adfc2_swat_window_W1,adfc2_swat_window_W1/85193/merged/checkpoints/best.pt,3012948,ok,
adfc2_swat_window_W1,adfc2_swat_window_W1/85194/baseline/checkpoints/best.pt,3017364,ok,
adfc2_swat_window_W1,adfc2_swat_window_W1/85194/baseline/checkpoints/last.pt,3017364,ok,
adfc2_swat_window_W1,adfc2_swat_window_W1/85194/finetune_0/checkpoints/best.pt,3017364,ok,
adfc2_swat_window_W1,adfc2_swat_window_W1/85194/finetune_0/checkpoints/last.pt,3017364,ok,
adfc2_swat_window_W1,adfc2_swat_window_W1/85194/merged/checkpoints/best.pt,3012948,ok,
adfc2_swat_window_W1_oldmask,adfc2_swat_window_W1_oldmask/84661/baseline/checkpoints/best.pt,3017364,ok,
adfc2_swat_window_W1_oldmask,adfc2_swat_window_W1_oldmask/84661/baseline/checkpoints/last.pt,3017364,ok,
adfc2_swat_window_W1_oldmask,adfc2_swat_window_W1_oldmask/84661/finetune_0/checkpoints/best.pt,3017364,ok,
adfc2_swat_window_W1_oldmask,adfc2_swat_window_W1_oldmask/84661/finetune_0/checkpoints/last.pt,3017364,ok,
adfc2_swat_window_W1_oldmask,adfc2_swat_window_W1_oldmask/84661/merged/checkpoints/best.pt,3012948,ok,
adfc2_swat_window_W1_oldmask,adfc2_swat_window_W1_oldmask/84662/baseline/checkpoints/best.pt,3017364,ok,
adfc2_swat_window_W1_oldmask,adfc2_swat_window_W1_oldmask/84662/baseline/checkpoints/last.pt,3017364,ok,
adfc2_swat_window_W1_oldmask,adfc2_swat_window_W1_oldmask/84662/finetune_0/checkpoints/best.pt,3017364,ok,
adfc2_swat_window_W1_oldmask,adfc2_swat_window_W1_oldmask/84662/finetune_0/checkpoints/last.pt,3017364,ok,
adfc2_swat_window_W1_oldmask,adfc2_swat_window_W1_oldmask/84662/merged/checkpoints/best.pt,3012948,ok,
adfc2_swat_window_W1_oldmask,adfc2_swat_window_W1_oldmask/84663/baseline/checkpoints/best.pt,3017364,ok,
adfc2_swat_window_W1_oldmask,adfc2_swat_window_W1_oldmask/84663/baseline/checkpoints/last.pt,3017364,ok,
adfc2_swat_window_W1_oldmask,adfc2_swat_window_W1_oldmask/84663/finetune_0/checkpoints/best.pt,3017364,ok,
adfc2_swat_window_W1_oldmask,adfc2_swat_window_W1_oldmask/84663/finetune_0/checkpoints/last.pt,3017364,ok,
adfc2_swat_window_W1_oldmask,adfc2_swat_window_W1_oldmask/84663/merged/checkpoints/best.pt,3012948,ok,
adfc2_swat_window_W2,adfc2_swat_window_W2/85195/baseline/checkpoints/best.pt,3017364,ok,
adfc2_swat_window_W2,adfc2_swat_window_W2/85195/baseline/checkpoints/last.pt,3017364,ok,
adfc2_swat_window_W2,adfc2_swat_window_W2/85195/finetune_0/checkpoints/best.pt,3017364,ok,
adfc2_swat_window_W2,adfc2_swat_window_W2/85195/finetune_0/checkpoints/last.pt,3017364,ok,
adfc2_swat_window_W2,adfc2_swat_window_W2/85195/merged/checkpoints/best.pt,3012948,ok,
adfc2_swat_window_W2,adfc2_swat_window_W2/85196/baseline/checkpoints/best.pt,3017364,ok,
adfc2_swat_window_W2,adfc2_swat_window_W2/85196/baseline/checkpoints/last.pt,3017364,ok,
adfc2_swat_window_W2,adfc2_swat_window_W2/85196/finetune_0/checkpoints/best.pt,3017364,ok,
adfc2_swat_window_W2,adfc2_swat_window_W2/85196/finetune_0/checkpoints/last.pt,3017364,ok,
adfc2_swat_window_W2,adfc2_swat_window_W2/85196/merged/checkpoints/best.pt,3012948,ok,
adfc2_swat_window_W2,adfc2_swat_window_W2/85197/baseline/checkpoints/best.pt,3017364,ok,
adfc2_swat_window_W2,adfc2_swat_window_W2/85197/baseline/checkpoints/last.pt,3017364,ok,
adfc2_swat_window_W2,adfc2_swat_window_W2/85197/finetune_0/checkpoints/best.pt,3017364,ok,
adfc2_swat_window_W2,adfc2_swat_window_W2/85197/finetune_0/checkpoints/last.pt,3017364,ok,
adfc2_swat_window_W2,adfc2_swat_window_W2/85197/merged/checkpoints/best.pt,3012948,ok,
adfc2_swat_window_W2_oldmask,adfc2_swat_window_W2_oldmask/84664/baseline/checkpoints/best.pt,3017364,ok,
adfc2_swat_window_W2_oldmask,adfc2_swat_window_W2_oldmask/84664/baseline/checkpoints/last.pt,3017364,ok,
adfc2_swat_window_W2_oldmask,adfc2_swat_window_W2_oldmask/84664/finetune_0/checkpoints/best.pt,3017364,ok,
adfc2_swat_window_W2_oldmask,adfc2_swat_window_W2_oldmask/84664/finetune_0/checkpoints/last.pt,3017364,ok,
adfc2_swat_window_W2_oldmask,adfc2_swat_window_W2_oldmask/84664/merged/checkpoints/best.pt,3012948,ok,
adfc2_swat_window_W2_oldmask,adfc2_swat_window_W2_oldmask/84665/baseline/checkpoints/best.pt,3017364,ok,
adfc2_swat_window_W2_oldmask,adfc2_swat_window_W2_oldmask/84665/baseline/checkpoints/last.pt,3017364,ok,
adfc2_swat_window_W2_oldmask,adfc2_swat_window_W2_oldmask/84665/finetune_0/checkpoints/best.pt,3017364,ok,
adfc2_swat_window_W2_oldmask,adfc2_swat_window_W2_oldmask/84665/finetune_0/checkpoints/last.pt,3017364,ok,
adfc2_swat_window_W2_oldmask,adfc2_swat_window_W2_oldmask/84665/merged/checkpoints/best.pt,3012948,ok,
adfc2_swat_window_W2_oldmask,adfc2_swat_window_W2_oldmask/84666/baseline/checkpoints/best.pt,3017364,ok,
adfc2_swat_window_W2_oldmask,adfc2_swat_window_W2_oldmask/84666/baseline/checkpoints/last.pt,3017364,ok,
adfc2_swat_window_W2_oldmask,adfc2_swat_window_W2_oldmask/84666/finetune_0/checkpoints/best.pt,3017364,ok,
adfc2_swat_window_W2_oldmask,adfc2_swat_window_W2_oldmask/84666/finetune_0/checkpoints/last.pt,3017364,ok,
adfc2_swat_window_W2_oldmask,adfc2_swat_window_W2_oldmask/84666/merged/checkpoints/best.pt,3012948,ok,
adfc2_swat_window_W3,adfc2_swat_window_W3/85198/baseline/checkpoints/best.pt,3017364,ok,
adfc2_swat_window_W3,adfc2_swat_window_W3/85198/baseline/checkpoints/last.pt,3017364,ok,
adfc2_swat_window_W3,adfc2_swat_window_W3/85198/finetune_0/checkpoints/best.pt,3017364,ok,
adfc2_swat_window_W3,adfc2_swat_window_W3/85198/finetune_0/checkpoints/last.pt,3017364,ok,
adfc2_swat_window_W3,adfc2_swat_window_W3/85198/merged/checkpoints/best.pt,3012948,ok,
adfc2_swat_window_W3,adfc2_swat_window_W3/85199/baseline/checkpoints/best.pt,3017364,ok,
adfc2_swat_window_W3,adfc2_swat_window_W3/85199/baseline/checkpoints/last.pt,3017364,ok,
adfc2_swat_window_W3,adfc2_swat_window_W3/85199/finetune_0/checkpoints/best.pt,3017364,ok,
adfc2_swat_window_W3,adfc2_swat_window_W3/85199/finetune_0/checkpoints/last.pt,3017364,ok,
adfc2_swat_window_W3,adfc2_swat_window_W3/85199/merged/checkpoints/best.pt,3012948,ok,
adfc2_swat_window_W3,adfc2_swat_window_W3/85200/baseline/checkpoints/best.pt,3017364,ok,
adfc2_swat_window_W3,adfc2_swat_window_W3/85200/baseline/checkpoints/last.pt,3017364,ok,
adfc2_swat_window_W3,adfc2_swat_window_W3/85200/finetune_0/checkpoints/best.pt,3017364,ok,
adfc2_swat_window_W3,adfc2_swat_window_W3/85200/finetune_0/checkpoints/last.pt,3017364,ok,
adfc2_swat_window_W3,adfc2_swat_window_W3/85200/merged/checkpoints/best.pt,3012948,ok,
adfc2_swat_window_W3_oldmask,adfc2_swat_window_W3_oldmask/84667/baseline/checkpoints/best.pt,3017364,ok,
adfc2_swat_window_W3_oldmask,adfc2_swat_window_W3_oldmask/84667/baseline/checkpoints/last.pt,3017364,ok,
adfc2_swat_window_W3_oldmask,adfc2_swat_window_W3_oldmask/84667/finetune_0/checkpoints/best.pt,3017364,ok,
adfc2_swat_window_W3_oldmask,adfc2_swat_window_W3_oldmask/84667/finetune_0/checkpoints/last.pt,3017364,ok,
adfc2_swat_window_W3_oldmask,adfc2_swat_window_W3_oldmask/84667/merged/checkpoints/best.pt,3012948,ok,
adfc2_swat_window_W3_oldmask,adfc2_swat_window_W3_oldmask/84668/baseline/checkpoints/best.pt,3017364,ok,
adfc2_swat_window_W3_oldmask,adfc2_swat_window_W3_oldmask/84668/baseline/checkpoints/last.pt,3017364,ok,
adfc2_swat_window_W3_oldmask,adfc2_swat_window_W3_oldmask/84668/finetune_0/checkpoints/best.pt,3017364,ok,
adfc2_swat_window_W3_oldmask,adfc2_swat_window_W3_oldmask/84668/finetune_0/checkpoints/last.pt,3017364,ok,
adfc2_swat_window_W3_oldmask,adfc2_swat_window_W3_oldmask/84668/merged/checkpoints/best.pt,3012948,ok,
adfc2_swat_window_W3_oldmask,adfc2_swat_window_W3_oldmask/84669/baseline/checkpoints/best.pt,3017364,ok,
adfc2_swat_window_W3_oldmask,adfc2_swat_window_W3_oldmask/84669/baseline/checkpoints/last.pt,3017364,ok,
adfc2_swat_window_W3_oldmask,adfc2_swat_window_W3_oldmask/84669/finetune_0/checkpoints/best.pt,3017364,ok,
adfc2_swat_window_W3_oldmask,adfc2_swat_window_W3_oldmask/84669/finetune_0/checkpoints/last.pt,3017364,ok,
adfc2_swat_window_W3_oldmask,adfc2_swat_window_W3_oldmask/84669/merged/checkpoints/best.pt,3012948,ok,
aeft_psm_opcm_scale,aeft_psm_opcm_scale/102291/baseline/checkpoints/best.pt,2937108,ok,
aeft_psm_opcm_scale,aeft_psm_opcm_scale/102291/baseline/checkpoints/last.pt,2937108,ok,
aeft_psm_opcm_scale,aeft_psm_opcm_scale/102291/finetune_0/checkpoints/best.pt,2937108,ok,
aeft_psm_opcm_scale,aeft_psm_opcm_scale/102291/finetune_0/checkpoints/last.pt,2937108,ok,
aeft_psm_opcm_scale,aeft_psm_opcm_scale/102291/finetune_1/checkpoints/best.pt,2937108,ok,
aeft_psm_opcm_scale,aeft_psm_opcm_scale/102291/finetune_1/checkpoints/last.pt,2937108,ok,
aeft_psm_opcm_scale,aeft_psm_opcm_scale/102291/finetune_2/checkpoints/best.pt,2937108,ok,
aeft_psm_opcm_scale,aeft_psm_opcm_scale/102291/finetune_2/checkpoints/last.pt,2937108,ok,
aeft_psm_opcm_scale,aeft_psm_opcm_scale/102291/merged/checkpoints/best.pt,2932692,ok,
aeft_psm_opcm_scale,aeft_psm_opcm_scale/102292/baseline/checkpoints/best.pt,2937108,ok,
aeft_psm_opcm_scale,aeft_psm_opcm_scale/102292/baseline/checkpoints/last.pt,2937108,ok,
aeft_psm_opcm_scale,aeft_psm_opcm_scale/102292/finetune_0/checkpoints/best.pt,2937108,ok,
aeft_psm_opcm_scale,aeft_psm_opcm_scale/102292/finetune_0/checkpoints/last.pt,2937108,ok,
aeft_psm_opcm_scale,aeft_psm_opcm_scale/102292/finetune_1/checkpoints/best.pt,2937108,ok,
aeft_psm_opcm_scale,aeft_psm_opcm_scale/102292/finetune_1/checkpoints/last.pt,2937108,ok,
aeft_psm_opcm_scale,aeft_psm_opcm_scale/102292/finetune_2/checkpoints/best.pt,2937108,ok,
aeft_psm_opcm_scale,aeft_psm_opcm_scale/102292/finetune_2/checkpoints/last.pt,2937108,ok,
aeft_psm_opcm_scale,aeft_psm_opcm_scale/102292/merged/checkpoints/best.pt,2932692,ok,
aeft_psm_opcm_scale,aeft_psm_opcm_scale/102293/baseline/checkpoints/best.pt,2937108,ok,
aeft_psm_opcm_scale,aeft_psm_opcm_scale/102293/baseline/checkpoints/last.pt,2937108,ok,
aeft_psm_opcm_scale,aeft_psm_opcm_scale/102293/finetune_0/checkpoints/best.pt,2937108,ok,
aeft_psm_opcm_scale,aeft_psm_opcm_scale/102293/finetune_0/checkpoints/last.pt,2937108,ok,
aeft_psm_opcm_scale,aeft_psm_opcm_scale/102293/finetune_1/checkpoints/best.pt,2937108,ok,
aeft_psm_opcm_scale,aeft_psm_opcm_scale/102293/finetune_1/checkpoints/last.pt,2937108,ok,
aeft_psm_opcm_scale,aeft_psm_opcm_scale/102293/finetune_2/checkpoints/best.pt,2937108,ok,
aeft_psm_opcm_scale,aeft_psm_opcm_scale/102293/finetune_2/checkpoints/last.pt,2937108,ok,
aeft_psm_opcm_scale,aeft_psm_opcm_scale/102293/merged/checkpoints/best.pt,2932692,ok,
aeft_psm_sum_became,aeft_psm_sum_became/102294/baseline/checkpoints/best.pt,2937108,ok,
aeft_psm_sum_became,aeft_psm_sum_became/102294/baseline/checkpoints/last.pt,2937108,ok,
aeft_psm_sum_became,aeft_psm_sum_became/102294/finetune_0/checkpoints/best.pt,2937108,ok,
aeft_psm_sum_became,aeft_psm_sum_became/102294/finetune_0/checkpoints/last.pt,2937108,ok,
aeft_psm_sum_became,aeft_psm_sum_became/102294/finetune_1/checkpoints/best.pt,2937108,ok,
aeft_psm_sum_became,aeft_psm_sum_became/102294/finetune_1/checkpoints/last.pt,2937108,ok,
aeft_psm_sum_became,aeft_psm_sum_became/102294/finetune_2/checkpoints/best.pt,2937108,ok,
aeft_psm_sum_became,aeft_psm_sum_became/102294/finetune_2/checkpoints/last.pt,2937108,ok,
aeft_psm_sum_became,aeft_psm_sum_became/102294/merged/checkpoints/best.pt,2932692,ok,
aeft_psm_sum_became,aeft_psm_sum_became/102295/baseline/checkpoints/best.pt,2937108,ok,
aeft_psm_sum_became,aeft_psm_sum_became/102295/baseline/checkpoints/last.pt,2937108,ok,
aeft_psm_sum_became,aeft_psm_sum_became/102295/finetune_0/checkpoints/best.pt,2937108,ok,
aeft_psm_sum_became,aeft_psm_sum_became/102295/finetune_0/checkpoints/last.pt,2937108,ok,
aeft_psm_sum_became,aeft_psm_sum_became/102295/finetune_1/checkpoints/best.pt,2937108,ok,
aeft_psm_sum_became,aeft_psm_sum_became/102295/finetune_1/checkpoints/last.pt,2937108,ok,
aeft_psm_sum_became,aeft_psm_sum_became/102295/finetune_2/checkpoints/best.pt,2937108,ok,
aeft_psm_sum_became,aeft_psm_sum_became/102295/finetune_2/checkpoints/last.pt,2937108,ok,
aeft_psm_sum_became,aeft_psm_sum_became/102295/merged/checkpoints/best.pt,2932692,ok,
aeft_psm_sum_became,aeft_psm_sum_became/102296/baseline/checkpoints/best.pt,2937108,ok,
aeft_psm_sum_became,aeft_psm_sum_became/102296/baseline/checkpoints/last.pt,2937108,ok,
aeft_psm_sum_became,aeft_psm_sum_became/102296/finetune_0/checkpoints/best.pt,2937108,ok,
aeft_psm_sum_became,aeft_psm_sum_became/102296/finetune_0/checkpoints/last.pt,2937108,ok,
aeft_psm_sum_became,aeft_psm_sum_became/102296/finetune_1/checkpoints/best.pt,2937108,ok,
aeft_psm_sum_became,aeft_psm_sum_became/102296/finetune_1/checkpoints/last.pt,2937108,ok,
aeft_psm_sum_became,aeft_psm_sum_became/102296/finetune_2/checkpoints/best.pt,2937108,ok,
aeft_psm_sum_became,aeft_psm_sum_became/102296/finetune_2/checkpoints/last.pt,2937108,ok,
aeft_psm_sum_became,aeft_psm_sum_became/102296/merged/checkpoints/best.pt,2932692,ok,
aeft_psm_sum_scale,aeft_psm_sum_scale/102288/baseline/checkpoints/best.pt,2937108,ok,
aeft_psm_sum_scale,aeft_psm_sum_scale/102288/baseline/checkpoints/last.pt,2937108,ok,
aeft_psm_sum_scale,aeft_psm_sum_scale/102288/finetune_0/checkpoints/best.pt,2937108,ok,
aeft_psm_sum_scale,aeft_psm_sum_scale/102288/finetune_0/checkpoints/last.pt,2937108,ok,
aeft_psm_sum_scale,aeft_psm_sum_scale/102288/finetune_1/checkpoints/best.pt,2937108,ok,
aeft_psm_sum_scale,aeft_psm_sum_scale/102288/finetune_1/checkpoints/last.pt,2937108,ok,
aeft_psm_sum_scale,aeft_psm_sum_scale/102288/finetune_2/checkpoints/best.pt,2937108,ok,
aeft_psm_sum_scale,aeft_psm_sum_scale/102288/finetune_2/checkpoints/last.pt,2937108,ok,
aeft_psm_sum_scale,aeft_psm_sum_scale/102288/merged/checkpoints/best.pt,2932692,ok,
aeft_psm_sum_scale,aeft_psm_sum_scale/102289/baseline/checkpoints/best.pt,2937108,ok,
aeft_psm_sum_scale,aeft_psm_sum_scale/102289/baseline/checkpoints/last.pt,2937108,ok,
aeft_psm_sum_scale,aeft_psm_sum_scale/102289/finetune_0/checkpoints/best.pt,2937108,ok,
aeft_psm_sum_scale,aeft_psm_sum_scale/102289/finetune_0/checkpoints/last.pt,2937108,ok,
aeft_psm_sum_scale,aeft_psm_sum_scale/102289/finetune_1/checkpoints/best.pt,2937108,ok,
aeft_psm_sum_scale,aeft_psm_sum_scale/102289/finetune_1/checkpoints/last.pt,2937108,ok,
aeft_psm_sum_scale,aeft_psm_sum_scale/102289/finetune_2/checkpoints/best.pt,2937108,ok,
aeft_psm_sum_scale,aeft_psm_sum_scale/102289/finetune_2/checkpoints/last.pt,2937108,ok,
aeft_psm_sum_scale,aeft_psm_sum_scale/102289/merged/checkpoints/best.pt,2932692,ok,
aeft_psm_sum_scale,aeft_psm_sum_scale/102290/baseline/checkpoints/best.pt,2937108,ok,
aeft_psm_sum_scale,aeft_psm_sum_scale/102290/baseline/checkpoints/last.pt,2937108,ok,
aeft_psm_sum_scale,aeft_psm_sum_scale/102290/finetune_0/checkpoints/best.pt,2937108,ok,
aeft_psm_sum_scale,aeft_psm_sum_scale/102290/finetune_0/checkpoints/last.pt,2937108,ok,
aeft_psm_sum_scale,aeft_psm_sum_scale/102290/finetune_1/checkpoints/best.pt,2937108,ok,
aeft_psm_sum_scale,aeft_psm_sum_scale/102290/finetune_1/checkpoints/last.pt,2937108,ok,
aeft_psm_sum_scale,aeft_psm_sum_scale/102290/finetune_2/checkpoints/best.pt,2937108,ok,
aeft_psm_sum_scale,aeft_psm_sum_scale/102290/finetune_2/checkpoints/last.pt,2937108,ok,
aeft_psm_sum_scale,aeft_psm_sum_scale/102290/merged/checkpoints/best.pt,2932692,ok,
basefrac_etth1_03,basefrac_etth1_03/84470/baseline/checkpoints/best.pt,2881492,ok,
basefrac_etth1_03,basefrac_etth1_03/84470/baseline/checkpoints/last.pt,2881492,ok,
basefrac_etth1_03,basefrac_etth1_03/84470/finetune_0/checkpoints/best.pt,2881492,ok,
basefrac_etth1_03,basefrac_etth1_03/84470/finetune_0/checkpoints/last.pt,2881492,ok,
basefrac_etth1_03,basefrac_etth1_03/84470/finetune_1/checkpoints/best.pt,2881492,ok,
basefrac_etth1_03,basefrac_etth1_03/84470/finetune_1/checkpoints/last.pt,2881492,ok,
basefrac_etth1_03,basefrac_etth1_03/84470/finetune_2/checkpoints/best.pt,2881492,ok,
basefrac_etth1_03,basefrac_etth1_03/84470/finetune_2/checkpoints/last.pt,2881492,ok,
basefrac_etth1_03,basefrac_etth1_03/84470/merged/checkpoints/best.pt,2877076,ok,
basefrac_etth1_03,basefrac_etth1_03/84478_25/baseline/checkpoints/best.pt,2881492,ok,
basefrac_etth1_03,basefrac_etth1_03/84478_25/baseline/checkpoints/last.pt,2881492,ok,
basefrac_etth1_03,basefrac_etth1_03/84478_25/finetune_0/checkpoints/best.pt,2881492,ok,
basefrac_etth1_03,basefrac_etth1_03/84478_25/finetune_0/checkpoints/last.pt,2881492,ok,
basefrac_etth1_03,basefrac_etth1_03/84478_25/finetune_1/checkpoints/best.pt,2881492,ok,
basefrac_etth1_03,basefrac_etth1_03/84478_25/finetune_1/checkpoints/last.pt,2881492,ok,
basefrac_etth1_03,basefrac_etth1_03/84478_25/finetune_2/checkpoints/best.pt,2881492,ok,
basefrac_etth1_03,basefrac_etth1_03/84478_25/finetune_2/checkpoints/last.pt,2881492,ok,
basefrac_etth1_03,basefrac_etth1_03/84478_25/merged/checkpoints/best.pt,2877076,ok,
basefrac_etth1_03,basefrac_etth1_03/84478_26/baseline/checkpoints/best.pt,2881492,ok,
basefrac_etth1_03,basefrac_etth1_03/84478_26/baseline/checkpoints/last.pt,2881492,ok,
basefrac_etth1_03,basefrac_etth1_03/84478_26/finetune_0/checkpoints/best.pt,2881492,ok,
basefrac_etth1_03,basefrac_etth1_03/84478_26/finetune_0/checkpoints/last.pt,2881492,ok,
basefrac_etth1_03,basefrac_etth1_03/84478_26/finetune_1/checkpoints/best.pt,2881492,ok,
basefrac_etth1_03,basefrac_etth1_03/84478_26/finetune_1/checkpoints/last.pt,2881492,ok,
basefrac_etth1_03,basefrac_etth1_03/84478_26/finetune_2/checkpoints/best.pt,2881492,ok,
basefrac_etth1_03,basefrac_etth1_03/84478_26/finetune_2/checkpoints/last.pt,2881492,ok,
basefrac_etth1_03,basefrac_etth1_03/84478_26/merged/checkpoints/best.pt,2877076,ok,
basefrac_etth1_07,basefrac_etth1_07/84470/baseline/checkpoints/best.pt,2881492,ok,
basefrac_etth1_07,basefrac_etth1_07/84470/baseline/checkpoints/last.pt,2881492,ok,
basefrac_etth1_07,basefrac_etth1_07/84470/finetune_0/checkpoints/best.pt,2881492,ok,
basefrac_etth1_07,basefrac_etth1_07/84470/finetune_0/checkpoints/last.pt,2881492,ok,
basefrac_etth1_07,basefrac_etth1_07/84470/finetune_1/checkpoints/best.pt,2881492,ok,
basefrac_etth1_07,basefrac_etth1_07/84470/finetune_1/checkpoints/last.pt,2881492,ok,
basefrac_etth1_07,basefrac_etth1_07/84470/finetune_2/checkpoints/best.pt,2881492,ok,
basefrac_etth1_07,basefrac_etth1_07/84470/finetune_2/checkpoints/last.pt,2881492,ok,
basefrac_etth1_07,basefrac_etth1_07/84470/merged/checkpoints/best.pt,2877076,ok,
basefrac_etth1_07,basefrac_etth1_07/84478_27/baseline/checkpoints/best.pt,2881492,ok,
basefrac_etth1_07,basefrac_etth1_07/84478_27/baseline/checkpoints/last.pt,2881492,ok,
basefrac_etth1_07,basefrac_etth1_07/84478_27/finetune_0/checkpoints/best.pt,2881492,ok,
basefrac_etth1_07,basefrac_etth1_07/84478_27/finetune_0/checkpoints/last.pt,2881492,ok,
basefrac_etth1_07,basefrac_etth1_07/84478_27/finetune_1/checkpoints/best.pt,2881492,ok,
basefrac_etth1_07,basefrac_etth1_07/84478_27/finetune_1/checkpoints/last.pt,2881492,ok,
basefrac_etth1_07,basefrac_etth1_07/84478_27/finetune_2/checkpoints/best.pt,2881492,ok,
basefrac_etth1_07,basefrac_etth1_07/84478_27/finetune_2/checkpoints/last.pt,2881492,ok,
basefrac_etth1_07,basefrac_etth1_07/84478_27/merged/checkpoints/best.pt,2877076,ok,
basefrac_etth1_07,basefrac_etth1_07/84478_28/baseline/checkpoints/best.pt,2881492,ok,
basefrac_etth1_07,basefrac_etth1_07/84478_28/baseline/checkpoints/last.pt,2881492,ok,
basefrac_etth1_07,basefrac_etth1_07/84478_28/finetune_0/checkpoints/best.pt,2881492,ok,
basefrac_etth1_07,basefrac_etth1_07/84478_28/finetune_0/checkpoints/last.pt,2881492,ok,
basefrac_etth1_07,basefrac_etth1_07/84478_28/finetune_1/checkpoints/best.pt,2881492,ok,
basefrac_etth1_07,basefrac_etth1_07/84478_28/finetune_1/checkpoints/last.pt,2881492,ok,
basefrac_etth1_07,basefrac_etth1_07/84478_28/finetune_2/checkpoints/best.pt,2881492,ok,
basefrac_etth1_07,basefrac_etth1_07/84478_28/finetune_2/checkpoints/last.pt,2881492,ok,
basefrac_etth1_07,basefrac_etth1_07/84478_28/merged/checkpoints/best.pt,2877076,ok,
basefrac_ettm2_03,basefrac_ettm2_03/85117/baseline/checkpoints/best.pt,2881492,ok,
basefrac_ettm2_03,basefrac_ettm2_03/85117/baseline/checkpoints/last.pt,2881492,ok,
basefrac_ettm2_03,basefrac_ettm2_03/85117/finetune_0/checkpoints/best.pt,2881492,ok,
basefrac_ettm2_03,basefrac_ettm2_03/85117/finetune_0/checkpoints/last.pt,2881492,ok,
basefrac_ettm2_03,basefrac_ettm2_03/85117/finetune_1/checkpoints/best.pt,2881492,ok,
basefrac_ettm2_03,basefrac_ettm2_03/85117/finetune_1/checkpoints/last.pt,2881492,ok,
basefrac_ettm2_03,basefrac_ettm2_03/85117/finetune_2/checkpoints/best.pt,2881492,ok,
basefrac_ettm2_03,basefrac_ettm2_03/85117/finetune_2/checkpoints/last.pt,2881492,ok,
basefrac_ettm2_03,basefrac_ettm2_03/85117/merged/checkpoints/best.pt,2877076,ok,
basefrac_ettm2_03,basefrac_ettm2_03/85118/baseline/checkpoints/best.pt,2881492,ok,
basefrac_ettm2_03,basefrac_ettm2_03/85118/baseline/checkpoints/last.pt,2881492,ok,
basefrac_ettm2_03,basefrac_ettm2_03/85118/finetune_0/checkpoints/best.pt,2881492,ok,
basefrac_ettm2_03,basefrac_ettm2_03/85118/finetune_0/checkpoints/last.pt,2881492,ok,
basefrac_ettm2_03,basefrac_ettm2_03/85118/finetune_1/checkpoints/best.pt,2881492,ok,
basefrac_ettm2_03,basefrac_ettm2_03/85118/finetune_1/checkpoints/last.pt,2881492,ok,
basefrac_ettm2_03,basefrac_ettm2_03/85118/finetune_2/checkpoints/best.pt,2881492,ok,
basefrac_ettm2_03,basefrac_ettm2_03/85118/finetune_2/checkpoints/last.pt,2881492,ok,
basefrac_ettm2_03,basefrac_ettm2_03/85118/merged/checkpoints/best.pt,2877076,ok,
basefrac_ettm2_03,basefrac_ettm2_03/85119/baseline/checkpoints/best.pt,2881492,ok,
basefrac_ettm2_03,basefrac_ettm2_03/85119/baseline/checkpoints/last.pt,2881492,ok,
basefrac_ettm2_03,basefrac_ettm2_03/85119/finetune_0/checkpoints/best.pt,2881492,ok,
basefrac_ettm2_03,basefrac_ettm2_03/85119/finetune_0/checkpoints/last.pt,2881492,ok,
basefrac_ettm2_03,basefrac_ettm2_03/85119/finetune_1/checkpoints/best.pt,2881492,ok,
basefrac_ettm2_03,basefrac_ettm2_03/85119/finetune_1/checkpoints/last.pt,2881492,ok,
basefrac_ettm2_03,basefrac_ettm2_03/85119/finetune_2/checkpoints/best.pt,2881492,ok,
basefrac_ettm2_03,basefrac_ettm2_03/85119/finetune_2/checkpoints/last.pt,2881492,ok,
basefrac_ettm2_03,basefrac_ettm2_03/85119/merged/checkpoints/best.pt,2877076,ok,
basefrac_ettm2_07,basefrac_ettm2_07/85120/baseline/checkpoints/best.pt,2881492,ok,
basefrac_ettm2_07,basefrac_ettm2_07/85120/baseline/checkpoints/last.pt,2881492,ok,
basefrac_ettm2_07,basefrac_ettm2_07/85120/finetune_0/checkpoints/best.pt,2881492,ok,
basefrac_ettm2_07,basefrac_ettm2_07/85120/finetune_0/checkpoints/last.pt,2881492,ok,
basefrac_ettm2_07,basefrac_ettm2_07/85120/finetune_1/checkpoints/best.pt,2881492,ok,
basefrac_ettm2_07,basefrac_ettm2_07/85120/finetune_1/checkpoints/last.pt,2881492,ok,
basefrac_ettm2_07,basefrac_ettm2_07/85120/finetune_2/checkpoints/best.pt,2881492,ok,
basefrac_ettm2_07,basefrac_ettm2_07/85120/finetune_2/checkpoints/last.pt,2881492,ok,
basefrac_ettm2_07,basefrac_ettm2_07/85120/merged/checkpoints/best.pt,2877076,ok,
basefrac_ettm2_07,basefrac_ettm2_07/85121/baseline/checkpoints/best.pt,2881492,ok,
basefrac_ettm2_07,basefrac_ettm2_07/85121/baseline/checkpoints/last.pt,2881492,ok,
basefrac_ettm2_07,basefrac_ettm2_07/85121/finetune_0/checkpoints/best.pt,2881492,ok,
basefrac_ettm2_07,basefrac_ettm2_07/85121/finetune_0/checkpoints/last.pt,2881492,ok,
basefrac_ettm2_07,basefrac_ettm2_07/85121/finetune_1/checkpoints/best.pt,2881492,ok,
basefrac_ettm2_07,basefrac_ettm2_07/85121/finetune_1/checkpoints/last.pt,2881492,ok,
basefrac_ettm2_07,basefrac_ettm2_07/85121/finetune_2/checkpoints/best.pt,2881492,ok,
basefrac_ettm2_07,basefrac_ettm2_07/85121/finetune_2/checkpoints/last.pt,2881492,ok,
basefrac_ettm2_07,basefrac_ettm2_07/85121/merged/checkpoints/best.pt,2877076,ok,
basefrac_ettm2_07,basefrac_ettm2_07/85122/baseline/checkpoints/best.pt,2881492,ok,
basefrac_ettm2_07,basefrac_ettm2_07/85122/baseline/checkpoints/last.pt,2881492,ok,
basefrac_ettm2_07,basefrac_ettm2_07/85122/finetune_0/checkpoints/best.pt,2881492,ok,
basefrac_ettm2_07,basefrac_ettm2_07/85122/finetune_0/checkpoints/last.pt,2881492,ok,
basefrac_ettm2_07,basefrac_ettm2_07/85122/finetune_1/checkpoints/best.pt,2881492,ok,
basefrac_ettm2_07,basefrac_ettm2_07/85122/finetune_1/checkpoints/last.pt,2881492,ok,
basefrac_ettm2_07,basefrac_ettm2_07/85122/finetune_2/checkpoints/best.pt,2881492,ok,
basefrac_ettm2_07,basefrac_ettm2_07/85122/finetune_2/checkpoints/last.pt,2881492,ok,
basefrac_ettm2_07,basefrac_ettm2_07/85122/merged/checkpoints/best.pt,2877076,ok,
basefrac_exchange_03,basefrac_exchange_03/84470/baseline/checkpoints/best.pt,2870740,ok,
basefrac_exchange_03,basefrac_exchange_03/84470/baseline/checkpoints/last.pt,2870740,ok,
basefrac_exchange_03,basefrac_exchange_03/84470/finetune_0/checkpoints/best.pt,2870740,ok,
basefrac_exchange_03,basefrac_exchange_03/84470/finetune_0/checkpoints/last.pt,2870740,ok,
basefrac_exchange_03,basefrac_exchange_03/84470/finetune_1/checkpoints/best.pt,2870740,ok,
basefrac_exchange_03,basefrac_exchange_03/84470/finetune_1/checkpoints/last.pt,2870740,ok,
basefrac_exchange_03,basefrac_exchange_03/84470/finetune_2/checkpoints/best.pt,2870740,ok,
basefrac_exchange_03,basefrac_exchange_03/84470/finetune_2/checkpoints/last.pt,2870740,ok,
basefrac_exchange_03,basefrac_exchange_03/84470/merged/checkpoints/best.pt,2866324,ok,
basefrac_exchange_03,basefrac_exchange_03/84478_53/baseline/checkpoints/best.pt,2870740,ok,
basefrac_exchange_03,basefrac_exchange_03/84478_53/baseline/checkpoints/last.pt,2870740,ok,
basefrac_exchange_03,basefrac_exchange_03/84478_53/finetune_0/checkpoints/best.pt,2870740,ok,
basefrac_exchange_03,basefrac_exchange_03/84478_53/finetune_0/checkpoints/last.pt,2870740,ok,
basefrac_exchange_03,basefrac_exchange_03/84478_53/finetune_1/checkpoints/best.pt,2870740,ok,
basefrac_exchange_03,basefrac_exchange_03/84478_53/finetune_1/checkpoints/last.pt,2870740,ok,
basefrac_exchange_03,basefrac_exchange_03/84478_53/finetune_2/checkpoints/best.pt,2870740,ok,
basefrac_exchange_03,basefrac_exchange_03/84478_53/finetune_2/checkpoints/last.pt,2870740,ok,
basefrac_exchange_03,basefrac_exchange_03/84478_53/merged/checkpoints/best.pt,2866324,ok,
basefrac_exchange_03,basefrac_exchange_03/84478_54/baseline/checkpoints/best.pt,2870740,ok,
basefrac_exchange_03,basefrac_exchange_03/84478_54/baseline/checkpoints/last.pt,2870740,ok,
basefrac_exchange_03,basefrac_exchange_03/84478_54/finetune_0/checkpoints/best.pt,2870740,ok,
basefrac_exchange_03,basefrac_exchange_03/84478_54/finetune_0/checkpoints/last.pt,2870740,ok,
basefrac_exchange_03,basefrac_exchange_03/84478_54/finetune_1/checkpoints/best.pt,2870740,ok,
basefrac_exchange_03,basefrac_exchange_03/84478_54/finetune_1/checkpoints/last.pt,2870740,ok,
basefrac_exchange_03,basefrac_exchange_03/84478_54/finetune_2/checkpoints/best.pt,2870740,ok,
basefrac_exchange_03,basefrac_exchange_03/84478_54/finetune_2/checkpoints/last.pt,2870740,ok,
basefrac_exchange_03,basefrac_exchange_03/84478_54/merged/checkpoints/best.pt,2866324,ok,
basefrac_exchange_07,basefrac_exchange_07/84470/baseline/checkpoints/best.pt,2870740,ok,
basefrac_exchange_07,basefrac_exchange_07/84470/baseline/checkpoints/last.pt,2870740,ok,
basefrac_exchange_07,basefrac_exchange_07/84470/finetune_0/checkpoints/best.pt,2870740,ok,
basefrac_exchange_07,basefrac_exchange_07/84470/finetune_0/checkpoints/last.pt,2870740,ok,
basefrac_exchange_07,basefrac_exchange_07/84470/finetune_1/checkpoints/best.pt,2870740,ok,
basefrac_exchange_07,basefrac_exchange_07/84470/finetune_1/checkpoints/last.pt,2870740,ok,
basefrac_exchange_07,basefrac_exchange_07/84470/finetune_2/checkpoints/best.pt,2870740,ok,
basefrac_exchange_07,basefrac_exchange_07/84470/finetune_2/checkpoints/last.pt,2870740,ok,
basefrac_exchange_07,basefrac_exchange_07/84470/merged/checkpoints/best.pt,2866324,ok,
basefrac_exchange_07,basefrac_exchange_07/84478_55/baseline/checkpoints/best.pt,2870740,ok,
basefrac_exchange_07,basefrac_exchange_07/84478_55/baseline/checkpoints/last.pt,2870740,ok,
basefrac_exchange_07,basefrac_exchange_07/84478_55/finetune_0/checkpoints/best.pt,2870740,ok,
basefrac_exchange_07,basefrac_exchange_07/84478_55/finetune_0/checkpoints/last.pt,2870740,ok,
basefrac_exchange_07,basefrac_exchange_07/84478_55/finetune_1/checkpoints/best.pt,2870740,ok,
basefrac_exchange_07,basefrac_exchange_07/84478_55/finetune_1/checkpoints/last.pt,2870740,ok,
basefrac_exchange_07,basefrac_exchange_07/84478_55/finetune_2/checkpoints/best.pt,2870740,ok,
basefrac_exchange_07,basefrac_exchange_07/84478_55/finetune_2/checkpoints/last.pt,2870740,ok,
basefrac_exchange_07,basefrac_exchange_07/84478_55/merged/checkpoints/best.pt,2866324,ok,
basefrac_exchange_07,basefrac_exchange_07/84478_56/baseline/checkpoints/best.pt,2870740,ok,
basefrac_exchange_07,basefrac_exchange_07/84478_56/baseline/checkpoints/last.pt,2870740,ok,
basefrac_exchange_07,basefrac_exchange_07/84478_56/finetune_0/checkpoints/best.pt,2870740,ok,
basefrac_exchange_07,basefrac_exchange_07/84478_56/finetune_0/checkpoints/last.pt,2870740,ok,
basefrac_exchange_07,basefrac_exchange_07/84478_56/finetune_1/checkpoints/best.pt,2870740,ok,
basefrac_exchange_07,basefrac_exchange_07/84478_56/finetune_1/checkpoints/last.pt,2870740,ok,
basefrac_exchange_07,basefrac_exchange_07/84478_56/finetune_2/checkpoints/best.pt,2870740,ok,
basefrac_exchange_07,basefrac_exchange_07/84478_56/finetune_2/checkpoints/last.pt,2870740,ok,
basefrac_exchange_07,basefrac_exchange_07/84478_56/merged/checkpoints/best.pt,2866324,ok,
continual_etth,continual_etth/79359/baseline/checkpoints/best.pt,2881492,ok,
continual_etth,continual_etth/79359/baseline/checkpoints/last.pt,2881492,ok,
continual_etth,continual_etth/79359/continual_0/checkpoints/best.pt,2881492,ok,
continual_etth,continual_etth/79359/continual_0/checkpoints/last.pt,2881492,ok,
continual_etth,continual_etth/79359/continual_1/checkpoints/best.pt,2881492,ok,
continual_etth,continual_etth/79359/continual_1/checkpoints/last.pt,2881492,ok,
continual_etth,continual_etth/79359/continual_2/checkpoints/best.pt,2881492,ok,
continual_etth,continual_etth/79359/continual_2/checkpoints/last.pt,2881492,ok,
continual_etth,continual_etth/79367/baseline/checkpoints/best.pt,2881492,ok,
continual_etth,continual_etth/79367/baseline/checkpoints/last.pt,2881492,ok,
continual_etth,continual_etth/79367/continual_0/checkpoints/best.pt,2881492,ok,
continual_etth,continual_etth/79367/continual_0/checkpoints/last.pt,2881492,ok,
continual_etth,continual_etth/79367/continual_1/checkpoints/best.pt,2881492,ok,
continual_etth,continual_etth/79367/continual_1/checkpoints/last.pt,2881492,ok,
continual_etth,continual_etth/79367/continual_2/checkpoints/best.pt,2881492,ok,
continual_etth,continual_etth/79367/continual_2/checkpoints/last.pt,2881492,ok,
continual_etth,continual_etth/79368/baseline/checkpoints/best.pt,2881492,ok,
continual_etth,continual_etth/79368/baseline/checkpoints/last.pt,2881492,ok,
continual_etth,continual_etth/79368/continual_0/checkpoints/best.pt,2881492,ok,
continual_etth,continual_etth/79368/continual_0/checkpoints/last.pt,2881492,ok,
continual_etth,continual_etth/79368/continual_1/checkpoints/best.pt,2881492,ok,
continual_etth,continual_etth/79368/continual_1/checkpoints/last.pt,2881492,ok,
continual_etth,continual_etth/79368/continual_2/checkpoints/best.pt,2881492,ok,
continual_etth,continual_etth/79368/continual_2/checkpoints/last.pt,2881492,ok,
continual_psm,continual_psm/79365/baseline/checkpoints/best.pt,2612324,ok,
continual_psm,continual_psm/79365/baseline/checkpoints/last.pt,2612324,ok,
continual_psm,continual_psm/79365/continual_0/checkpoints/best.pt,2612324,ok,
continual_psm,continual_psm/79365/continual_0/checkpoints/last.pt,2612324,ok,
continual_psm,continual_psm/79365/continual_1/checkpoints/best.pt,2612324,ok,
continual_psm,continual_psm/79365/continual_1/checkpoints/last.pt,2612324,ok,
continual_psm,continual_psm/79365/continual_2/checkpoints/best.pt,2612324,ok,
continual_psm,continual_psm/79365/continual_2/checkpoints/last.pt,2612324,ok,
continual_psm,continual_psm/79438/baseline/checkpoints/best.pt,2612324,ok,
continual_psm,continual_psm/79438/baseline/checkpoints/last.pt,2612324,ok,
continual_psm,continual_psm/79438/continual_0/checkpoints/best.pt,2612324,ok,
continual_psm,continual_psm/79438/continual_0/checkpoints/last.pt,2612324,ok,
continual_psm,continual_psm/79438/continual_1/checkpoints/best.pt,2612324,ok,
continual_psm,continual_psm/79438/continual_1/checkpoints/last.pt,2612324,ok,
continual_psm,continual_psm/79438/continual_2/checkpoints/best.pt,2612324,ok,
continual_psm,continual_psm/79438/continual_2/checkpoints/last.pt,2612324,ok,
continual_psm,continual_psm/79439/baseline/checkpoints/best.pt,2612324,ok,
continual_psm,continual_psm/79439/baseline/checkpoints/last.pt,2612324,ok,
continual_psm,continual_psm/79439/continual_0/checkpoints/best.pt,2612324,ok,
continual_psm,continual_psm/79439/continual_0/checkpoints/last.pt,2612324,ok,
continual_psm,continual_psm/79439/continual_1/checkpoints/best.pt,2612324,ok,
continual_psm,continual_psm/79439/continual_1/checkpoints/last.pt,2612324,ok,
continual_psm,continual_psm/79439/continual_2/checkpoints/best.pt,2612324,ok,
continual_psm,continual_psm/79439/continual_2/checkpoints/last.pt,2612324,ok,
continual_swat,continual_swat/79366/baseline/checkpoints/best.pt,7685796,ok,
continual_swat,continual_swat/79366/baseline/checkpoints/last.pt,7685796,ok,
continual_swat,continual_swat/79366/continual_0/checkpoints/best.pt,7685796,ok,
continual_swat,continual_swat/79366/continual_0/checkpoints/last.pt,7685796,ok,
continual_swat,continual_swat/79366/continual_1/checkpoints/best.pt,7685796,ok,
continual_swat,continual_swat/79366/continual_1/checkpoints/last.pt,7685796,ok,
continual_swat,continual_swat/79366/continual_2/checkpoints/best.pt,7685796,ok,
continual_swat,continual_swat/79366/continual_2/checkpoints/last.pt,7685796,ok,
continual_swat,continual_swat/79436/baseline/checkpoints/best.pt,7685796,ok,
continual_swat,continual_swat/79436/baseline/checkpoints/last.pt,7685796,ok,
continual_swat,continual_swat/79436/continual_0/checkpoints/best.pt,7685796,ok,
continual_swat,continual_swat/79436/continual_0/checkpoints/last.pt,7685796,ok,
continual_swat,continual_swat/79436/continual_1/checkpoints/best.pt,7685796,ok,
continual_swat,continual_swat/79436/continual_1/checkpoints/last.pt,7685796,ok,
continual_swat,continual_swat/79436/continual_2/checkpoints/best.pt,7685796,ok,
continual_swat,continual_swat/79436/continual_2/checkpoints/last.pt,7685796,ok,
continual_swat,continual_swat/79437/baseline/checkpoints/best.pt,7685796,ok,
continual_swat,continual_swat/79437/baseline/checkpoints/last.pt,7685796,ok,
continual_swat,continual_swat/79437/continual_0/checkpoints/best.pt,7685796,ok,
continual_swat,continual_swat/79437/continual_0/checkpoints/last.pt,7685796,ok,
continual_swat,continual_swat/79437/continual_1/checkpoints/best.pt,7685796,ok,
continual_swat,continual_swat/79437/continual_1/checkpoints/last.pt,7685796,ok,
continual_swat,continual_swat/79437/continual_2/checkpoints/best.pt,7685796,ok,
continual_swat,continual_swat/79437/continual_2/checkpoints/last.pt,7685796,ok,
etth2_continual_n2,etth2_continual_n2/80556/baseline/checkpoints/best.pt,2881492,ok,
etth2_continual_n2,etth2_continual_n2/80556/baseline/checkpoints/last.pt,2881492,ok,
etth2_continual_n2,etth2_continual_n2/80556/continual_0/checkpoints/best.pt,2881492,ok,
etth2_continual_n2,etth2_continual_n2/80556/continual_0/checkpoints/last.pt,2881492,ok,
etth2_continual_n2,etth2_continual_n2/80556/continual_1/checkpoints/best.pt,2881492,ok,
etth2_continual_n2,etth2_continual_n2/80556/continual_1/checkpoints/last.pt,2881492,ok,
etth2_continual_n2,etth2_continual_n2/80557/baseline/checkpoints/best.pt,2881492,ok,
etth2_continual_n2,etth2_continual_n2/80557/baseline/checkpoints/last.pt,2881492,ok,
etth2_continual_n2,etth2_continual_n2/80557/continual_0/checkpoints/best.pt,2881492,ok,
etth2_continual_n2,etth2_continual_n2/80557/continual_0/checkpoints/last.pt,2881492,ok,
etth2_continual_n2,etth2_continual_n2/80557/continual_1/checkpoints/best.pt,2881492,ok,
etth2_continual_n2,etth2_continual_n2/80557/continual_1/checkpoints/last.pt,2881492,ok,
etth2_continual_n2,etth2_continual_n2/80558/baseline/checkpoints/best.pt,2881492,ok,
etth2_continual_n2,etth2_continual_n2/80558/baseline/checkpoints/last.pt,2881492,ok,
etth2_continual_n2,etth2_continual_n2/80558/continual_0/checkpoints/best.pt,2881492,ok,
etth2_continual_n2,etth2_continual_n2/80558/continual_0/checkpoints/last.pt,2881492,ok,
etth2_continual_n2,etth2_continual_n2/80558/continual_1/checkpoints/best.pt,2881492,ok,
etth2_continual_n2,etth2_continual_n2/80558/continual_1/checkpoints/last.pt,2881492,ok,
etth2_continual_n3,etth2_continual_n3/80559/baseline/checkpoints/best.pt,2881492,ok,
etth2_continual_n3,etth2_continual_n3/80559/baseline/checkpoints/last.pt,2881492,ok,
etth2_continual_n3,etth2_continual_n3/80559/continual_0/checkpoints/best.pt,2881492,ok,
etth2_continual_n3,etth2_continual_n3/80559/continual_0/checkpoints/last.pt,2881492,ok,
etth2_continual_n3,etth2_continual_n3/80559/continual_1/checkpoints/best.pt,2881492,ok,
etth2_continual_n3,etth2_continual_n3/80559/continual_1/checkpoints/last.pt,2881492,ok,
etth2_continual_n3,etth2_continual_n3/80559/continual_2/checkpoints/best.pt,2881492,ok,
etth2_continual_n3,etth2_continual_n3/80559/continual_2/checkpoints/last.pt,2881492,ok,
etth2_continual_n3,etth2_continual_n3/80560/baseline/checkpoints/best.pt,2881492,ok,
etth2_continual_n3,etth2_continual_n3/80560/baseline/checkpoints/last.pt,2881492,ok,
etth2_continual_n3,etth2_continual_n3/80560/continual_0/checkpoints/best.pt,2881492,ok,
etth2_continual_n3,etth2_continual_n3/80560/continual_0/checkpoints/last.pt,2881492,ok,
etth2_continual_n3,etth2_continual_n3/80560/continual_1/checkpoints/best.pt,2881492,ok,
etth2_continual_n3,etth2_continual_n3/80560/continual_1/checkpoints/last.pt,2881492,ok,
etth2_continual_n3,etth2_continual_n3/80560/continual_2/checkpoints/best.pt,2881492,ok,
etth2_continual_n3,etth2_continual_n3/80560/continual_2/checkpoints/last.pt,2881492,ok,
etth2_continual_n3,etth2_continual_n3/80561/baseline/checkpoints/best.pt,2881492,ok,
etth2_continual_n3,etth2_continual_n3/80561/baseline/checkpoints/last.pt,2881492,ok,
etth2_continual_n3,etth2_continual_n3/80561/continual_0/checkpoints/best.pt,2881492,ok,
etth2_continual_n3,etth2_continual_n3/80561/continual_0/checkpoints/last.pt,2881492,ok,
etth2_continual_n3,etth2_continual_n3/80561/continual_1/checkpoints/best.pt,2881492,ok,
etth2_continual_n3,etth2_continual_n3/80561/continual_1/checkpoints/last.pt,2881492,ok,
etth2_continual_n3,etth2_continual_n3/80561/continual_2/checkpoints/best.pt,2881492,ok,
etth2_continual_n3,etth2_continual_n3/80561/continual_2/checkpoints/last.pt,2881492,ok,
etth2_continual_n5,etth2_continual_n5/80562/baseline/checkpoints/best.pt,2881492,ok,
etth2_continual_n5,etth2_continual_n5/80562/baseline/checkpoints/last.pt,2881492,ok,
etth2_continual_n5,etth2_continual_n5/80562/continual_0/checkpoints/best.pt,2881492,ok,
etth2_continual_n5,etth2_continual_n5/80562/continual_0/checkpoints/last.pt,2881492,ok,
etth2_continual_n5,etth2_continual_n5/80562/continual_1/checkpoints/best.pt,2881492,ok,
etth2_continual_n5,etth2_continual_n5/80562/continual_1/checkpoints/last.pt,2881492,ok,
etth2_continual_n5,etth2_continual_n5/80562/continual_2/checkpoints/best.pt,2881492,ok,
etth2_continual_n5,etth2_continual_n5/80562/continual_2/checkpoints/last.pt,2881492,ok,
etth2_continual_n5,etth2_continual_n5/80562/continual_3/checkpoints/best.pt,2881492,ok,
etth2_continual_n5,etth2_continual_n5/80562/continual_3/checkpoints/last.pt,2881492,ok,
etth2_continual_n5,etth2_continual_n5/80562/continual_4/checkpoints/best.pt,2881492,ok,
etth2_continual_n5,etth2_continual_n5/80562/continual_4/checkpoints/last.pt,2881492,ok,
etth2_continual_n5,etth2_continual_n5/80563/baseline/checkpoints/best.pt,2881492,ok,
etth2_continual_n5,etth2_continual_n5/80563/baseline/checkpoints/last.pt,2881492,ok,
etth2_continual_n5,etth2_continual_n5/80563/continual_0/checkpoints/best.pt,2881492,ok,
etth2_continual_n5,etth2_continual_n5/80563/continual_0/checkpoints/last.pt,2881492,ok,
etth2_continual_n5,etth2_continual_n5/80563/continual_1/checkpoints/best.pt,2881492,ok,
etth2_continual_n5,etth2_continual_n5/80563/continual_1/checkpoints/last.pt,2881492,ok,
etth2_continual_n5,etth2_continual_n5/80563/continual_2/checkpoints/best.pt,2881492,ok,
etth2_continual_n5,etth2_continual_n5/80563/continual_2/checkpoints/last.pt,2881492,ok,
etth2_continual_n5,etth2_continual_n5/80563/continual_3/checkpoints/best.pt,2881492,ok,
etth2_continual_n5,etth2_continual_n5/80563/continual_3/checkpoints/last.pt,2881492,ok,
etth2_continual_n5,etth2_continual_n5/80563/continual_4/checkpoints/best.pt,2881492,ok,
etth2_continual_n5,etth2_continual_n5/80563/continual_4/checkpoints/last.pt,2881492,ok,
etth2_continual_n5,etth2_continual_n5/80564/baseline/checkpoints/best.pt,2881492,ok,
etth2_continual_n5,etth2_continual_n5/80564/baseline/checkpoints/last.pt,2881492,ok,
etth2_continual_n5,etth2_continual_n5/80564/continual_0/checkpoints/best.pt,2881492,ok,
etth2_continual_n5,etth2_continual_n5/80564/continual_0/checkpoints/last.pt,2881492,ok,
etth2_continual_n5,etth2_continual_n5/80564/continual_1/checkpoints/best.pt,2881492,ok,
etth2_continual_n5,etth2_continual_n5/80564/continual_1/checkpoints/last.pt,2881492,ok,
etth2_continual_n5,etth2_continual_n5/80564/continual_2/checkpoints/best.pt,2881492,ok,
etth2_continual_n5,etth2_continual_n5/80564/continual_2/checkpoints/last.pt,2881492,ok,
etth2_continual_n5,etth2_continual_n5/80564/continual_3/checkpoints/best.pt,2881492,ok,
etth2_continual_n5,etth2_continual_n5/80564/continual_3/checkpoints/last.pt,2881492,ok,
etth2_continual_n5,etth2_continual_n5/80564/continual_4/checkpoints/best.pt,2881492,ok,
etth2_continual_n5,etth2_continual_n5/80564/continual_4/checkpoints/last.pt,2881492,ok,
etth2_gate_base,etth2_gate_base/80529/baseline/checkpoints/best.pt,2881492,ok,
etth2_gate_base,etth2_gate_base/80529/baseline/checkpoints/last.pt,2881492,ok,
etth2_gate_base,etth2_gate_base/80530/baseline/checkpoints/best.pt,2881492,ok,
etth2_gate_base,etth2_gate_base/80530/baseline/checkpoints/last.pt,2881492,ok,
etth2_gate_base,etth2_gate_base/80531/baseline/checkpoints/best.pt,2881492,ok,
etth2_gate_base,etth2_gate_base/80531/baseline/checkpoints/last.pt,2881492,ok,
etth2_gate_joint,etth2_gate_joint/80532/train/checkpoints/best.pt,2881492,ok,
etth2_gate_joint,etth2_gate_joint/80532/train/checkpoints/last.pt,2881492,ok,
etth2_gate_joint,etth2_gate_joint/80533/train/checkpoints/best.pt,2881492,ok,
etth2_gate_joint,etth2_gate_joint/80533/train/checkpoints/last.pt,2881492,ok,
etth2_gate_joint,etth2_gate_joint/80534/train/checkpoints/best.pt,2881492,ok,
etth2_gate_joint,etth2_gate_joint/80534/train/checkpoints/last.pt,2881492,ok,
etth2_merge_n2,etth2_merge_n2/80547/baseline/checkpoints/best.pt,2881492,ok,
etth2_merge_n2,etth2_merge_n2/80547/baseline/checkpoints/last.pt,2881492,ok,
etth2_merge_n2,etth2_merge_n2/80547/finetune_0/checkpoints/best.pt,2881492,ok,
etth2_merge_n2,etth2_merge_n2/80547/finetune_0/checkpoints/last.pt,2881492,ok,
etth2_merge_n2,etth2_merge_n2/80547/finetune_1/checkpoints/best.pt,2881492,ok,
etth2_merge_n2,etth2_merge_n2/80547/finetune_1/checkpoints/last.pt,2881492,ok,
etth2_merge_n2,etth2_merge_n2/80547/merged/checkpoints/best.pt,2877076,ok,
etth2_merge_n2,etth2_merge_n2/80548/baseline/checkpoints/best.pt,2881492,ok,
etth2_merge_n2,etth2_merge_n2/80548/baseline/checkpoints/last.pt,2881492,ok,
etth2_merge_n2,etth2_merge_n2/80548/finetune_0/checkpoints/best.pt,2881492,ok,
etth2_merge_n2,etth2_merge_n2/80548/finetune_0/checkpoints/last.pt,2881492,ok,
etth2_merge_n2,etth2_merge_n2/80548/finetune_1/checkpoints/best.pt,2881492,ok,
etth2_merge_n2,etth2_merge_n2/80548/finetune_1/checkpoints/last.pt,2881492,ok,
etth2_merge_n2,etth2_merge_n2/80548/merged/checkpoints/best.pt,2877076,ok,
etth2_merge_n2,etth2_merge_n2/80549/baseline/checkpoints/best.pt,2881492,ok,
etth2_merge_n2,etth2_merge_n2/80549/baseline/checkpoints/last.pt,2881492,ok,
etth2_merge_n2,etth2_merge_n2/80549/finetune_0/checkpoints/best.pt,2881492,ok,
etth2_merge_n2,etth2_merge_n2/80549/finetune_0/checkpoints/last.pt,2881492,ok,
etth2_merge_n2,etth2_merge_n2/80549/finetune_1/checkpoints/best.pt,2881492,ok,
etth2_merge_n2,etth2_merge_n2/80549/finetune_1/checkpoints/last.pt,2881492,ok,
etth2_merge_n2,etth2_merge_n2/80549/merged/checkpoints/best.pt,2877076,ok,
etth2_merge_n3,etth2_merge_n3/80550/baseline/checkpoints/best.pt,2881492,ok,
etth2_merge_n3,etth2_merge_n3/80550/baseline/checkpoints/last.pt,2881492,ok,
etth2_merge_n3,etth2_merge_n3/80550/finetune_0/checkpoints/best.pt,2881492,ok,
etth2_merge_n3,etth2_merge_n3/80550/finetune_0/checkpoints/last.pt,2881492,ok,
etth2_merge_n3,etth2_merge_n3/80550/finetune_1/checkpoints/best.pt,2881492,ok,
etth2_merge_n3,etth2_merge_n3/80550/finetune_1/checkpoints/last.pt,2881492,ok,
etth2_merge_n3,etth2_merge_n3/80550/finetune_2/checkpoints/best.pt,2881492,ok,
etth2_merge_n3,etth2_merge_n3/80550/finetune_2/checkpoints/last.pt,2881492,ok,
etth2_merge_n3,etth2_merge_n3/80550/merged/checkpoints/best.pt,2877076,ok,
etth2_merge_n3,etth2_merge_n3/80551/baseline/checkpoints/best.pt,2881492,ok,
etth2_merge_n3,etth2_merge_n3/80551/baseline/checkpoints/last.pt,2881492,ok,
etth2_merge_n3,etth2_merge_n3/80551/finetune_0/checkpoints/best.pt,2881492,ok,
etth2_merge_n3,etth2_merge_n3/80551/finetune_0/checkpoints/last.pt,2881492,ok,
etth2_merge_n3,etth2_merge_n3/80551/finetune_1/checkpoints/best.pt,2881492,ok,
etth2_merge_n3,etth2_merge_n3/80551/finetune_1/checkpoints/last.pt,2881492,ok,
etth2_merge_n3,etth2_merge_n3/80551/finetune_2/checkpoints/best.pt,2881492,ok,
etth2_merge_n3,etth2_merge_n3/80551/finetune_2/checkpoints/last.pt,2881492,ok,
etth2_merge_n3,etth2_merge_n3/80551/merged/checkpoints/best.pt,2877076,ok,
etth2_merge_n3,etth2_merge_n3/80552/baseline/checkpoints/best.pt,2881492,ok,
etth2_merge_n3,etth2_merge_n3/80552/baseline/checkpoints/last.pt,2881492,ok,
etth2_merge_n3,etth2_merge_n3/80552/finetune_0/checkpoints/best.pt,2881492,ok,
etth2_merge_n3,etth2_merge_n3/80552/finetune_0/checkpoints/last.pt,2881492,ok,
etth2_merge_n3,etth2_merge_n3/80552/finetune_1/checkpoints/best.pt,2881492,ok,
etth2_merge_n3,etth2_merge_n3/80552/finetune_1/checkpoints/last.pt,2881492,ok,
etth2_merge_n3,etth2_merge_n3/80552/finetune_2/checkpoints/best.pt,2881492,ok,
etth2_merge_n3,etth2_merge_n3/80552/finetune_2/checkpoints/last.pt,2881492,ok,
etth2_merge_n3,etth2_merge_n3/80552/merged/checkpoints/best.pt,2877076,ok,
etth2_merge_n5,etth2_merge_n5/80553/baseline/checkpoints/best.pt,2881492,ok,
etth2_merge_n5,etth2_merge_n5/80553/baseline/checkpoints/last.pt,2881492,ok,
etth2_merge_n5,etth2_merge_n5/80553/finetune_0/checkpoints/best.pt,2881492,ok,
etth2_merge_n5,etth2_merge_n5/80553/finetune_0/checkpoints/last.pt,2881492,ok,
etth2_merge_n5,etth2_merge_n5/80553/finetune_1/checkpoints/best.pt,2881492,ok,
etth2_merge_n5,etth2_merge_n5/80553/finetune_1/checkpoints/last.pt,2881492,ok,
etth2_merge_n5,etth2_merge_n5/80553/finetune_2/checkpoints/best.pt,2881492,ok,
etth2_merge_n5,etth2_merge_n5/80553/finetune_2/checkpoints/last.pt,2881492,ok,
etth2_merge_n5,etth2_merge_n5/80553/finetune_3/checkpoints/best.pt,2881492,ok,
etth2_merge_n5,etth2_merge_n5/80553/finetune_3/checkpoints/last.pt,2881492,ok,
etth2_merge_n5,etth2_merge_n5/80553/finetune_4/checkpoints/best.pt,2881492,ok,
etth2_merge_n5,etth2_merge_n5/80553/finetune_4/checkpoints/last.pt,2881492,ok,
etth2_merge_n5,etth2_merge_n5/80553/merged/checkpoints/best.pt,2877076,ok,
etth2_merge_n5,etth2_merge_n5/80554/baseline/checkpoints/best.pt,2881492,ok,
etth2_merge_n5,etth2_merge_n5/80554/baseline/checkpoints/last.pt,2881492,ok,
etth2_merge_n5,etth2_merge_n5/80554/finetune_0/checkpoints/best.pt,2881492,ok,
etth2_merge_n5,etth2_merge_n5/80554/finetune_0/checkpoints/last.pt,2881492,ok,
etth2_merge_n5,etth2_merge_n5/80554/finetune_1/checkpoints/best.pt,2881492,ok,
etth2_merge_n5,etth2_merge_n5/80554/finetune_1/checkpoints/last.pt,2881492,ok,
etth2_merge_n5,etth2_merge_n5/80554/finetune_2/checkpoints/best.pt,2881492,ok,
etth2_merge_n5,etth2_merge_n5/80554/finetune_2/checkpoints/last.pt,2881492,ok,
etth2_merge_n5,etth2_merge_n5/80554/finetune_3/checkpoints/best.pt,2881492,ok,
etth2_merge_n5,etth2_merge_n5/80554/finetune_3/checkpoints/last.pt,2881492,ok,
etth2_merge_n5,etth2_merge_n5/80554/finetune_4/checkpoints/best.pt,2881492,ok,
etth2_merge_n5,etth2_merge_n5/80554/finetune_4/checkpoints/last.pt,2881492,ok,
etth2_merge_n5,etth2_merge_n5/80554/merged/checkpoints/best.pt,2877076,ok,
etth2_merge_n5,etth2_merge_n5/80555/baseline/checkpoints/best.pt,2881492,ok,
etth2_merge_n5,etth2_merge_n5/80555/baseline/checkpoints/last.pt,2881492,ok,
etth2_merge_n5,etth2_merge_n5/80555/finetune_0/checkpoints/best.pt,2881492,ok,
etth2_merge_n5,etth2_merge_n5/80555/finetune_0/checkpoints/last.pt,2881492,ok,
etth2_merge_n5,etth2_merge_n5/80555/finetune_1/checkpoints/best.pt,2881492,ok,
etth2_merge_n5,etth2_merge_n5/80555/finetune_1/checkpoints/last.pt,2881492,ok,
etth2_merge_n5,etth2_merge_n5/80555/finetune_2/checkpoints/best.pt,2881492,ok,
etth2_merge_n5,etth2_merge_n5/80555/finetune_2/checkpoints/last.pt,2881492,ok,
etth2_merge_n5,etth2_merge_n5/80555/finetune_3/checkpoints/best.pt,2881492,ok,
etth2_merge_n5,etth2_merge_n5/80555/finetune_3/checkpoints/last.pt,2881492,ok,
etth2_merge_n5,etth2_merge_n5/80555/finetune_4/checkpoints/best.pt,2881492,ok,
etth2_merge_n5,etth2_merge_n5/80555/finetune_4/checkpoints/last.pt,2881492,ok,
etth2_merge_n5,etth2_merge_n5/80555/merged/checkpoints/best.pt,2877076,ok,
etth2_window_W1,etth2_window_W1/80535/baseline/checkpoints/best.pt,2881492,ok,
etth2_window_W1,etth2_window_W1/80535/baseline/checkpoints/last.pt,2881492,ok,
etth2_window_W1,etth2_window_W1/80535/finetune_0/checkpoints/best.pt,2881492,ok,
etth2_window_W1,etth2_window_W1/80535/finetune_0/checkpoints/last.pt,2881492,ok,
etth2_window_W1,etth2_window_W1/80535/merged/checkpoints/best.pt,2877076,ok,
etth2_window_W1,etth2_window_W1/80536/baseline/checkpoints/best.pt,2881492,ok,
etth2_window_W1,etth2_window_W1/80536/baseline/checkpoints/last.pt,2881492,ok,
etth2_window_W1,etth2_window_W1/80536/finetune_0/checkpoints/best.pt,2881492,ok,
etth2_window_W1,etth2_window_W1/80536/finetune_0/checkpoints/last.pt,2881492,ok,
etth2_window_W1,etth2_window_W1/80536/merged/checkpoints/best.pt,2877076,ok,
etth2_window_W1,etth2_window_W1/80537/baseline/checkpoints/best.pt,2881492,ok,
etth2_window_W1,etth2_window_W1/80537/baseline/checkpoints/last.pt,2881492,ok,
etth2_window_W1,etth2_window_W1/80537/finetune_0/checkpoints/best.pt,2881492,ok,
etth2_window_W1,etth2_window_W1/80537/finetune_0/checkpoints/last.pt,2881492,ok,
etth2_window_W1,etth2_window_W1/80537/merged/checkpoints/best.pt,2877076,ok,
etth2_window_W2,etth2_window_W2/80538/baseline/checkpoints/best.pt,2881492,ok,
etth2_window_W2,etth2_window_W2/80538/baseline/checkpoints/last.pt,2881492,ok,
etth2_window_W2,etth2_window_W2/80538/finetune_0/checkpoints/best.pt,2881492,ok,
etth2_window_W2,etth2_window_W2/80538/finetune_0/checkpoints/last.pt,2881492,ok,
etth2_window_W2,etth2_window_W2/80538/merged/checkpoints/best.pt,2877076,ok,
etth2_window_W2,etth2_window_W2/80539/baseline/checkpoints/best.pt,2881492,ok,
etth2_window_W2,etth2_window_W2/80539/baseline/checkpoints/last.pt,2881492,ok,
etth2_window_W2,etth2_window_W2/80539/finetune_0/checkpoints/best.pt,2881492,ok,
etth2_window_W2,etth2_window_W2/80539/finetune_0/checkpoints/last.pt,2881492,ok,
etth2_window_W2,etth2_window_W2/80539/merged/checkpoints/best.pt,2877076,ok,
etth2_window_W2,etth2_window_W2/80540/baseline/checkpoints/best.pt,2881492,ok,
etth2_window_W2,etth2_window_W2/80540/baseline/checkpoints/last.pt,2881492,ok,
etth2_window_W2,etth2_window_W2/80540/finetune_0/checkpoints/best.pt,2881492,ok,
etth2_window_W2,etth2_window_W2/80540/finetune_0/checkpoints/last.pt,2881492,ok,
etth2_window_W2,etth2_window_W2/80540/merged/checkpoints/best.pt,2877076,ok,
etth2_window_W3,etth2_window_W3/80541/baseline/checkpoints/best.pt,2881492,ok,
etth2_window_W3,etth2_window_W3/80541/baseline/checkpoints/last.pt,2881492,ok,
etth2_window_W3,etth2_window_W3/80541/finetune_0/checkpoints/best.pt,2881492,ok,
etth2_window_W3,etth2_window_W3/80541/finetune_0/checkpoints/last.pt,2881492,ok,
etth2_window_W3,etth2_window_W3/80541/merged/checkpoints/best.pt,2877076,ok,
etth2_window_W3,etth2_window_W3/80542/baseline/checkpoints/best.pt,2881492,ok,
etth2_window_W3,etth2_window_W3/80542/baseline/checkpoints/last.pt,2881492,ok,
etth2_window_W3,etth2_window_W3/80542/finetune_0/checkpoints/best.pt,2881492,ok,
etth2_window_W3,etth2_window_W3/80542/finetune_0/checkpoints/last.pt,2881492,ok,
etth2_window_W3,etth2_window_W3/80542/merged/checkpoints/best.pt,2877076,ok,
etth2_window_W3,etth2_window_W3/80543/baseline/checkpoints/best.pt,2881492,ok,
etth2_window_W3,etth2_window_W3/80543/baseline/checkpoints/last.pt,2881492,ok,
etth2_window_W3,etth2_window_W3/80543/finetune_0/checkpoints/best.pt,2881492,ok,
etth2_window_W3,etth2_window_W3/80543/finetune_0/checkpoints/last.pt,2881492,ok,
etth2_window_W3,etth2_window_W3/80543/merged/checkpoints/best.pt,2877076,ok,
ettm2_continual_n2,ettm2_continual_n2/80593/baseline/checkpoints/best.pt,2881492,ok,
ettm2_continual_n2,ettm2_continual_n2/80593/baseline/checkpoints/last.pt,2881492,ok,
ettm2_continual_n2,ettm2_continual_n2/80593/continual_0/checkpoints/best.pt,2881492,ok,
ettm2_continual_n2,ettm2_continual_n2/80593/continual_0/checkpoints/last.pt,2881492,ok,
ettm2_continual_n2,ettm2_continual_n2/80593/continual_1/checkpoints/best.pt,2881492,ok,
ettm2_continual_n2,ettm2_continual_n2/80593/continual_1/checkpoints/last.pt,2881492,ok,
ettm2_continual_n2,ettm2_continual_n2/80594/baseline/checkpoints/best.pt,2881492,ok,
ettm2_continual_n2,ettm2_continual_n2/80594/baseline/checkpoints/last.pt,2881492,ok,
ettm2_continual_n2,ettm2_continual_n2/80594/continual_0/checkpoints/best.pt,2881492,ok,
ettm2_continual_n2,ettm2_continual_n2/80594/continual_0/checkpoints/last.pt,2881492,ok,
ettm2_continual_n2,ettm2_continual_n2/80594/continual_1/checkpoints/best.pt,2881492,ok,
ettm2_continual_n2,ettm2_continual_n2/80594/continual_1/checkpoints/last.pt,2881492,ok,
ettm2_continual_n2,ettm2_continual_n2/80595/baseline/checkpoints/best.pt,2881492,ok,
ettm2_continual_n2,ettm2_continual_n2/80595/baseline/checkpoints/last.pt,2881492,ok,
ettm2_continual_n2,ettm2_continual_n2/80595/continual_0/checkpoints/best.pt,2881492,ok,
ettm2_continual_n2,ettm2_continual_n2/80595/continual_0/checkpoints/last.pt,2881492,ok,
ettm2_continual_n2,ettm2_continual_n2/80595/continual_1/checkpoints/best.pt,2881492,ok,
ettm2_continual_n2,ettm2_continual_n2/80595/continual_1/checkpoints/last.pt,2881492,ok,
ettm2_continual_n3,ettm2_continual_n3/80596/baseline/checkpoints/best.pt,2881492,ok,
ettm2_continual_n3,ettm2_continual_n3/80596/baseline/checkpoints/last.pt,2881492,ok,
ettm2_continual_n3,ettm2_continual_n3/80596/continual_0/checkpoints/best.pt,2881492,ok,
ettm2_continual_n3,ettm2_continual_n3/80596/continual_0/checkpoints/last.pt,2881492,ok,
ettm2_continual_n3,ettm2_continual_n3/80596/continual_1/checkpoints/best.pt,2881492,ok,
ettm2_continual_n3,ettm2_continual_n3/80596/continual_1/checkpoints/last.pt,2881492,ok,
ettm2_continual_n3,ettm2_continual_n3/80596/continual_2/checkpoints/best.pt,2881492,ok,
ettm2_continual_n3,ettm2_continual_n3/80596/continual_2/checkpoints/last.pt,2881492,ok,
ettm2_continual_n3,ettm2_continual_n3/80597/baseline/checkpoints/best.pt,2881492,ok,
ettm2_continual_n3,ettm2_continual_n3/80597/baseline/checkpoints/last.pt,2881492,ok,
ettm2_continual_n3,ettm2_continual_n3/80597/continual_0/checkpoints/best.pt,2881492,ok,
ettm2_continual_n3,ettm2_continual_n3/80597/continual_0/checkpoints/last.pt,2881492,ok,
ettm2_continual_n3,ettm2_continual_n3/80597/continual_1/checkpoints/best.pt,2881492,ok,
ettm2_continual_n3,ettm2_continual_n3/80597/continual_1/checkpoints/last.pt,2881492,ok,
ettm2_continual_n3,ettm2_continual_n3/80597/continual_2/checkpoints/best.pt,2881492,ok,
ettm2_continual_n3,ettm2_continual_n3/80597/continual_2/checkpoints/last.pt,2881492,ok,
ettm2_continual_n3,ettm2_continual_n3/80598/baseline/checkpoints/best.pt,2881492,ok,
ettm2_continual_n3,ettm2_continual_n3/80598/baseline/checkpoints/last.pt,2881492,ok,
ettm2_continual_n3,ettm2_continual_n3/80598/continual_0/checkpoints/best.pt,2881492,ok,
ettm2_continual_n3,ettm2_continual_n3/80598/continual_0/checkpoints/last.pt,2881492,ok,
ettm2_continual_n3,ettm2_continual_n3/80598/continual_1/checkpoints/best.pt,2881492,ok,
ettm2_continual_n3,ettm2_continual_n3/80598/continual_1/checkpoints/last.pt,2881492,ok,
ettm2_continual_n3,ettm2_continual_n3/80598/continual_2/checkpoints/best.pt,2881492,ok,
ettm2_continual_n3,ettm2_continual_n3/80598/continual_2/checkpoints/last.pt,2881492,ok,
ettm2_continual_n5,ettm2_continual_n5/80599/baseline/checkpoints/best.pt,2881492,ok,
ettm2_continual_n5,ettm2_continual_n5/80599/baseline/checkpoints/last.pt,2881492,ok,
ettm2_continual_n5,ettm2_continual_n5/80599/continual_0/checkpoints/best.pt,2881492,ok,
ettm2_continual_n5,ettm2_continual_n5/80599/continual_0/checkpoints/last.pt,2881492,ok,
ettm2_continual_n5,ettm2_continual_n5/80599/continual_1/checkpoints/best.pt,2881492,ok,
ettm2_continual_n5,ettm2_continual_n5/80599/continual_1/checkpoints/last.pt,2881492,ok,
ettm2_continual_n5,ettm2_continual_n5/80599/continual_2/checkpoints/best.pt,2881492,ok,
ettm2_continual_n5,ettm2_continual_n5/80599/continual_2/checkpoints/last.pt,2881492,ok,
ettm2_continual_n5,ettm2_continual_n5/80599/continual_3/checkpoints/best.pt,2881492,ok,
ettm2_continual_n5,ettm2_continual_n5/80599/continual_3/checkpoints/last.pt,2881492,ok,
ettm2_continual_n5,ettm2_continual_n5/80599/continual_4/checkpoints/best.pt,2881492,ok,
ettm2_continual_n5,ettm2_continual_n5/80599/continual_4/checkpoints/last.pt,2881492,ok,
ettm2_continual_n5,ettm2_continual_n5/80600/baseline/checkpoints/best.pt,2881492,ok,
ettm2_continual_n5,ettm2_continual_n5/80600/baseline/checkpoints/last.pt,2881492,ok,
ettm2_continual_n5,ettm2_continual_n5/80600/continual_0/checkpoints/best.pt,2881492,ok,
ettm2_continual_n5,ettm2_continual_n5/80600/continual_0/checkpoints/last.pt,2881492,ok,
ettm2_continual_n5,ettm2_continual_n5/80600/continual_1/checkpoints/best.pt,2881492,ok,
ettm2_continual_n5,ettm2_continual_n5/80600/continual_1/checkpoints/last.pt,2881492,ok,
ettm2_continual_n5,ettm2_continual_n5/80600/continual_2/checkpoints/best.pt,2881492,ok,
ettm2_continual_n5,ettm2_continual_n5/80600/continual_2/checkpoints/last.pt,2881492,ok,
ettm2_continual_n5,ettm2_continual_n5/80600/continual_3/checkpoints/best.pt,2881492,ok,
ettm2_continual_n5,ettm2_continual_n5/80600/continual_3/checkpoints/last.pt,2881492,ok,
ettm2_continual_n5,ettm2_continual_n5/80600/continual_4/checkpoints/best.pt,2881492,ok,
ettm2_continual_n5,ettm2_continual_n5/80600/continual_4/checkpoints/last.pt,2881492,ok,
ettm2_continual_n5,ettm2_continual_n5/80601/baseline/checkpoints/best.pt,2881492,ok,
ettm2_continual_n5,ettm2_continual_n5/80601/baseline/checkpoints/last.pt,2881492,ok,
ettm2_continual_n5,ettm2_continual_n5/80601/continual_0/checkpoints/best.pt,2881492,ok,
ettm2_continual_n5,ettm2_continual_n5/80601/continual_0/checkpoints/last.pt,2881492,ok,
ettm2_continual_n5,ettm2_continual_n5/80601/continual_1/checkpoints/best.pt,2881492,ok,
ettm2_continual_n5,ettm2_continual_n5/80601/continual_1/checkpoints/last.pt,2881492,ok,
ettm2_continual_n5,ettm2_continual_n5/80601/continual_2/checkpoints/best.pt,2881492,ok,
ettm2_continual_n5,ettm2_continual_n5/80601/continual_2/checkpoints/last.pt,2881492,ok,
ettm2_continual_n5,ettm2_continual_n5/80601/continual_3/checkpoints/best.pt,2881492,ok,
ettm2_continual_n5,ettm2_continual_n5/80601/continual_3/checkpoints/last.pt,2881492,ok,
ettm2_continual_n5,ettm2_continual_n5/80601/continual_4/checkpoints/best.pt,2881492,ok,
ettm2_continual_n5,ettm2_continual_n5/80601/continual_4/checkpoints/last.pt,2881492,ok,
ettm2_gate_base,ettm2_gate_base/80566/baseline/checkpoints/best.pt,2881492,ok,
ettm2_gate_base,ettm2_gate_base/80566/baseline/checkpoints/last.pt,2881492,ok,
ettm2_gate_base,ettm2_gate_base/80567/baseline/checkpoints/best.pt,2881492,ok,
ettm2_gate_base,ettm2_gate_base/80567/baseline/checkpoints/last.pt,2881492,ok,
ettm2_gate_base,ettm2_gate_base/80568/baseline/checkpoints/best.pt,2881492,ok,
ettm2_gate_base,ettm2_gate_base/80568/baseline/checkpoints/last.pt,2881492,ok,
ettm2_gate_joint,ettm2_gate_joint/80569/train/checkpoints/best.pt,2881492,ok,
ettm2_gate_joint,ettm2_gate_joint/80569/train/checkpoints/last.pt,2881492,ok,
ettm2_gate_joint,ettm2_gate_joint/80570/train/checkpoints/best.pt,2881492,ok,
ettm2_gate_joint,ettm2_gate_joint/80570/train/checkpoints/last.pt,2881492,ok,
ettm2_gate_joint,ettm2_gate_joint/80571/train/checkpoints/best.pt,2881492,ok,
ettm2_gate_joint,ettm2_gate_joint/80571/train/checkpoints/last.pt,2881492,ok,
ettm2_merge_n2,ettm2_merge_n2/80584/baseline/checkpoints/best.pt,2881492,ok,
ettm2_merge_n2,ettm2_merge_n2/80584/baseline/checkpoints/last.pt,2881492,ok,
ettm2_merge_n2,ettm2_merge_n2/80584/finetune_0/checkpoints/best.pt,2881492,ok,
ettm2_merge_n2,ettm2_merge_n2/80584/finetune_0/checkpoints/last.pt,2881492,ok,
ettm2_merge_n2,ettm2_merge_n2/80584/finetune_1/checkpoints/best.pt,2881492,ok,
ettm2_merge_n2,ettm2_merge_n2/80584/finetune_1/checkpoints/last.pt,2881492,ok,
ettm2_merge_n2,ettm2_merge_n2/80584/merged/checkpoints/best.pt,2877076,ok,
ettm2_merge_n2,ettm2_merge_n2/80585/baseline/checkpoints/best.pt,2881492,ok,
ettm2_merge_n2,ettm2_merge_n2/80585/baseline/checkpoints/last.pt,2881492,ok,
ettm2_merge_n2,ettm2_merge_n2/80585/finetune_0/checkpoints/best.pt,2881492,ok,
ettm2_merge_n2,ettm2_merge_n2/80585/finetune_0/checkpoints/last.pt,2881492,ok,
ettm2_merge_n2,ettm2_merge_n2/80585/finetune_1/checkpoints/best.pt,2881492,ok,
ettm2_merge_n2,ettm2_merge_n2/80585/finetune_1/checkpoints/last.pt,2881492,ok,
ettm2_merge_n2,ettm2_merge_n2/80585/merged/checkpoints/best.pt,2877076,ok,
ettm2_merge_n2,ettm2_merge_n2/80586/baseline/checkpoints/best.pt,2881492,ok,
ettm2_merge_n2,ettm2_merge_n2/80586/baseline/checkpoints/last.pt,2881492,ok,
ettm2_merge_n2,ettm2_merge_n2/80586/finetune_0/checkpoints/best.pt,2881492,ok,
ettm2_merge_n2,ettm2_merge_n2/80586/finetune_0/checkpoints/last.pt,2881492,ok,
ettm2_merge_n2,ettm2_merge_n2/80586/finetune_1/checkpoints/best.pt,2881492,ok,
ettm2_merge_n2,ettm2_merge_n2/80586/finetune_1/checkpoints/last.pt,2881492,ok,
ettm2_merge_n2,ettm2_merge_n2/80586/merged/checkpoints/best.pt,2877076,ok,
ettm2_merge_n3,ettm2_merge_n3/80587/baseline/checkpoints/best.pt,2881492,ok,
ettm2_merge_n3,ettm2_merge_n3/80587/baseline/checkpoints/last.pt,2881492,ok,
ettm2_merge_n3,ettm2_merge_n3/80587/finetune_0/checkpoints/best.pt,2881492,ok,
ettm2_merge_n3,ettm2_merge_n3/80587/finetune_0/checkpoints/last.pt,2881492,ok,
ettm2_merge_n3,ettm2_merge_n3/80587/finetune_1/checkpoints/best.pt,2881492,ok,
ettm2_merge_n3,ettm2_merge_n3/80587/finetune_1/checkpoints/last.pt,2881492,ok,
ettm2_merge_n3,ettm2_merge_n3/80587/finetune_2/checkpoints/best.pt,2881492,ok,
ettm2_merge_n3,ettm2_merge_n3/80587/finetune_2/checkpoints/last.pt,2881492,ok,
ettm2_merge_n3,ettm2_merge_n3/80587/merged/checkpoints/best.pt,2877076,ok,
ettm2_merge_n3,ettm2_merge_n3/80588/baseline/checkpoints/best.pt,2881492,ok,
ettm2_merge_n3,ettm2_merge_n3/80588/baseline/checkpoints/last.pt,2881492,ok,
ettm2_merge_n3,ettm2_merge_n3/80588/finetune_0/checkpoints/best.pt,2881492,ok,
ettm2_merge_n3,ettm2_merge_n3/80588/finetune_0/checkpoints/last.pt,2881492,ok,
ettm2_merge_n3,ettm2_merge_n3/80588/finetune_1/checkpoints/best.pt,2881492,ok,
ettm2_merge_n3,ettm2_merge_n3/80588/finetune_1/checkpoints/last.pt,2881492,ok,
ettm2_merge_n3,ettm2_merge_n3/80588/finetune_2/checkpoints/best.pt,2881492,ok,
ettm2_merge_n3,ettm2_merge_n3/80588/finetune_2/checkpoints/last.pt,2881492,ok,
ettm2_merge_n3,ettm2_merge_n3/80588/merged/checkpoints/best.pt,2877076,ok,
ettm2_merge_n3,ettm2_merge_n3/80589/baseline/checkpoints/best.pt,2881492,ok,
ettm2_merge_n3,ettm2_merge_n3/80589/baseline/checkpoints/last.pt,2881492,ok,
ettm2_merge_n3,ettm2_merge_n3/80589/finetune_0/checkpoints/best.pt,2881492,ok,
ettm2_merge_n3,ettm2_merge_n3/80589/finetune_0/checkpoints/last.pt,2881492,ok,
ettm2_merge_n3,ettm2_merge_n3/80589/finetune_1/checkpoints/best.pt,2881492,ok,
ettm2_merge_n3,ettm2_merge_n3/80589/finetune_1/checkpoints/last.pt,2881492,ok,
ettm2_merge_n3,ettm2_merge_n3/80589/finetune_2/checkpoints/best.pt,2881492,ok,
ettm2_merge_n3,ettm2_merge_n3/80589/finetune_2/checkpoints/last.pt,2881492,ok,
ettm2_merge_n3,ettm2_merge_n3/80589/merged/checkpoints/best.pt,2877076,ok,
ettm2_merge_n5,ettm2_merge_n5/80590/baseline/checkpoints/best.pt,2881492,ok,
ettm2_merge_n5,ettm2_merge_n5/80590/baseline/checkpoints/last.pt,2881492,ok,
ettm2_merge_n5,ettm2_merge_n5/80590/finetune_0/checkpoints/best.pt,2881492,ok,
ettm2_merge_n5,ettm2_merge_n5/80590/finetune_0/checkpoints/last.pt,2881492,ok,
ettm2_merge_n5,ettm2_merge_n5/80590/finetune_1/checkpoints/best.pt,2881492,ok,
ettm2_merge_n5,ettm2_merge_n5/80590/finetune_1/checkpoints/last.pt,2881492,ok,
ettm2_merge_n5,ettm2_merge_n5/80590/finetune_2/checkpoints/best.pt,2881492,ok,
ettm2_merge_n5,ettm2_merge_n5/80590/finetune_2/checkpoints/last.pt,2881492,ok,
ettm2_merge_n5,ettm2_merge_n5/80590/finetune_3/checkpoints/best.pt,2881492,ok,
ettm2_merge_n5,ettm2_merge_n5/80590/finetune_3/checkpoints/last.pt,2881492,ok,
ettm2_merge_n5,ettm2_merge_n5/80590/finetune_4/checkpoints/best.pt,2881492,ok,
ettm2_merge_n5,ettm2_merge_n5/80590/finetune_4/checkpoints/last.pt,2881492,ok,
ettm2_merge_n5,ettm2_merge_n5/80590/merged/checkpoints/best.pt,2877076,ok,
ettm2_merge_n5,ettm2_merge_n5/80591/baseline/checkpoints/best.pt,2881492,ok,
ettm2_merge_n5,ettm2_merge_n5/80591/baseline/checkpoints/last.pt,2881492,ok,
ettm2_merge_n5,ettm2_merge_n5/80591/finetune_0/checkpoints/best.pt,2881492,ok,
ettm2_merge_n5,ettm2_merge_n5/80591/finetune_0/checkpoints/last.pt,2881492,ok,
ettm2_merge_n5,ettm2_merge_n5/80591/finetune_1/checkpoints/best.pt,2881492,ok,
ettm2_merge_n5,ettm2_merge_n5/80591/finetune_1/checkpoints/last.pt,2881492,ok,
ettm2_merge_n5,ettm2_merge_n5/80591/finetune_2/checkpoints/best.pt,2881492,ok,
ettm2_merge_n5,ettm2_merge_n5/80591/finetune_2/checkpoints/last.pt,2881492,ok,
ettm2_merge_n5,ettm2_merge_n5/80591/finetune_3/checkpoints/best.pt,2881492,ok,
ettm2_merge_n5,ettm2_merge_n5/80591/finetune_3/checkpoints/last.pt,2881492,ok,
ettm2_merge_n5,ettm2_merge_n5/80591/finetune_4/checkpoints/best.pt,2881492,ok,
ettm2_merge_n5,ettm2_merge_n5/80591/finetune_4/checkpoints/last.pt,2881492,ok,
ettm2_merge_n5,ettm2_merge_n5/80591/merged/checkpoints/best.pt,2877076,ok,
ettm2_merge_n5,ettm2_merge_n5/80592/baseline/checkpoints/best.pt,2881492,ok,
ettm2_merge_n5,ettm2_merge_n5/80592/baseline/checkpoints/last.pt,2881492,ok,
ettm2_merge_n5,ettm2_merge_n5/80592/finetune_0/checkpoints/best.pt,2881492,ok,
ettm2_merge_n5,ettm2_merge_n5/80592/finetune_0/checkpoints/last.pt,2881492,ok,
ettm2_merge_n5,ettm2_merge_n5/80592/finetune_1/checkpoints/best.pt,2881492,ok,
ettm2_merge_n5,ettm2_merge_n5/80592/finetune_1/checkpoints/last.pt,2881492,ok,
ettm2_merge_n5,ettm2_merge_n5/80592/finetune_2/checkpoints/best.pt,2881492,ok,
ettm2_merge_n5,ettm2_merge_n5/80592/finetune_2/checkpoints/last.pt,2881492,ok,
ettm2_merge_n5,ettm2_merge_n5/80592/finetune_3/checkpoints/best.pt,2881492,ok,
ettm2_merge_n5,ettm2_merge_n5/80592/finetune_3/checkpoints/last.pt,2881492,ok,
ettm2_merge_n5,ettm2_merge_n5/80592/finetune_4/checkpoints/best.pt,2881492,ok,
ettm2_merge_n5,ettm2_merge_n5/80592/finetune_4/checkpoints/last.pt,2881492,ok,
ettm2_merge_n5,ettm2_merge_n5/80592/merged/checkpoints/best.pt,2877076,ok,
ettm2_window_W1,ettm2_window_W1/80575/baseline/checkpoints/best.pt,2881492,ok,
ettm2_window_W1,ettm2_window_W1/80575/baseline/checkpoints/last.pt,2881492,ok,
ettm2_window_W1,ettm2_window_W1/80575/finetune_0/checkpoints/best.pt,2881492,ok,
ettm2_window_W1,ettm2_window_W1/80575/finetune_0/checkpoints/last.pt,2881492,ok,
ettm2_window_W1,ettm2_window_W1/80575/merged/checkpoints/best.pt,2877076,ok,
ettm2_window_W1,ettm2_window_W1/80576/baseline/checkpoints/best.pt,2881492,ok,
ettm2_window_W1,ettm2_window_W1/80576/baseline/checkpoints/last.pt,2881492,ok,
ettm2_window_W1,ettm2_window_W1/80576/finetune_0/checkpoints/best.pt,2881492,ok,
ettm2_window_W1,ettm2_window_W1/80576/finetune_0/checkpoints/last.pt,2881492,ok,
ettm2_window_W1,ettm2_window_W1/80576/merged/checkpoints/best.pt,2877076,ok,
ettm2_window_W1,ettm2_window_W1/80577/baseline/checkpoints/best.pt,2881492,ok,
ettm2_window_W1,ettm2_window_W1/80577/baseline/checkpoints/last.pt,2881492,ok,
ettm2_window_W1,ettm2_window_W1/80577/finetune_0/checkpoints/best.pt,2881492,ok,
ettm2_window_W1,ettm2_window_W1/80577/finetune_0/checkpoints/last.pt,2881492,ok,
ettm2_window_W1,ettm2_window_W1/80577/merged/checkpoints/best.pt,2877076,ok,
ettm2_window_W2,ettm2_window_W2/80578/baseline/checkpoints/best.pt,2881492,ok,
ettm2_window_W2,ettm2_window_W2/80578/baseline/checkpoints/last.pt,2881492,ok,
ettm2_window_W2,ettm2_window_W2/80578/finetune_0/checkpoints/best.pt,2881492,ok,
ettm2_window_W2,ettm2_window_W2/80578/finetune_0/checkpoints/last.pt,2881492,ok,
ettm2_window_W2,ettm2_window_W2/80578/merged/checkpoints/best.pt,2877076,ok,
ettm2_window_W2,ettm2_window_W2/80579/baseline/checkpoints/best.pt,2881492,ok,
ettm2_window_W2,ettm2_window_W2/80579/baseline/checkpoints/last.pt,2881492,ok,
ettm2_window_W2,ettm2_window_W2/80579/finetune_0/checkpoints/best.pt,2881492,ok,
ettm2_window_W2,ettm2_window_W2/80579/finetune_0/checkpoints/last.pt,2881492,ok,
ettm2_window_W2,ettm2_window_W2/80579/merged/checkpoints/best.pt,2877076,ok,
ettm2_window_W2,ettm2_window_W2/80580/baseline/checkpoints/best.pt,2881492,ok,
ettm2_window_W2,ettm2_window_W2/80580/baseline/checkpoints/last.pt,2881492,ok,
ettm2_window_W2,ettm2_window_W2/80580/finetune_0/checkpoints/best.pt,2881492,ok,
ettm2_window_W2,ettm2_window_W2/80580/finetune_0/checkpoints/last.pt,2881492,ok,
ettm2_window_W2,ettm2_window_W2/80580/merged/checkpoints/best.pt,2877076,ok,
ettm2_window_W3,ettm2_window_W3/80581/baseline/checkpoints/best.pt,2881492,ok,
ettm2_window_W3,ettm2_window_W3/80581/baseline/checkpoints/last.pt,2881492,ok,
ettm2_window_W3,ettm2_window_W3/80581/finetune_0/checkpoints/best.pt,2881492,ok,
ettm2_window_W3,ettm2_window_W3/80581/finetune_0/checkpoints/last.pt,2881492,ok,
ettm2_window_W3,ettm2_window_W3/80581/merged/checkpoints/best.pt,2877076,ok,
ettm2_window_W3,ettm2_window_W3/80582/baseline/checkpoints/best.pt,2881492,ok,
ettm2_window_W3,ettm2_window_W3/80582/baseline/checkpoints/last.pt,2881492,ok,
ettm2_window_W3,ettm2_window_W3/80582/finetune_0/checkpoints/best.pt,2881492,ok,
ettm2_window_W3,ettm2_window_W3/80582/finetune_0/checkpoints/last.pt,2881492,ok,
ettm2_window_W3,ettm2_window_W3/80582/merged/checkpoints/best.pt,2877076,ok,
ettm2_window_W3,ettm2_window_W3/80583/baseline/checkpoints/best.pt,2881492,ok,
ettm2_window_W3,ettm2_window_W3/80583/baseline/checkpoints/last.pt,2881492,ok,
ettm2_window_W3,ettm2_window_W3/80583/finetune_0/checkpoints/best.pt,2881492,ok,
ettm2_window_W3,ettm2_window_W3/80583/finetune_0/checkpoints/last.pt,2881492,ok,
ettm2_window_W3,ettm2_window_W3/80583/merged/checkpoints/best.pt,2877076,ok,
exch_continual,exch_continual/79681/baseline/checkpoints/best.pt,2870740,ok,
exch_continual,exch_continual/79681/baseline/checkpoints/last.pt,2870740,ok,
exch_continual,exch_continual/79681/continual_0/checkpoints/best.pt,2870740,ok,
exch_continual,exch_continual/79681/continual_0/checkpoints/last.pt,2870740,ok,
exch_continual,exch_continual/79681/continual_1/checkpoints/best.pt,2870740,ok,
exch_continual,exch_continual/79681/continual_1/checkpoints/last.pt,2870740,ok,
exch_continual,exch_continual/79681/continual_2/checkpoints/best.pt,2870740,ok,
exch_continual,exch_continual/79681/continual_2/checkpoints/last.pt,2870740,ok,
exch_continual,exch_continual/79682/baseline/checkpoints/best.pt,2870740,ok,
exch_continual,exch_continual/79682/baseline/checkpoints/last.pt,2870740,ok,
exch_continual,exch_continual/79682/continual_0/checkpoints/best.pt,2870740,ok,
exch_continual,exch_continual/79682/continual_0/checkpoints/last.pt,2870740,ok,
exch_continual,exch_continual/79682/continual_1/checkpoints/best.pt,2870740,ok,
exch_continual,exch_continual/79682/continual_1/checkpoints/last.pt,2870740,ok,
exch_continual,exch_continual/79682/continual_2/checkpoints/best.pt,2870740,ok,
exch_continual,exch_continual/79682/continual_2/checkpoints/last.pt,2870740,ok,
exch_continual,exch_continual/79683/baseline/checkpoints/best.pt,2870740,ok,
exch_continual,exch_continual/79683/baseline/checkpoints/last.pt,2870740,ok,
exch_continual,exch_continual/79683/continual_0/checkpoints/best.pt,2870740,ok,
exch_continual,exch_continual/79683/continual_0/checkpoints/last.pt,2870740,ok,
exch_continual,exch_continual/79683/continual_1/checkpoints/best.pt,2870740,ok,
exch_continual,exch_continual/79683/continual_1/checkpoints/last.pt,2870740,ok,
exch_continual,exch_continual/79683/continual_2/checkpoints/best.pt,2870740,ok,
exch_continual,exch_continual/79683/continual_2/checkpoints/last.pt,2870740,ok,
exch_gate_standard,exch_gate_standard/79672/train/checkpoints/best.pt,2870740,ok,
exch_gate_standard,exch_gate_standard/79672/train/checkpoints/last.pt,2870740,ok,
exch_gate_standard,exch_gate_standard/80667/train/checkpoints/best.pt,2870740,ok,
exch_gate_standard,exch_gate_standard/80667/train/checkpoints/last.pt,2870740,ok,
exch_gate_standard,exch_gate_standard/80668/train/checkpoints/best.pt,2870740,ok,
exch_gate_standard,exch_gate_standard/80668/train/checkpoints/last.pt,2870740,ok,
exch_incremental,exch_incremental/79677/baseline/checkpoints/best.pt,2870740,ok,
exch_incremental,exch_incremental/79677/baseline/checkpoints/last.pt,2870740,ok,
exch_incremental,exch_incremental/79677/finetune_0/checkpoints/best.pt,2870740,ok,
exch_incremental,exch_incremental/79677/finetune_0/checkpoints/last.pt,2870740,ok,
exch_incremental,exch_incremental/79677/finetune_1/checkpoints/best.pt,2870740,ok,
exch_incremental,exch_incremental/79677/finetune_1/checkpoints/last.pt,2870740,ok,
exch_incremental,exch_incremental/79677/finetune_2/checkpoints/best.pt,2870740,ok,
exch_incremental,exch_incremental/79677/finetune_2/checkpoints/last.pt,2870740,ok,
exch_incremental,exch_incremental/79677/merged/checkpoints/best.pt,2866324,ok,
exch_incremental,exch_incremental/79678/baseline/checkpoints/best.pt,2870740,ok,
exch_incremental,exch_incremental/79678/baseline/checkpoints/last.pt,2870740,ok,
exch_incremental,exch_incremental/79678/finetune_0/checkpoints/best.pt,2870740,ok,
exch_incremental,exch_incremental/79678/finetune_0/checkpoints/last.pt,2870740,ok,
exch_incremental,exch_incremental/79678/finetune_1/checkpoints/best.pt,2870740,ok,
exch_incremental,exch_incremental/79678/finetune_1/checkpoints/last.pt,2870740,ok,
exch_incremental,exch_incremental/79678/finetune_2/checkpoints/best.pt,2870740,ok,
exch_incremental,exch_incremental/79678/finetune_2/checkpoints/last.pt,2870740,ok,
exch_incremental,exch_incremental/79678/merged/checkpoints/best.pt,2866324,ok,
exch_incremental,exch_incremental/80669/baseline/checkpoints/best.pt,2870740,ok,
exch_incremental,exch_incremental/80669/baseline/checkpoints/last.pt,2870740,ok,
exch_incremental,exch_incremental/80669/finetune_0/checkpoints/best.pt,2870740,ok,
exch_incremental,exch_incremental/80669/finetune_0/checkpoints/last.pt,2870740,ok,
exch_incremental,exch_incremental/80669/finetune_1/checkpoints/best.pt,2870740,ok,
exch_incremental,exch_incremental/80669/finetune_1/checkpoints/last.pt,2870740,ok,
exch_incremental,exch_incremental/80669/finetune_2/checkpoints/best.pt,2870740,ok,
exch_incremental,exch_incremental/80669/finetune_2/checkpoints/last.pt,2870740,ok,
exch_incremental,exch_incremental/80669/merged/checkpoints/best.pt,2866324,ok,
n1_etth1,n1_etth1/80371/baseline/checkpoints/best.pt,2881492,ok,
n1_etth1,n1_etth1/80371/baseline/checkpoints/last.pt,2881492,ok,
n1_etth1,n1_etth1/80371/finetune_0/checkpoints/best.pt,2881492,ok,
n1_etth1,n1_etth1/80371/finetune_0/checkpoints/last.pt,2881492,ok,
n1_etth1,n1_etth1/80371/merged/checkpoints/best.pt,2877076,ok,
n1_etth1,n1_etth1/80372/baseline/checkpoints/best.pt,2881492,ok,
n1_etth1,n1_etth1/80372/baseline/checkpoints/last.pt,2881492,ok,
n1_etth1,n1_etth1/80372/finetune_0/checkpoints/best.pt,2881492,ok,
n1_etth1,n1_etth1/80372/finetune_0/checkpoints/last.pt,2881492,ok,
n1_etth1,n1_etth1/80372/merged/checkpoints/best.pt,2877076,ok,
n1_etth1,n1_etth1/80373/baseline/checkpoints/best.pt,2881492,ok,
n1_etth1,n1_etth1/80373/baseline/checkpoints/last.pt,2881492,ok,
n1_etth1,n1_etth1/80373/finetune_0/checkpoints/best.pt,2881492,ok,
n1_etth1,n1_etth1/80373/finetune_0/checkpoints/last.pt,2881492,ok,
n1_etth1,n1_etth1/80373/merged/checkpoints/best.pt,2877076,ok,
n1_exchange,n1_exchange/80374/baseline/checkpoints/best.pt,2870740,ok,
n1_exchange,n1_exchange/80374/baseline/checkpoints/last.pt,2870740,ok,
n1_exchange,n1_exchange/80374/finetune_0/checkpoints/best.pt,2870740,ok,
n1_exchange,n1_exchange/80374/finetune_0/checkpoints/last.pt,2870740,ok,
n1_exchange,n1_exchange/80374/merged/checkpoints/best.pt,2866324,ok,
n1_exchange,n1_exchange/80375/baseline/checkpoints/best.pt,2870740,ok,
n1_exchange,n1_exchange/80375/baseline/checkpoints/last.pt,2870740,ok,
n1_exchange,n1_exchange/80375/finetune_0/checkpoints/best.pt,2870740,ok,
n1_exchange,n1_exchange/80375/finetune_0/checkpoints/last.pt,2870740,ok,
n1_exchange,n1_exchange/80375/merged/checkpoints/best.pt,2866324,ok,
n1_exchange,n1_exchange/80376/baseline/checkpoints/best.pt,2870740,ok,
n1_exchange,n1_exchange/80376/baseline/checkpoints/last.pt,2870740,ok,
n1_exchange,n1_exchange/80376/finetune_0/checkpoints/best.pt,2870740,ok,
n1_exchange,n1_exchange/80376/finetune_0/checkpoints/last.pt,2870740,ok,
n1_exchange,n1_exchange/80376/merged/checkpoints/best.pt,2866324,ok,
n1_psm,n1_psm/80370/baseline/checkpoints/best.pt,2612324,ok,
n1_psm,n1_psm/80370/baseline/checkpoints/last.pt,2612324,ok,
n1_psm,n1_psm/80370/finetune_0/checkpoints/best.pt,2612324,ok,
n1_psm,n1_psm/80370/finetune_0/checkpoints/last.pt,2612324,ok,
n1_psm,n1_psm/80370/merged/checkpoints/best.pt,2609380,ok,
n1_psm,n1_psm/80671/baseline/checkpoints/best.pt,2612324,ok,
n1_psm,n1_psm/80671/baseline/checkpoints/last.pt,2612324,ok,
n1_psm,n1_psm/80671/finetune_0/checkpoints/best.pt,2612324,ok,
n1_psm,n1_psm/80671/finetune_0/checkpoints/last.pt,2612324,ok,
n1_psm,n1_psm/80671/merged/checkpoints/best.pt,2609380,ok,
n1_psm,n1_psm/80672/baseline/checkpoints/best.pt,2612324,ok,
n1_psm,n1_psm/80672/baseline/checkpoints/last.pt,2612324,ok,
n1_psm,n1_psm/80672/finetune_0/checkpoints/best.pt,2612324,ok,
n1_psm,n1_psm/80672/finetune_0/checkpoints/last.pt,2612324,ok,
n1_psm,n1_psm/80672/merged/checkpoints/best.pt,2609380,ok,
n1_swat,n1_swat/80369/baseline/checkpoints/best.pt,7685796,ok,
n1_swat,n1_swat/80369/baseline/checkpoints/last.pt,7685796,ok,
n1_swat,n1_swat/80369/finetune_0/checkpoints/best.pt,7685796,ok,
n1_swat,n1_swat/80369/finetune_0/checkpoints/last.pt,7685796,ok,
n1_swat,n1_swat/80369/merged/checkpoints/best.pt,7682852,ok,
n1_swat,n1_swat/80673/baseline/checkpoints/best.pt,7685796,ok,
n1_swat,n1_swat/80673/baseline/checkpoints/last.pt,7685796,ok,
n1_swat,n1_swat/80673/finetune_0/checkpoints/best.pt,7685796,ok,
n1_swat,n1_swat/80673/finetune_0/checkpoints/last.pt,7685796,ok,
n1_swat,n1_swat/80673/merged/checkpoints/best.pt,7682852,ok,
n1_swat,n1_swat/80674/baseline/checkpoints/best.pt,7685796,ok,
n1_swat,n1_swat/80674/baseline/checkpoints/last.pt,7685796,ok,
n1_swat,n1_swat/80674/finetune_0/checkpoints/best.pt,7685796,ok,
n1_swat,n1_swat/80674/finetune_0/checkpoints/last.pt,7685796,ok,
n1_swat,n1_swat/80674/merged/checkpoints/best.pt,7682852,ok,
noisefloor_etth,noisefloor_etth/79353/baseline/checkpoints/best.pt,2881492,ok,
noisefloor_etth,noisefloor_etth/79353/baseline/checkpoints/last.pt,2881492,ok,
noisefloor_etth,noisefloor_etth/79353/finetune_0/checkpoints/best.pt,2881492,ok,
noisefloor_etth,noisefloor_etth/79353/finetune_0/checkpoints/last.pt,2881492,ok,
noisefloor_etth,noisefloor_etth/79353/finetune_1/checkpoints/best.pt,2881492,ok,
noisefloor_etth,noisefloor_etth/79353/finetune_1/checkpoints/last.pt,2881492,ok,
noisefloor_etth,noisefloor_etth/79353/finetune_2/checkpoints/best.pt,2881492,ok,
noisefloor_etth,noisefloor_etth/79353/finetune_2/checkpoints/last.pt,2881492,ok,
noisefloor_etth,noisefloor_etth/79353/merged/checkpoints/best.pt,2877076,ok,
noisefloor_etth,noisefloor_etth/79354/baseline/checkpoints/best.pt,2881492,ok,
noisefloor_etth,noisefloor_etth/79354/baseline/checkpoints/last.pt,2881492,ok,
noisefloor_etth,noisefloor_etth/79354/finetune_0/checkpoints/best.pt,2881492,ok,
noisefloor_etth,noisefloor_etth/79354/finetune_0/checkpoints/last.pt,2881492,ok,
noisefloor_etth,noisefloor_etth/79354/finetune_1/checkpoints/best.pt,2881492,ok,
noisefloor_etth,noisefloor_etth/79354/finetune_1/checkpoints/last.pt,2881492,ok,
noisefloor_etth,noisefloor_etth/79354/finetune_2/checkpoints/best.pt,2881492,ok,
noisefloor_etth,noisefloor_etth/79354/finetune_2/checkpoints/last.pt,2881492,ok,
noisefloor_etth,noisefloor_etth/79354/merged/checkpoints/best.pt,2877076,ok,
noisefloor_etth,noisefloor_etth/80675/baseline/checkpoints/best.pt,2881492,ok,
noisefloor_etth,noisefloor_etth/80675/baseline/checkpoints/last.pt,2881492,ok,
noisefloor_etth,noisefloor_etth/80675/finetune_0/checkpoints/best.pt,2881492,ok,
noisefloor_etth,noisefloor_etth/80675/finetune_0/checkpoints/last.pt,2881492,ok,
noisefloor_etth,noisefloor_etth/80675/finetune_1/checkpoints/best.pt,2881492,ok,
noisefloor_etth,noisefloor_etth/80675/finetune_1/checkpoints/last.pt,2881492,ok,
noisefloor_etth,noisefloor_etth/80675/finetune_2/checkpoints/best.pt,2881492,ok,
noisefloor_etth,noisefloor_etth/80675/finetune_2/checkpoints/last.pt,2881492,ok,
noisefloor_etth,noisefloor_etth/80675/merged/checkpoints/best.pt,2877076,ok,
noisefloor_psm,noisefloor_psm/79351/baseline/checkpoints/best.pt,2612324,ok,
noisefloor_psm,noisefloor_psm/79351/baseline/checkpoints/last.pt,2612324,ok,
noisefloor_psm,noisefloor_psm/79351/finetune_0/checkpoints/best.pt,2612324,ok,
noisefloor_psm,noisefloor_psm/79351/finetune_0/checkpoints/last.pt,2612324,ok,
noisefloor_psm,noisefloor_psm/79351/finetune_1/checkpoints/best.pt,2612324,ok,
noisefloor_psm,noisefloor_psm/79351/finetune_1/checkpoints/last.pt,2612324,ok,
noisefloor_psm,noisefloor_psm/79351/finetune_2/checkpoints/best.pt,2612324,ok,
noisefloor_psm,noisefloor_psm/79351/finetune_2/checkpoints/last.pt,2612324,ok,
noisefloor_psm,noisefloor_psm/79351/merged/checkpoints/best.pt,2609380,ok,
noisefloor_psm,noisefloor_psm/79352/baseline/checkpoints/best.pt,2612324,ok,
noisefloor_psm,noisefloor_psm/79352/baseline/checkpoints/last.pt,2612324,ok,
noisefloor_psm,noisefloor_psm/79352/finetune_0/checkpoints/best.pt,2612324,ok,
noisefloor_psm,noisefloor_psm/79352/finetune_0/checkpoints/last.pt,2612324,ok,
noisefloor_psm,noisefloor_psm/79352/finetune_1/checkpoints/best.pt,2612324,ok,
noisefloor_psm,noisefloor_psm/79352/finetune_1/checkpoints/last.pt,2612324,ok,
noisefloor_psm,noisefloor_psm/79352/finetune_2/checkpoints/best.pt,2612324,ok,
noisefloor_psm,noisefloor_psm/79352/finetune_2/checkpoints/last.pt,2612324,ok,
noisefloor_psm,noisefloor_psm/79352/merged/checkpoints/best.pt,2609380,ok,
noisefloor_psm,noisefloor_psm/80676/baseline/checkpoints/best.pt,2612324,ok,
noisefloor_psm,noisefloor_psm/80676/baseline/checkpoints/last.pt,2612324,ok,
noisefloor_psm,noisefloor_psm/80676/finetune_0/checkpoints/best.pt,2612324,ok,
noisefloor_psm,noisefloor_psm/80676/finetune_0/checkpoints/last.pt,2612324,ok,
noisefloor_psm,noisefloor_psm/80676/finetune_1/checkpoints/best.pt,2612324,ok,
noisefloor_psm,noisefloor_psm/80676/finetune_1/checkpoints/last.pt,2612324,ok,
noisefloor_psm,noisefloor_psm/80676/finetune_2/checkpoints/best.pt,2612324,ok,
noisefloor_psm,noisefloor_psm/80676/finetune_2/checkpoints/last.pt,2612324,ok,
noisefloor_psm,noisefloor_psm/80676/merged/checkpoints/best.pt,2609380,ok,
noisefloor_std_etth,noisefloor_std_etth/79444/train/checkpoints/best.pt,2881492,ok,
noisefloor_std_etth,noisefloor_std_etth/79444/train/checkpoints/last.pt,2881492,ok,
noisefloor_std_etth,noisefloor_std_etth/79445/train/checkpoints/best.pt,2881492,ok,
noisefloor_std_etth,noisefloor_std_etth/79445/train/checkpoints/last.pt,2881492,ok,
noisefloor_std_etth,noisefloor_std_etth/80677/train/checkpoints/best.pt,2881492,ok,
noisefloor_std_etth,noisefloor_std_etth/80677/train/checkpoints/last.pt,2881492,ok,
noisefloor_std_psm,noisefloor_std_psm/79442/train/checkpoints/best.pt,2612324,ok,
noisefloor_std_psm,noisefloor_std_psm/79442/train/checkpoints/last.pt,2612324,ok,
noisefloor_std_psm,noisefloor_std_psm/79443/train/checkpoints/best.pt,2612324,ok,
noisefloor_std_psm,noisefloor_std_psm/79443/train/checkpoints/last.pt,2612324,ok,
noisefloor_std_psm,noisefloor_std_psm/80678/train/checkpoints/best.pt,2612324,ok,
noisefloor_std_psm,noisefloor_std_psm/80678/train/checkpoints/last.pt,2612324,ok,
noisefloor_std_swat,noisefloor_std_swat/79440/train/checkpoints/best.pt,7685796,ok,
noisefloor_std_swat,noisefloor_std_swat/79440/train/checkpoints/last.pt,7685796,ok,
noisefloor_std_swat,noisefloor_std_swat/79441/train/checkpoints/best.pt,7685796,ok,
noisefloor_std_swat,noisefloor_std_swat/79441/train/checkpoints/last.pt,7685796,ok,
noisefloor_std_swat,noisefloor_std_swat/80679/train/checkpoints/best.pt,7685796,ok,
noisefloor_std_swat,noisefloor_std_swat/80679/train/checkpoints/last.pt,7685796,ok,
noisefloor_swat,noisefloor_swat/79349/baseline/checkpoints/best.pt,7685796,ok,
noisefloor_swat,noisefloor_swat/79349/baseline/checkpoints/last.pt,7685796,ok,
noisefloor_swat,noisefloor_swat/79349/finetune_0/checkpoints/best.pt,7685796,ok,
noisefloor_swat,noisefloor_swat/79349/finetune_0/checkpoints/last.pt,7685796,ok,
noisefloor_swat,noisefloor_swat/79349/finetune_1/checkpoints/best.pt,7685796,ok,
noisefloor_swat,noisefloor_swat/79349/finetune_1/checkpoints/last.pt,7685796,ok,
noisefloor_swat,noisefloor_swat/79349/finetune_2/checkpoints/best.pt,7685796,ok,
noisefloor_swat,noisefloor_swat/79349/finetune_2/checkpoints/last.pt,7685796,ok,
noisefloor_swat,noisefloor_swat/79349/merged/checkpoints/best.pt,7682852,ok,
noisefloor_swat,noisefloor_swat/79350/baseline/checkpoints/best.pt,7685796,ok,
noisefloor_swat,noisefloor_swat/79350/baseline/checkpoints/last.pt,7685796,ok,
noisefloor_swat,noisefloor_swat/79350/finetune_0/checkpoints/best.pt,7685796,ok,
noisefloor_swat,noisefloor_swat/79350/finetune_0/checkpoints/last.pt,7685796,ok,
noisefloor_swat,noisefloor_swat/79350/finetune_1/checkpoints/best.pt,7685796,ok,
noisefloor_swat,noisefloor_swat/79350/finetune_1/checkpoints/last.pt,7685796,ok,
noisefloor_swat,noisefloor_swat/79350/finetune_2/checkpoints/best.pt,7685796,ok,
noisefloor_swat,noisefloor_swat/79350/finetune_2/checkpoints/last.pt,7685796,ok,
noisefloor_swat,noisefloor_swat/79350/merged/checkpoints/best.pt,7682852,ok,
noisefloor_swat,noisefloor_swat/80680/baseline/checkpoints/best.pt,7685796,ok,
noisefloor_swat,noisefloor_swat/80680/baseline/checkpoints/last.pt,7685796,ok,
noisefloor_swat,noisefloor_swat/80680/finetune_0/checkpoints/best.pt,7685796,ok,
noisefloor_swat,noisefloor_swat/80680/finetune_0/checkpoints/last.pt,7685796,ok,
noisefloor_swat,noisefloor_swat/80680/finetune_1/checkpoints/best.pt,7685796,ok,
noisefloor_swat,noisefloor_swat/80680/finetune_1/checkpoints/last.pt,7685796,ok,
noisefloor_swat,noisefloor_swat/80680/finetune_2/checkpoints/best.pt,7685796,ok,
noisefloor_swat,noisefloor_swat/80680/finetune_2/checkpoints/last.pt,7685796,ok,
noisefloor_swat,noisefloor_swat/80680/merged/checkpoints/best.pt,7682852,ok,
opcm2_psm_opcm_became,opcm2_psm_opcm_became/85513/baseline/checkpoints/best.pt,2937108,ok,
opcm2_psm_opcm_became,opcm2_psm_opcm_became/85513/baseline/checkpoints/last.pt,2937108,ok,
opcm2_psm_opcm_became,opcm2_psm_opcm_became/85513/finetune_0/checkpoints/best.pt,2937108,ok,
opcm2_psm_opcm_became,opcm2_psm_opcm_became/85513/finetune_0/checkpoints/last.pt,2937108,ok,
opcm2_psm_opcm_became,opcm2_psm_opcm_became/85513/finetune_1/checkpoints/best.pt,2937108,ok,
opcm2_psm_opcm_became,opcm2_psm_opcm_became/85513/finetune_1/checkpoints/last.pt,2937108,ok,
opcm2_psm_opcm_became,opcm2_psm_opcm_became/85513/finetune_2/checkpoints/best.pt,2937108,ok,
opcm2_psm_opcm_became,opcm2_psm_opcm_became/85513/finetune_2/checkpoints/last.pt,2937108,ok,
opcm2_psm_opcm_became,opcm2_psm_opcm_became/85513/merged/checkpoints/best.pt,2932692,ok,
opcm2_psm_opcm_became,opcm2_psm_opcm_became/85514/baseline/checkpoints/best.pt,2937108,ok,
opcm2_psm_opcm_became,opcm2_psm_opcm_became/85514/baseline/checkpoints/last.pt,2937108,ok,
opcm2_psm_opcm_became,opcm2_psm_opcm_became/85514/finetune_0/checkpoints/best.pt,2937108,ok,
opcm2_psm_opcm_became,opcm2_psm_opcm_became/85514/finetune_0/checkpoints/last.pt,2937108,ok,
opcm2_psm_opcm_became,opcm2_psm_opcm_became/85514/finetune_1/checkpoints/best.pt,2937108,ok,
opcm2_psm_opcm_became,opcm2_psm_opcm_became/85514/finetune_1/checkpoints/last.pt,2937108,ok,
opcm2_psm_opcm_became,opcm2_psm_opcm_became/85514/finetune_2/checkpoints/best.pt,2937108,ok,
opcm2_psm_opcm_became,opcm2_psm_opcm_became/85514/finetune_2/checkpoints/last.pt,2937108,ok,
opcm2_psm_opcm_became,opcm2_psm_opcm_became/85514/merged/checkpoints/best.pt,2932692,ok,
opcm2_psm_opcm_became,opcm2_psm_opcm_became/85515/baseline/checkpoints/best.pt,2937108,ok,
opcm2_psm_opcm_became,opcm2_psm_opcm_became/85515/baseline/checkpoints/last.pt,2937108,ok,
opcm2_psm_opcm_became,opcm2_psm_opcm_became/85515/finetune_0/checkpoints/best.pt,2937108,ok,
opcm2_psm_opcm_became,opcm2_psm_opcm_became/85515/finetune_0/checkpoints/last.pt,2937108,ok,
opcm2_psm_opcm_became,opcm2_psm_opcm_became/85515/finetune_1/checkpoints/best.pt,2937108,ok,
opcm2_psm_opcm_became,opcm2_psm_opcm_became/85515/finetune_1/checkpoints/last.pt,2937108,ok,
opcm2_psm_opcm_became,opcm2_psm_opcm_became/85515/finetune_2/checkpoints/best.pt,2937108,ok,
opcm2_psm_opcm_became,opcm2_psm_opcm_became/85515/finetune_2/checkpoints/last.pt,2937108,ok,
opcm2_psm_opcm_became,opcm2_psm_opcm_became/85515/merged/checkpoints/best.pt,2932692,ok,
opcm2_psm_opcm_became_n2,opcm2_psm_opcm_became_n2/102110/baseline/checkpoints/best.pt,2937108,ok,
opcm2_psm_opcm_became_n2,opcm2_psm_opcm_became_n2/102110/baseline/checkpoints/last.pt,2937108,ok,
opcm2_psm_opcm_became_n2,opcm2_psm_opcm_became_n2/102110/finetune_0/checkpoints/best.pt,2937108,ok,
opcm2_psm_opcm_became_n2,opcm2_psm_opcm_became_n2/102110/finetune_0/checkpoints/last.pt,2937108,ok,
opcm2_psm_opcm_became_n2,opcm2_psm_opcm_became_n2/102110/finetune_1/checkpoints/best.pt,2937108,ok,
opcm2_psm_opcm_became_n2,opcm2_psm_opcm_became_n2/102110/finetune_1/checkpoints/last.pt,2937108,ok,
opcm2_psm_opcm_became_n2,opcm2_psm_opcm_became_n2/102110/merged/checkpoints/best.pt,2932692,ok,
opcm2_psm_opcm_became_n2,opcm2_psm_opcm_became_n2/102111/baseline/checkpoints/best.pt,2937108,ok,
opcm2_psm_opcm_became_n2,opcm2_psm_opcm_became_n2/102111/baseline/checkpoints/last.pt,2937108,ok,
opcm2_psm_opcm_became_n2,opcm2_psm_opcm_became_n2/102111/finetune_0/checkpoints/best.pt,2937108,ok,
opcm2_psm_opcm_became_n2,opcm2_psm_opcm_became_n2/102111/finetune_0/checkpoints/last.pt,2937108,ok,
opcm2_psm_opcm_became_n2,opcm2_psm_opcm_became_n2/102111/finetune_1/checkpoints/best.pt,2937108,ok,
opcm2_psm_opcm_became_n2,opcm2_psm_opcm_became_n2/102111/finetune_1/checkpoints/last.pt,2937108,ok,
opcm2_psm_opcm_became_n2,opcm2_psm_opcm_became_n2/102111/merged/checkpoints/best.pt,2932692,ok,
opcm2_psm_opcm_became_n2,opcm2_psm_opcm_became_n2/102112/baseline/checkpoints/best.pt,2937108,ok,
opcm2_psm_opcm_became_n2,opcm2_psm_opcm_became_n2/102112/baseline/checkpoints/last.pt,2937108,ok,
opcm2_psm_opcm_became_n2,opcm2_psm_opcm_became_n2/102112/finetune_0/checkpoints/best.pt,2937108,ok,
opcm2_psm_opcm_became_n2,opcm2_psm_opcm_became_n2/102112/finetune_0/checkpoints/last.pt,2937108,ok,
opcm2_psm_opcm_became_n2,opcm2_psm_opcm_became_n2/102112/finetune_1/checkpoints/best.pt,2937108,ok,
opcm2_psm_opcm_became_n2,opcm2_psm_opcm_became_n2/102112/finetune_1/checkpoints/last.pt,2937108,ok,
opcm2_psm_opcm_became_n2,opcm2_psm_opcm_became_n2/102112/merged/checkpoints/best.pt,2932692,ok,
opcm2_psm_opcm_became_n5,opcm2_psm_opcm_became_n5/102122/baseline/checkpoints/best.pt,2937108,ok,
opcm2_psm_opcm_became_n5,opcm2_psm_opcm_became_n5/102122/baseline/checkpoints/last.pt,2937108,ok,
opcm2_psm_opcm_became_n5,opcm2_psm_opcm_became_n5/102122/finetune_0/checkpoints/best.pt,2937108,ok,
opcm2_psm_opcm_became_n5,opcm2_psm_opcm_became_n5/102122/finetune_0/checkpoints/last.pt,2937108,ok,
opcm2_psm_opcm_became_n5,opcm2_psm_opcm_became_n5/102122/finetune_1/checkpoints/best.pt,2937108,ok,
opcm2_psm_opcm_became_n5,opcm2_psm_opcm_became_n5/102122/finetune_1/checkpoints/last.pt,2937108,ok,
opcm2_psm_opcm_became_n5,opcm2_psm_opcm_became_n5/102122/finetune_2/checkpoints/best.pt,2937108,ok,
opcm2_psm_opcm_became_n5,opcm2_psm_opcm_became_n5/102122/finetune_2/checkpoints/last.pt,2937108,ok,
opcm2_psm_opcm_became_n5,opcm2_psm_opcm_became_n5/102122/finetune_3/checkpoints/best.pt,2937108,ok,
opcm2_psm_opcm_became_n5,opcm2_psm_opcm_became_n5/102122/finetune_3/checkpoints/last.pt,2937108,ok,
opcm2_psm_opcm_became_n5,opcm2_psm_opcm_became_n5/102122/finetune_4/checkpoints/best.pt,2937108,ok,
opcm2_psm_opcm_became_n5,opcm2_psm_opcm_became_n5/102122/finetune_4/checkpoints/last.pt,2937108,ok,
opcm2_psm_opcm_became_n5,opcm2_psm_opcm_became_n5/102122/merged/checkpoints/best.pt,2932692,ok,
opcm2_psm_opcm_became_n5,opcm2_psm_opcm_became_n5/102123/baseline/checkpoints/best.pt,2937108,ok,
opcm2_psm_opcm_became_n5,opcm2_psm_opcm_became_n5/102123/baseline/checkpoints/last.pt,2937108,ok,
opcm2_psm_opcm_became_n5,opcm2_psm_opcm_became_n5/102123/finetune_0/checkpoints/best.pt,2937108,ok,
opcm2_psm_opcm_became_n5,opcm2_psm_opcm_became_n5/102123/finetune_0/checkpoints/last.pt,2937108,ok,
opcm2_psm_opcm_became_n5,opcm2_psm_opcm_became_n5/102123/finetune_1/checkpoints/best.pt,2937108,ok,
opcm2_psm_opcm_became_n5,opcm2_psm_opcm_became_n5/102123/finetune_1/checkpoints/last.pt,2937108,ok,
opcm2_psm_opcm_became_n5,opcm2_psm_opcm_became_n5/102123/finetune_2/checkpoints/best.pt,2937108,ok,
opcm2_psm_opcm_became_n5,opcm2_psm_opcm_became_n5/102123/finetune_2/checkpoints/last.pt,2937108,ok,
opcm2_psm_opcm_became_n5,opcm2_psm_opcm_became_n5/102123/finetune_3/checkpoints/best.pt,2937108,ok,
opcm2_psm_opcm_became_n5,opcm2_psm_opcm_became_n5/102123/finetune_3/checkpoints/last.pt,2937108,ok,
opcm2_psm_opcm_became_n5,opcm2_psm_opcm_became_n5/102123/finetune_4/checkpoints/best.pt,2937108,ok,
opcm2_psm_opcm_became_n5,opcm2_psm_opcm_became_n5/102123/finetune_4/checkpoints/last.pt,2937108,ok,
opcm2_psm_opcm_became_n5,opcm2_psm_opcm_became_n5/102123/merged/checkpoints/best.pt,2932692,ok,
opcm2_psm_opcm_became_n5,opcm2_psm_opcm_became_n5/102124/baseline/checkpoints/best.pt,2937108,ok,
opcm2_psm_opcm_became_n5,opcm2_psm_opcm_became_n5/102124/baseline/checkpoints/last.pt,2937108,ok,
opcm2_psm_opcm_became_n5,opcm2_psm_opcm_became_n5/102124/finetune_0/checkpoints/best.pt,2937108,ok,
opcm2_psm_opcm_became_n5,opcm2_psm_opcm_became_n5/102124/finetune_0/checkpoints/last.pt,2937108,ok,
opcm2_psm_opcm_became_n5,opcm2_psm_opcm_became_n5/102124/finetune_1/checkpoints/best.pt,2937108,ok,
opcm2_psm_opcm_became_n5,opcm2_psm_opcm_became_n5/102124/finetune_1/checkpoints/last.pt,2937108,ok,
opcm2_psm_opcm_became_n5,opcm2_psm_opcm_became_n5/102124/finetune_2/checkpoints/best.pt,2937108,ok,
opcm2_psm_opcm_became_n5,opcm2_psm_opcm_became_n5/102124/finetune_2/checkpoints/last.pt,2937108,ok,
opcm2_psm_opcm_became_n5,opcm2_psm_opcm_became_n5/102124/finetune_3/checkpoints/best.pt,2937108,ok,
opcm2_psm_opcm_became_n5,opcm2_psm_opcm_became_n5/102124/finetune_3/checkpoints/last.pt,2937108,ok,
opcm2_psm_opcm_became_n5,opcm2_psm_opcm_became_n5/102124/finetune_4/checkpoints/best.pt,2937108,ok,
opcm2_psm_opcm_became_n5,opcm2_psm_opcm_became_n5/102124/finetune_4/checkpoints/last.pt,2937108,ok,
opcm2_psm_opcm_became_n5,opcm2_psm_opcm_became_n5/102124/merged/checkpoints/best.pt,2932692,ok,
opcm2_psm_opcm_scale,opcm2_psm_opcm_scale/85507/baseline/checkpoints/best.pt,2937108,ok,
opcm2_psm_opcm_scale,opcm2_psm_opcm_scale/85507/baseline/checkpoints/last.pt,2937108,ok,
opcm2_psm_opcm_scale,opcm2_psm_opcm_scale/85507/finetune_0/checkpoints/best.pt,2937108,ok,
opcm2_psm_opcm_scale,opcm2_psm_opcm_scale/85507/finetune_0/checkpoints/last.pt,2937108,ok,
opcm2_psm_opcm_scale,opcm2_psm_opcm_scale/85507/finetune_1/checkpoints/best.pt,2937108,ok,
opcm2_psm_opcm_scale,opcm2_psm_opcm_scale/85507/finetune_1/checkpoints/last.pt,2937108,ok,
opcm2_psm_opcm_scale,opcm2_psm_opcm_scale/85507/finetune_2/checkpoints/best.pt,2937108,ok,
opcm2_psm_opcm_scale,opcm2_psm_opcm_scale/85507/finetune_2/checkpoints/last.pt,2937108,ok,
opcm2_psm_opcm_scale,opcm2_psm_opcm_scale/85507/merged/checkpoints/best.pt,2932692,ok,
opcm2_psm_opcm_scale,opcm2_psm_opcm_scale/85508/baseline/checkpoints/best.pt,2937108,ok,
opcm2_psm_opcm_scale,opcm2_psm_opcm_scale/85508/baseline/checkpoints/last.pt,2937108,ok,
opcm2_psm_opcm_scale,opcm2_psm_opcm_scale/85508/finetune_0/checkpoints/best.pt,2937108,ok,
opcm2_psm_opcm_scale,opcm2_psm_opcm_scale/85508/finetune_0/checkpoints/last.pt,2937108,ok,
opcm2_psm_opcm_scale,opcm2_psm_opcm_scale/85508/finetune_1/checkpoints/best.pt,2937108,ok,
opcm2_psm_opcm_scale,opcm2_psm_opcm_scale/85508/finetune_1/checkpoints/last.pt,2937108,ok,
opcm2_psm_opcm_scale,opcm2_psm_opcm_scale/85508/finetune_2/checkpoints/best.pt,2937108,ok,
opcm2_psm_opcm_scale,opcm2_psm_opcm_scale/85508/finetune_2/checkpoints/last.pt,2937108,ok,
opcm2_psm_opcm_scale,opcm2_psm_opcm_scale/85508/merged/checkpoints/best.pt,2932692,ok,
opcm2_psm_opcm_scale,opcm2_psm_opcm_scale/85509/baseline/checkpoints/best.pt,2937108,ok,
opcm2_psm_opcm_scale,opcm2_psm_opcm_scale/85509/baseline/checkpoints/last.pt,2937108,ok,
opcm2_psm_opcm_scale,opcm2_psm_opcm_scale/85509/finetune_0/checkpoints/best.pt,2937108,ok,
opcm2_psm_opcm_scale,opcm2_psm_opcm_scale/85509/finetune_0/checkpoints/last.pt,2937108,ok,
opcm2_psm_opcm_scale,opcm2_psm_opcm_scale/85509/finetune_1/checkpoints/best.pt,2937108,ok,
opcm2_psm_opcm_scale,opcm2_psm_opcm_scale/85509/finetune_1/checkpoints/last.pt,2937108,ok,
opcm2_psm_opcm_scale,opcm2_psm_opcm_scale/85509/finetune_2/checkpoints/best.pt,2937108,ok,
opcm2_psm_opcm_scale,opcm2_psm_opcm_scale/85509/finetune_2/checkpoints/last.pt,2937108,ok,
opcm2_psm_opcm_scale,opcm2_psm_opcm_scale/85509/merged/checkpoints/best.pt,2932692,ok,
opcm2_psm_opcm_scale_n2,opcm2_psm_opcm_scale_n2/102104/baseline/checkpoints/best.pt,2937108,ok,
opcm2_psm_opcm_scale_n2,opcm2_psm_opcm_scale_n2/102104/baseline/checkpoints/last.pt,2937108,ok,
opcm2_psm_opcm_scale_n2,opcm2_psm_opcm_scale_n2/102104/finetune_0/checkpoints/best.pt,2937108,ok,
opcm2_psm_opcm_scale_n2,opcm2_psm_opcm_scale_n2/102104/finetune_0/checkpoints/last.pt,2937108,ok,
opcm2_psm_opcm_scale_n2,opcm2_psm_opcm_scale_n2/102104/finetune_1/checkpoints/best.pt,2937108,ok,
opcm2_psm_opcm_scale_n2,opcm2_psm_opcm_scale_n2/102104/finetune_1/checkpoints/last.pt,2937108,ok,
opcm2_psm_opcm_scale_n2,opcm2_psm_opcm_scale_n2/102104/merged/checkpoints/best.pt,2932692,ok,
opcm2_psm_opcm_scale_n2,opcm2_psm_opcm_scale_n2/102105/baseline/checkpoints/best.pt,2937108,ok,
opcm2_psm_opcm_scale_n2,opcm2_psm_opcm_scale_n2/102105/baseline/checkpoints/last.pt,2937108,ok,
opcm2_psm_opcm_scale_n2,opcm2_psm_opcm_scale_n2/102105/finetune_0/checkpoints/best.pt,2937108,ok,
opcm2_psm_opcm_scale_n2,opcm2_psm_opcm_scale_n2/102105/finetune_0/checkpoints/last.pt,2937108,ok,
opcm2_psm_opcm_scale_n2,opcm2_psm_opcm_scale_n2/102105/finetune_1/checkpoints/best.pt,2937108,ok,
opcm2_psm_opcm_scale_n2,opcm2_psm_opcm_scale_n2/102105/finetune_1/checkpoints/last.pt,2937108,ok,
opcm2_psm_opcm_scale_n2,opcm2_psm_opcm_scale_n2/102105/merged/checkpoints/best.pt,2932692,ok,
opcm2_psm_opcm_scale_n2,opcm2_psm_opcm_scale_n2/102106/baseline/checkpoints/best.pt,2937108,ok,
opcm2_psm_opcm_scale_n2,opcm2_psm_opcm_scale_n2/102106/baseline/checkpoints/last.pt,2937108,ok,
opcm2_psm_opcm_scale_n2,opcm2_psm_opcm_scale_n2/102106/finetune_0/checkpoints/best.pt,2937108,ok,
opcm2_psm_opcm_scale_n2,opcm2_psm_opcm_scale_n2/102106/finetune_0/checkpoints/last.pt,2937108,ok,
opcm2_psm_opcm_scale_n2,opcm2_psm_opcm_scale_n2/102106/finetune_1/checkpoints/best.pt,2937108,ok,
opcm2_psm_opcm_scale_n2,opcm2_psm_opcm_scale_n2/102106/finetune_1/checkpoints/last.pt,2937108,ok,
opcm2_psm_opcm_scale_n2,opcm2_psm_opcm_scale_n2/102106/merged/checkpoints/best.pt,2932692,ok,
opcm2_psm_opcm_scale_n5,opcm2_psm_opcm_scale_n5/102116/baseline/checkpoints/best.pt,2937108,ok,
opcm2_psm_opcm_scale_n5,opcm2_psm_opcm_scale_n5/102116/baseline/checkpoints/last.pt,2937108,ok,
opcm2_psm_opcm_scale_n5,opcm2_psm_opcm_scale_n5/102116/finetune_0/checkpoints/best.pt,2937108,ok,
opcm2_psm_opcm_scale_n5,opcm2_psm_opcm_scale_n5/102116/finetune_0/checkpoints/last.pt,2937108,ok,
opcm2_psm_opcm_scale_n5,opcm2_psm_opcm_scale_n5/102116/finetune_1/checkpoints/best.pt,2937108,ok,
opcm2_psm_opcm_scale_n5,opcm2_psm_opcm_scale_n5/102116/finetune_1/checkpoints/last.pt,2937108,ok,
opcm2_psm_opcm_scale_n5,opcm2_psm_opcm_scale_n5/102116/finetune_2/checkpoints/best.pt,2937108,ok,
opcm2_psm_opcm_scale_n5,opcm2_psm_opcm_scale_n5/102116/finetune_2/checkpoints/last.pt,2937108,ok,
opcm2_psm_opcm_scale_n5,opcm2_psm_opcm_scale_n5/102116/finetune_3/checkpoints/best.pt,2937108,ok,
opcm2_psm_opcm_scale_n5,opcm2_psm_opcm_scale_n5/102116/finetune_3/checkpoints/last.pt,2937108,ok,
opcm2_psm_opcm_scale_n5,opcm2_psm_opcm_scale_n5/102116/finetune_4/checkpoints/best.pt,2937108,ok,
opcm2_psm_opcm_scale_n5,opcm2_psm_opcm_scale_n5/102116/finetune_4/checkpoints/last.pt,2937108,ok,
opcm2_psm_opcm_scale_n5,opcm2_psm_opcm_scale_n5/102116/merged/checkpoints/best.pt,2932692,ok,
opcm2_psm_opcm_scale_n5,opcm2_psm_opcm_scale_n5/102117/baseline/checkpoints/best.pt,2937108,ok,
opcm2_psm_opcm_scale_n5,opcm2_psm_opcm_scale_n5/102117/baseline/checkpoints/last.pt,2937108,ok,
opcm2_psm_opcm_scale_n5,opcm2_psm_opcm_scale_n5/102117/finetune_0/checkpoints/best.pt,2937108,ok,
opcm2_psm_opcm_scale_n5,opcm2_psm_opcm_scale_n5/102117/finetune_0/checkpoints/last.pt,2937108,ok,
opcm2_psm_opcm_scale_n5,opcm2_psm_opcm_scale_n5/102117/finetune_1/checkpoints/best.pt,2937108,ok,
opcm2_psm_opcm_scale_n5,opcm2_psm_opcm_scale_n5/102117/finetune_1/checkpoints/last.pt,2937108,ok,
opcm2_psm_opcm_scale_n5,opcm2_psm_opcm_scale_n5/102117/finetune_2/checkpoints/best.pt,2937108,ok,
opcm2_psm_opcm_scale_n5,opcm2_psm_opcm_scale_n5/102117/finetune_2/checkpoints/last.pt,2937108,ok,
opcm2_psm_opcm_scale_n5,opcm2_psm_opcm_scale_n5/102117/finetune_3/checkpoints/best.pt,2937108,ok,
opcm2_psm_opcm_scale_n5,opcm2_psm_opcm_scale_n5/102117/finetune_3/checkpoints/last.pt,2937108,ok,
opcm2_psm_opcm_scale_n5,opcm2_psm_opcm_scale_n5/102117/finetune_4/checkpoints/best.pt,2937108,ok,
opcm2_psm_opcm_scale_n5,opcm2_psm_opcm_scale_n5/102117/finetune_4/checkpoints/last.pt,2937108,ok,
opcm2_psm_opcm_scale_n5,opcm2_psm_opcm_scale_n5/102117/merged/checkpoints/best.pt,2932692,ok,
opcm2_psm_opcm_scale_n5,opcm2_psm_opcm_scale_n5/102118/baseline/checkpoints/best.pt,2937108,ok,
opcm2_psm_opcm_scale_n5,opcm2_psm_opcm_scale_n5/102118/baseline/checkpoints/last.pt,2937108,ok,
opcm2_psm_opcm_scale_n5,opcm2_psm_opcm_scale_n5/102118/finetune_0/checkpoints/best.pt,2937108,ok,
opcm2_psm_opcm_scale_n5,opcm2_psm_opcm_scale_n5/102118/finetune_0/checkpoints/last.pt,2937108,ok,
opcm2_psm_opcm_scale_n5,opcm2_psm_opcm_scale_n5/102118/finetune_1/checkpoints/best.pt,2937108,ok,
opcm2_psm_opcm_scale_n5,opcm2_psm_opcm_scale_n5/102118/finetune_1/checkpoints/last.pt,2937108,ok,
opcm2_psm_opcm_scale_n5,opcm2_psm_opcm_scale_n5/102118/finetune_2/checkpoints/best.pt,2937108,ok,
opcm2_psm_opcm_scale_n5,opcm2_psm_opcm_scale_n5/102118/finetune_2/checkpoints/last.pt,2937108,ok,
opcm2_psm_opcm_scale_n5,opcm2_psm_opcm_scale_n5/102118/finetune_3/checkpoints/best.pt,2937108,ok,
opcm2_psm_opcm_scale_n5,opcm2_psm_opcm_scale_n5/102118/finetune_3/checkpoints/last.pt,2937108,ok,
opcm2_psm_opcm_scale_n5,opcm2_psm_opcm_scale_n5/102118/finetune_4/checkpoints/best.pt,2937108,ok,
opcm2_psm_opcm_scale_n5,opcm2_psm_opcm_scale_n5/102118/finetune_4/checkpoints/last.pt,2937108,ok,
opcm2_psm_opcm_scale_n5,opcm2_psm_opcm_scale_n5/102118/merged/checkpoints/best.pt,2932692,ok,
opcm2_psm_sum_became,opcm2_psm_sum_became/85510/baseline/checkpoints/best.pt,2937108,ok,
opcm2_psm_sum_became,opcm2_psm_sum_became/85510/baseline/checkpoints/last.pt,2937108,ok,
opcm2_psm_sum_became,opcm2_psm_sum_became/85510/finetune_0/checkpoints/best.pt,2937108,ok,
opcm2_psm_sum_became,opcm2_psm_sum_became/85510/finetune_0/checkpoints/last.pt,2937108,ok,
opcm2_psm_sum_became,opcm2_psm_sum_became/85510/finetune_1/checkpoints/best.pt,2937108,ok,
opcm2_psm_sum_became,opcm2_psm_sum_became/85510/finetune_1/checkpoints/last.pt,2937108,ok,
opcm2_psm_sum_became,opcm2_psm_sum_became/85510/finetune_2/checkpoints/best.pt,2937108,ok,
opcm2_psm_sum_became,opcm2_psm_sum_became/85510/finetune_2/checkpoints/last.pt,2937108,ok,
opcm2_psm_sum_became,opcm2_psm_sum_became/85510/merged/checkpoints/best.pt,2932692,ok,
opcm2_psm_sum_became,opcm2_psm_sum_became/85511/baseline/checkpoints/best.pt,2937108,ok,
opcm2_psm_sum_became,opcm2_psm_sum_became/85511/baseline/checkpoints/last.pt,2937108,ok,
opcm2_psm_sum_became,opcm2_psm_sum_became/85511/finetune_0/checkpoints/best.pt,2937108,ok,
opcm2_psm_sum_became,opcm2_psm_sum_became/85511/finetune_0/checkpoints/last.pt,2937108,ok,
opcm2_psm_sum_became,opcm2_psm_sum_became/85511/finetune_1/checkpoints/best.pt,2937108,ok,
opcm2_psm_sum_became,opcm2_psm_sum_became/85511/finetune_1/checkpoints/last.pt,2937108,ok,
opcm2_psm_sum_became,opcm2_psm_sum_became/85511/finetune_2/checkpoints/best.pt,2937108,ok,
opcm2_psm_sum_became,opcm2_psm_sum_became/85511/finetune_2/checkpoints/last.pt,2937108,ok,
opcm2_psm_sum_became,opcm2_psm_sum_became/85511/merged/checkpoints/best.pt,2932692,ok,
opcm2_psm_sum_became,opcm2_psm_sum_became/85512/baseline/checkpoints/best.pt,2937108,ok,
opcm2_psm_sum_became,opcm2_psm_sum_became/85512/baseline/checkpoints/last.pt,2937108,ok,
opcm2_psm_sum_became,opcm2_psm_sum_became/85512/finetune_0/checkpoints/best.pt,2937108,ok,
opcm2_psm_sum_became,opcm2_psm_sum_became/85512/finetune_0/checkpoints/last.pt,2937108,ok,
opcm2_psm_sum_became,opcm2_psm_sum_became/85512/finetune_1/checkpoints/best.pt,2937108,ok,
opcm2_psm_sum_became,opcm2_psm_sum_became/85512/finetune_1/checkpoints/last.pt,2937108,ok,
opcm2_psm_sum_became,opcm2_psm_sum_became/85512/finetune_2/checkpoints/best.pt,2937108,ok,
opcm2_psm_sum_became,opcm2_psm_sum_became/85512/finetune_2/checkpoints/last.pt,2937108,ok,
opcm2_psm_sum_became,opcm2_psm_sum_became/85512/merged/checkpoints/best.pt,2932692,ok,
opcm2_psm_sum_became_n2,opcm2_psm_sum_became_n2/102107/baseline/checkpoints/best.pt,2937108,ok,
opcm2_psm_sum_became_n2,opcm2_psm_sum_became_n2/102107/baseline/checkpoints/last.pt,2937108,ok,
opcm2_psm_sum_became_n2,opcm2_psm_sum_became_n2/102107/finetune_0/checkpoints/best.pt,2937108,ok,
opcm2_psm_sum_became_n2,opcm2_psm_sum_became_n2/102107/finetune_0/checkpoints/last.pt,2937108,ok,
opcm2_psm_sum_became_n2,opcm2_psm_sum_became_n2/102107/finetune_1/checkpoints/best.pt,2937108,ok,
opcm2_psm_sum_became_n2,opcm2_psm_sum_became_n2/102107/finetune_1/checkpoints/last.pt,2937108,ok,
opcm2_psm_sum_became_n2,opcm2_psm_sum_became_n2/102107/merged/checkpoints/best.pt,2932692,ok,
opcm2_psm_sum_became_n2,opcm2_psm_sum_became_n2/102108/baseline/checkpoints/best.pt,2937108,ok,
opcm2_psm_sum_became_n2,opcm2_psm_sum_became_n2/102108/baseline/checkpoints/last.pt,2937108,ok,
opcm2_psm_sum_became_n2,opcm2_psm_sum_became_n2/102108/finetune_0/checkpoints/best.pt,2937108,ok,
opcm2_psm_sum_became_n2,opcm2_psm_sum_became_n2/102108/finetune_0/checkpoints/last.pt,2937108,ok,
opcm2_psm_sum_became_n2,opcm2_psm_sum_became_n2/102108/finetune_1/checkpoints/best.pt,2937108,ok,
opcm2_psm_sum_became_n2,opcm2_psm_sum_became_n2/102108/finetune_1/checkpoints/last.pt,2937108,ok,
opcm2_psm_sum_became_n2,opcm2_psm_sum_became_n2/102108/merged/checkpoints/best.pt,2932692,ok,
opcm2_psm_sum_became_n2,opcm2_psm_sum_became_n2/102109/baseline/checkpoints/best.pt,2937108,ok,
opcm2_psm_sum_became_n2,opcm2_psm_sum_became_n2/102109/baseline/checkpoints/last.pt,2937108,ok,
opcm2_psm_sum_became_n2,opcm2_psm_sum_became_n2/102109/finetune_0/checkpoints/best.pt,2937108,ok,
opcm2_psm_sum_became_n2,opcm2_psm_sum_became_n2/102109/finetune_0/checkpoints/last.pt,2937108,ok,
opcm2_psm_sum_became_n2,opcm2_psm_sum_became_n2/102109/finetune_1/checkpoints/best.pt,2937108,ok,
opcm2_psm_sum_became_n2,opcm2_psm_sum_became_n2/102109/finetune_1/checkpoints/last.pt,2937108,ok,
opcm2_psm_sum_became_n2,opcm2_psm_sum_became_n2/102109/merged/checkpoints/best.pt,2932692,ok,
opcm2_psm_sum_became_n5,opcm2_psm_sum_became_n5/102119/baseline/checkpoints/best.pt,2937108,ok,
opcm2_psm_sum_became_n5,opcm2_psm_sum_became_n5/102119/baseline/checkpoints/last.pt,2937108,ok,
opcm2_psm_sum_became_n5,opcm2_psm_sum_became_n5/102119/finetune_0/checkpoints/best.pt,2937108,ok,
opcm2_psm_sum_became_n5,opcm2_psm_sum_became_n5/102119/finetune_0/checkpoints/last.pt,2937108,ok,
opcm2_psm_sum_became_n5,opcm2_psm_sum_became_n5/102119/finetune_1/checkpoints/best.pt,2937108,ok,
opcm2_psm_sum_became_n5,opcm2_psm_sum_became_n5/102119/finetune_1/checkpoints/last.pt,2937108,ok,
opcm2_psm_sum_became_n5,opcm2_psm_sum_became_n5/102119/finetune_2/checkpoints/best.pt,2937108,ok,
opcm2_psm_sum_became_n5,opcm2_psm_sum_became_n5/102119/finetune_2/checkpoints/last.pt,2937108,ok,
opcm2_psm_sum_became_n5,opcm2_psm_sum_became_n5/102119/finetune_3/checkpoints/best.pt,2937108,ok,
opcm2_psm_sum_became_n5,opcm2_psm_sum_became_n5/102119/finetune_3/checkpoints/last.pt,2937108,ok,
opcm2_psm_sum_became_n5,opcm2_psm_sum_became_n5/102119/finetune_4/checkpoints/best.pt,2937108,ok,
opcm2_psm_sum_became_n5,opcm2_psm_sum_became_n5/102119/finetune_4/checkpoints/last.pt,2937108,ok,
opcm2_psm_sum_became_n5,opcm2_psm_sum_became_n5/102119/merged/checkpoints/best.pt,2932692,ok,
opcm2_psm_sum_became_n5,opcm2_psm_sum_became_n5/102120/baseline/checkpoints/best.pt,2937108,ok,
opcm2_psm_sum_became_n5,opcm2_psm_sum_became_n5/102120/baseline/checkpoints/last.pt,2937108,ok,
opcm2_psm_sum_became_n5,opcm2_psm_sum_became_n5/102120/finetune_0/checkpoints/best.pt,2937108,ok,
opcm2_psm_sum_became_n5,opcm2_psm_sum_became_n5/102120/finetune_0/checkpoints/last.pt,2937108,ok,
opcm2_psm_sum_became_n5,opcm2_psm_sum_became_n5/102120/finetune_1/checkpoints/best.pt,2937108,ok,
opcm2_psm_sum_became_n5,opcm2_psm_sum_became_n5/102120/finetune_1/checkpoints/last.pt,2937108,ok,
opcm2_psm_sum_became_n5,opcm2_psm_sum_became_n5/102120/finetune_2/checkpoints/best.pt,2937108,ok,
opcm2_psm_sum_became_n5,opcm2_psm_sum_became_n5/102120/finetune_2/checkpoints/last.pt,2937108,ok,
opcm2_psm_sum_became_n5,opcm2_psm_sum_became_n5/102120/finetune_3/checkpoints/best.pt,2937108,ok,
opcm2_psm_sum_became_n5,opcm2_psm_sum_became_n5/102120/finetune_3/checkpoints/last.pt,2937108,ok,
opcm2_psm_sum_became_n5,opcm2_psm_sum_became_n5/102120/finetune_4/checkpoints/best.pt,2937108,ok,
opcm2_psm_sum_became_n5,opcm2_psm_sum_became_n5/102120/finetune_4/checkpoints/last.pt,2937108,ok,
opcm2_psm_sum_became_n5,opcm2_psm_sum_became_n5/102120/merged/checkpoints/best.pt,2932692,ok,
opcm2_psm_sum_became_n5,opcm2_psm_sum_became_n5/102121/baseline/checkpoints/best.pt,2937108,ok,
opcm2_psm_sum_became_n5,opcm2_psm_sum_became_n5/102121/baseline/checkpoints/last.pt,2937108,ok,
opcm2_psm_sum_became_n5,opcm2_psm_sum_became_n5/102121/finetune_0/checkpoints/best.pt,2937108,ok,
opcm2_psm_sum_became_n5,opcm2_psm_sum_became_n5/102121/finetune_0/checkpoints/last.pt,2937108,ok,
opcm2_psm_sum_became_n5,opcm2_psm_sum_became_n5/102121/finetune_1/checkpoints/best.pt,2937108,ok,
opcm2_psm_sum_became_n5,opcm2_psm_sum_became_n5/102121/finetune_1/checkpoints/last.pt,2937108,ok,
opcm2_psm_sum_became_n5,opcm2_psm_sum_became_n5/102121/finetune_2/checkpoints/best.pt,2937108,ok,
opcm2_psm_sum_became_n5,opcm2_psm_sum_became_n5/102121/finetune_2/checkpoints/last.pt,2937108,ok,
opcm2_psm_sum_became_n5,opcm2_psm_sum_became_n5/102121/finetune_3/checkpoints/best.pt,2937108,ok,
opcm2_psm_sum_became_n5,opcm2_psm_sum_became_n5/102121/finetune_3/checkpoints/last.pt,2937108,ok,
opcm2_psm_sum_became_n5,opcm2_psm_sum_became_n5/102121/finetune_4/checkpoints/best.pt,2937108,ok,
opcm2_psm_sum_became_n5,opcm2_psm_sum_became_n5/102121/finetune_4/checkpoints/last.pt,2937108,ok,
opcm2_psm_sum_became_n5,opcm2_psm_sum_became_n5/102121/merged/checkpoints/best.pt,2932692,ok,
opcm2_psm_sum_scale,opcm2_psm_sum_scale/85504/baseline/checkpoints/best.pt,2937108,ok,
opcm2_psm_sum_scale,opcm2_psm_sum_scale/85504/baseline/checkpoints/last.pt,2937108,ok,
opcm2_psm_sum_scale,opcm2_psm_sum_scale/85504/finetune_0/checkpoints/best.pt,2937108,ok,
opcm2_psm_sum_scale,opcm2_psm_sum_scale/85504/finetune_0/checkpoints/last.pt,2937108,ok,
opcm2_psm_sum_scale,opcm2_psm_sum_scale/85504/finetune_1/checkpoints/best.pt,2937108,ok,
opcm2_psm_sum_scale,opcm2_psm_sum_scale/85504/finetune_1/checkpoints/last.pt,2937108,ok,
opcm2_psm_sum_scale,opcm2_psm_sum_scale/85504/finetune_2/checkpoints/best.pt,2937108,ok,
opcm2_psm_sum_scale,opcm2_psm_sum_scale/85504/finetune_2/checkpoints/last.pt,2937108,ok,
opcm2_psm_sum_scale,opcm2_psm_sum_scale/85504/merged/checkpoints/best.pt,2932692,ok,
opcm2_psm_sum_scale,opcm2_psm_sum_scale/85505/baseline/checkpoints/best.pt,2937108,ok,
opcm2_psm_sum_scale,opcm2_psm_sum_scale/85505/baseline/checkpoints/last.pt,2937108,ok,
opcm2_psm_sum_scale,opcm2_psm_sum_scale/85505/finetune_0/checkpoints/best.pt,2937108,ok,
opcm2_psm_sum_scale,opcm2_psm_sum_scale/85505/finetune_0/checkpoints/last.pt,2937108,ok,
opcm2_psm_sum_scale,opcm2_psm_sum_scale/85505/finetune_1/checkpoints/best.pt,2937108,ok,
opcm2_psm_sum_scale,opcm2_psm_sum_scale/85505/finetune_1/checkpoints/last.pt,2937108,ok,
opcm2_psm_sum_scale,opcm2_psm_sum_scale/85505/finetune_2/checkpoints/best.pt,2937108,ok,
opcm2_psm_sum_scale,opcm2_psm_sum_scale/85505/finetune_2/checkpoints/last.pt,2937108,ok,
opcm2_psm_sum_scale,opcm2_psm_sum_scale/85505/merged/checkpoints/best.pt,2932692,ok,
opcm2_psm_sum_scale,opcm2_psm_sum_scale/85506/baseline/checkpoints/best.pt,2937108,ok,
opcm2_psm_sum_scale,opcm2_psm_sum_scale/85506/baseline/checkpoints/last.pt,2937108,ok,
opcm2_psm_sum_scale,opcm2_psm_sum_scale/85506/finetune_0/checkpoints/best.pt,2937108,ok,
opcm2_psm_sum_scale,opcm2_psm_sum_scale/85506/finetune_0/checkpoints/last.pt,2937108,ok,
opcm2_psm_sum_scale,opcm2_psm_sum_scale/85506/finetune_1/checkpoints/best.pt,2937108,ok,
opcm2_psm_sum_scale,opcm2_psm_sum_scale/85506/finetune_1/checkpoints/last.pt,2937108,ok,
opcm2_psm_sum_scale,opcm2_psm_sum_scale/85506/finetune_2/checkpoints/best.pt,2937108,ok,
opcm2_psm_sum_scale,opcm2_psm_sum_scale/85506/finetune_2/checkpoints/last.pt,2937108,ok,
opcm2_psm_sum_scale,opcm2_psm_sum_scale/85506/merged/checkpoints/best.pt,2932692,ok,
opcm2_psm_sum_scale_n2,opcm2_psm_sum_scale_n2/102101/baseline/checkpoints/best.pt,2937108,ok,
opcm2_psm_sum_scale_n2,opcm2_psm_sum_scale_n2/102101/baseline/checkpoints/last.pt,2937108,ok,
opcm2_psm_sum_scale_n2,opcm2_psm_sum_scale_n2/102101/finetune_0/checkpoints/best.pt,2937108,ok,
opcm2_psm_sum_scale_n2,opcm2_psm_sum_scale_n2/102101/finetune_0/checkpoints/last.pt,2937108,ok,
opcm2_psm_sum_scale_n2,opcm2_psm_sum_scale_n2/102101/finetune_1/checkpoints/best.pt,2937108,ok,
opcm2_psm_sum_scale_n2,opcm2_psm_sum_scale_n2/102101/finetune_1/checkpoints/last.pt,2937108,ok,
opcm2_psm_sum_scale_n2,opcm2_psm_sum_scale_n2/102101/merged/checkpoints/best.pt,2932692,ok,
opcm2_psm_sum_scale_n2,opcm2_psm_sum_scale_n2/102102/baseline/checkpoints/best.pt,2937108,ok,
opcm2_psm_sum_scale_n2,opcm2_psm_sum_scale_n2/102102/baseline/checkpoints/last.pt,2937108,ok,
opcm2_psm_sum_scale_n2,opcm2_psm_sum_scale_n2/102102/finetune_0/checkpoints/best.pt,2937108,ok,
opcm2_psm_sum_scale_n2,opcm2_psm_sum_scale_n2/102102/finetune_0/checkpoints/last.pt,2937108,ok,
opcm2_psm_sum_scale_n2,opcm2_psm_sum_scale_n2/102102/finetune_1/checkpoints/best.pt,2937108,ok,
opcm2_psm_sum_scale_n2,opcm2_psm_sum_scale_n2/102102/finetune_1/checkpoints/last.pt,2937108,ok,
opcm2_psm_sum_scale_n2,opcm2_psm_sum_scale_n2/102102/merged/checkpoints/best.pt,2932692,ok,
opcm2_psm_sum_scale_n2,opcm2_psm_sum_scale_n2/102103/baseline/checkpoints/best.pt,2937108,ok,
opcm2_psm_sum_scale_n2,opcm2_psm_sum_scale_n2/102103/baseline/checkpoints/last.pt,2937108,ok,
opcm2_psm_sum_scale_n2,opcm2_psm_sum_scale_n2/102103/finetune_0/checkpoints/best.pt,2937108,ok,
opcm2_psm_sum_scale_n2,opcm2_psm_sum_scale_n2/102103/finetune_0/checkpoints/last.pt,2937108,ok,
opcm2_psm_sum_scale_n2,opcm2_psm_sum_scale_n2/102103/finetune_1/checkpoints/best.pt,2937108,ok,
opcm2_psm_sum_scale_n2,opcm2_psm_sum_scale_n2/102103/finetune_1/checkpoints/last.pt,2937108,ok,
opcm2_psm_sum_scale_n2,opcm2_psm_sum_scale_n2/102103/merged/checkpoints/best.pt,2932692,ok,
opcm2_psm_sum_scale_n5,opcm2_psm_sum_scale_n5/102113/baseline/checkpoints/best.pt,2937108,ok,
opcm2_psm_sum_scale_n5,opcm2_psm_sum_scale_n5/102113/baseline/checkpoints/last.pt,2937108,ok,
opcm2_psm_sum_scale_n5,opcm2_psm_sum_scale_n5/102113/finetune_0/checkpoints/best.pt,2937108,ok,
opcm2_psm_sum_scale_n5,opcm2_psm_sum_scale_n5/102113/finetune_0/checkpoints/last.pt,2937108,ok,
opcm2_psm_sum_scale_n5,opcm2_psm_sum_scale_n5/102113/finetune_1/checkpoints/best.pt,2937108,ok,
opcm2_psm_sum_scale_n5,opcm2_psm_sum_scale_n5/102113/finetune_1/checkpoints/last.pt,2937108,ok,
opcm2_psm_sum_scale_n5,opcm2_psm_sum_scale_n5/102113/finetune_2/checkpoints/best.pt,2937108,ok,
opcm2_psm_sum_scale_n5,opcm2_psm_sum_scale_n5/102113/finetune_2/checkpoints/last.pt,2937108,ok,
opcm2_psm_sum_scale_n5,opcm2_psm_sum_scale_n5/102113/finetune_3/checkpoints/best.pt,2937108,ok,
opcm2_psm_sum_scale_n5,opcm2_psm_sum_scale_n5/102113/finetune_3/checkpoints/last.pt,2937108,ok,
opcm2_psm_sum_scale_n5,opcm2_psm_sum_scale_n5/102113/finetune_4/checkpoints/best.pt,2937108,ok,
opcm2_psm_sum_scale_n5,opcm2_psm_sum_scale_n5/102113/finetune_4/checkpoints/last.pt,2937108,ok,
opcm2_psm_sum_scale_n5,opcm2_psm_sum_scale_n5/102113/merged/checkpoints/best.pt,2932692,ok,
opcm2_psm_sum_scale_n5,opcm2_psm_sum_scale_n5/102114/baseline/checkpoints/best.pt,2937108,ok,
opcm2_psm_sum_scale_n5,opcm2_psm_sum_scale_n5/102114/baseline/checkpoints/last.pt,2937108,ok,
opcm2_psm_sum_scale_n5,opcm2_psm_sum_scale_n5/102114/finetune_0/checkpoints/best.pt,2937108,ok,
opcm2_psm_sum_scale_n5,opcm2_psm_sum_scale_n5/102114/finetune_0/checkpoints/last.pt,2937108,ok,
opcm2_psm_sum_scale_n5,opcm2_psm_sum_scale_n5/102114/finetune_1/checkpoints/best.pt,2937108,ok,
opcm2_psm_sum_scale_n5,opcm2_psm_sum_scale_n5/102114/finetune_1/checkpoints/last.pt,2937108,ok,
opcm2_psm_sum_scale_n5,opcm2_psm_sum_scale_n5/102114/finetune_2/checkpoints/best.pt,2937108,ok,
opcm2_psm_sum_scale_n5,opcm2_psm_sum_scale_n5/102114/finetune_2/checkpoints/last.pt,2937108,ok,
opcm2_psm_sum_scale_n5,opcm2_psm_sum_scale_n5/102114/finetune_3/checkpoints/best.pt,2937108,ok,
opcm2_psm_sum_scale_n5,opcm2_psm_sum_scale_n5/102114/finetune_3/checkpoints/last.pt,2937108,ok,
opcm2_psm_sum_scale_n5,opcm2_psm_sum_scale_n5/102114/finetune_4/checkpoints/best.pt,2937108,ok,
opcm2_psm_sum_scale_n5,opcm2_psm_sum_scale_n5/102114/finetune_4/checkpoints/last.pt,2937108,ok,
opcm2_psm_sum_scale_n5,opcm2_psm_sum_scale_n5/102114/merged/checkpoints/best.pt,2932692,ok,
opcm2_psm_sum_scale_n5,opcm2_psm_sum_scale_n5/102115/baseline/checkpoints/best.pt,2937108,ok,
opcm2_psm_sum_scale_n5,opcm2_psm_sum_scale_n5/102115/baseline/checkpoints/last.pt,2937108,ok,
opcm2_psm_sum_scale_n5,opcm2_psm_sum_scale_n5/102115/finetune_0/checkpoints/best.pt,2937108,ok,
opcm2_psm_sum_scale_n5,opcm2_psm_sum_scale_n5/102115/finetune_0/checkpoints/last.pt,2937108,ok,
opcm2_psm_sum_scale_n5,opcm2_psm_sum_scale_n5/102115/finetune_1/checkpoints/best.pt,2937108,ok,
opcm2_psm_sum_scale_n5,opcm2_psm_sum_scale_n5/102115/finetune_1/checkpoints/last.pt,2937108,ok,
opcm2_psm_sum_scale_n5,opcm2_psm_sum_scale_n5/102115/finetune_2/checkpoints/best.pt,2937108,ok,
opcm2_psm_sum_scale_n5,opcm2_psm_sum_scale_n5/102115/finetune_2/checkpoints/last.pt,2937108,ok,
opcm2_psm_sum_scale_n5,opcm2_psm_sum_scale_n5/102115/finetune_3/checkpoints/best.pt,2937108,ok,
opcm2_psm_sum_scale_n5,opcm2_psm_sum_scale_n5/102115/finetune_3/checkpoints/last.pt,2937108,ok,
opcm2_psm_sum_scale_n5,opcm2_psm_sum_scale_n5/102115/finetune_4/checkpoints/best.pt,2937108,ok,
opcm2_psm_sum_scale_n5,opcm2_psm_sum_scale_n5/102115/finetune_4/checkpoints/last.pt,2937108,ok,
opcm2_psm_sum_scale_n5,opcm2_psm_sum_scale_n5/102115/merged/checkpoints/best.pt,2932692,ok,
opcm2_psm_thr03,opcm2_psm_thr03/85525/baseline/checkpoints/best.pt,2937108,ok,
opcm2_psm_thr03,opcm2_psm_thr03/85525/baseline/checkpoints/last.pt,2937108,ok,
opcm2_psm_thr03,opcm2_psm_thr03/85525/finetune_0/checkpoints/best.pt,2937108,ok,
opcm2_psm_thr03,opcm2_psm_thr03/85525/finetune_0/checkpoints/last.pt,2937108,ok,
opcm2_psm_thr03,opcm2_psm_thr03/85525/finetune_1/checkpoints/best.pt,2937108,ok,
opcm2_psm_thr03,opcm2_psm_thr03/85525/finetune_1/checkpoints/last.pt,2937108,ok,
opcm2_psm_thr03,opcm2_psm_thr03/85525/finetune_2/checkpoints/best.pt,2937108,ok,
opcm2_psm_thr03,opcm2_psm_thr03/85525/finetune_2/checkpoints/last.pt,2937108,ok,
opcm2_psm_thr03,opcm2_psm_thr03/85525/merged/checkpoints/best.pt,2932692,ok,
opcm2_psm_thr03,opcm2_psm_thr03/85526/baseline/checkpoints/best.pt,2937108,ok,
opcm2_psm_thr03,opcm2_psm_thr03/85526/baseline/checkpoints/last.pt,2937108,ok,
opcm2_psm_thr03,opcm2_psm_thr03/85526/finetune_0/checkpoints/best.pt,2937108,ok,
opcm2_psm_thr03,opcm2_psm_thr03/85526/finetune_0/checkpoints/last.pt,2937108,ok,
opcm2_psm_thr03,opcm2_psm_thr03/85526/finetune_1/checkpoints/best.pt,2937108,ok,
opcm2_psm_thr03,opcm2_psm_thr03/85526/finetune_1/checkpoints/last.pt,2937108,ok,
opcm2_psm_thr03,opcm2_psm_thr03/85526/finetune_2/checkpoints/best.pt,2937108,ok,
opcm2_psm_thr03,opcm2_psm_thr03/85526/finetune_2/checkpoints/last.pt,2937108,ok,
opcm2_psm_thr03,opcm2_psm_thr03/85526/merged/checkpoints/best.pt,2932692,ok,
opcm2_psm_thr03,opcm2_psm_thr03/85527/baseline/checkpoints/best.pt,2937108,ok,
opcm2_psm_thr03,opcm2_psm_thr03/85527/baseline/checkpoints/last.pt,2937108,ok,
opcm2_psm_thr03,opcm2_psm_thr03/85527/finetune_0/checkpoints/best.pt,2937108,ok,
opcm2_psm_thr03,opcm2_psm_thr03/85527/finetune_0/checkpoints/last.pt,2937108,ok,
opcm2_psm_thr03,opcm2_psm_thr03/85527/finetune_1/checkpoints/best.pt,2937108,ok,
opcm2_psm_thr03,opcm2_psm_thr03/85527/finetune_1/checkpoints/last.pt,2937108,ok,
opcm2_psm_thr03,opcm2_psm_thr03/85527/finetune_2/checkpoints/best.pt,2937108,ok,
opcm2_psm_thr03,opcm2_psm_thr03/85527/finetune_2/checkpoints/last.pt,2937108,ok,
opcm2_psm_thr03,opcm2_psm_thr03/85527/merged/checkpoints/best.pt,2932692,ok,
opcm2_psm_thr04,opcm2_psm_thr04/85528/baseline/checkpoints/best.pt,2937108,ok,
opcm2_psm_thr04,opcm2_psm_thr04/85528/baseline/checkpoints/last.pt,2937108,ok,
opcm2_psm_thr04,opcm2_psm_thr04/85528/finetune_0/checkpoints/best.pt,2937108,ok,
opcm2_psm_thr04,opcm2_psm_thr04/85528/finetune_0/checkpoints/last.pt,2937108,ok,
opcm2_psm_thr04,opcm2_psm_thr04/85528/finetune_1/checkpoints/best.pt,2937108,ok,
opcm2_psm_thr04,opcm2_psm_thr04/85528/finetune_1/checkpoints/last.pt,2937108,ok,
opcm2_psm_thr04,opcm2_psm_thr04/85528/finetune_2/checkpoints/best.pt,2937108,ok,
opcm2_psm_thr04,opcm2_psm_thr04/85528/finetune_2/checkpoints/last.pt,2937108,ok,
opcm2_psm_thr04,opcm2_psm_thr04/85528/merged/checkpoints/best.pt,2932692,ok,
opcm2_psm_thr04,opcm2_psm_thr04/85529/baseline/checkpoints/best.pt,2937108,ok,
opcm2_psm_thr04,opcm2_psm_thr04/85529/baseline/checkpoints/last.pt,2937108,ok,
opcm2_psm_thr04,opcm2_psm_thr04/85529/finetune_0/checkpoints/best.pt,2937108,ok,
opcm2_psm_thr04,opcm2_psm_thr04/85529/finetune_0/checkpoints/last.pt,2937108,ok,
opcm2_psm_thr04,opcm2_psm_thr04/85529/finetune_1/checkpoints/best.pt,2937108,ok,
opcm2_psm_thr04,opcm2_psm_thr04/85529/finetune_1/checkpoints/last.pt,2937108,ok,
opcm2_psm_thr04,opcm2_psm_thr04/85529/finetune_2/checkpoints/best.pt,2937108,ok,
opcm2_psm_thr04,opcm2_psm_thr04/85529/finetune_2/checkpoints/last.pt,2937108,ok,
opcm2_psm_thr04,opcm2_psm_thr04/85529/merged/checkpoints/best.pt,2932692,ok,
opcm2_psm_thr04,opcm2_psm_thr04/85530/baseline/checkpoints/best.pt,2937108,ok,
opcm2_psm_thr04,opcm2_psm_thr04/85530/baseline/checkpoints/last.pt,2937108,ok,
opcm2_psm_thr04,opcm2_psm_thr04/85530/finetune_0/checkpoints/best.pt,2937108,ok,
opcm2_psm_thr04,opcm2_psm_thr04/85530/finetune_0/checkpoints/last.pt,2937108,ok,
opcm2_psm_thr04,opcm2_psm_thr04/85530/finetune_1/checkpoints/best.pt,2937108,ok,
opcm2_psm_thr04,opcm2_psm_thr04/85530/finetune_1/checkpoints/last.pt,2937108,ok,
opcm2_psm_thr04,opcm2_psm_thr04/85530/finetune_2/checkpoints/best.pt,2937108,ok,
opcm2_psm_thr04,opcm2_psm_thr04/85530/finetune_2/checkpoints/last.pt,2937108,ok,
opcm2_psm_thr04,opcm2_psm_thr04/85530/merged/checkpoints/best.pt,2932692,ok,
opcm2_psm_thr06,opcm2_psm_thr06/85531/baseline/checkpoints/best.pt,2937108,ok,
opcm2_psm_thr06,opcm2_psm_thr06/85531/baseline/checkpoints/last.pt,2937108,ok,
opcm2_psm_thr06,opcm2_psm_thr06/85531/finetune_0/checkpoints/best.pt,2937108,ok,
opcm2_psm_thr06,opcm2_psm_thr06/85531/finetune_0/checkpoints/last.pt,2937108,ok,
opcm2_psm_thr06,opcm2_psm_thr06/85531/finetune_1/checkpoints/best.pt,2937108,ok,
opcm2_psm_thr06,opcm2_psm_thr06/85531/finetune_1/checkpoints/last.pt,2937108,ok,
opcm2_psm_thr06,opcm2_psm_thr06/85531/finetune_2/checkpoints/best.pt,2937108,ok,
opcm2_psm_thr06,opcm2_psm_thr06/85531/finetune_2/checkpoints/last.pt,2937108,ok,
opcm2_psm_thr06,opcm2_psm_thr06/85531/merged/checkpoints/best.pt,2932692,ok,
opcm2_psm_thr06,opcm2_psm_thr06/85532/baseline/checkpoints/best.pt,2937108,ok,
opcm2_psm_thr06,opcm2_psm_thr06/85532/baseline/checkpoints/last.pt,2937108,ok,
opcm2_psm_thr06,opcm2_psm_thr06/85532/finetune_0/checkpoints/best.pt,2937108,ok,
opcm2_psm_thr06,opcm2_psm_thr06/85532/finetune_0/checkpoints/last.pt,2937108,ok,
opcm2_psm_thr06,opcm2_psm_thr06/85532/finetune_1/checkpoints/best.pt,2937108,ok,
opcm2_psm_thr06,opcm2_psm_thr06/85532/finetune_1/checkpoints/last.pt,2937108,ok,
opcm2_psm_thr06,opcm2_psm_thr06/85532/finetune_2/checkpoints/best.pt,2937108,ok,
opcm2_psm_thr06,opcm2_psm_thr06/85532/finetune_2/checkpoints/last.pt,2937108,ok,
opcm2_psm_thr06,opcm2_psm_thr06/85532/merged/checkpoints/best.pt,2932692,ok,
opcm2_psm_thr06,opcm2_psm_thr06/85533/baseline/checkpoints/best.pt,2937108,ok,
opcm2_psm_thr06,opcm2_psm_thr06/85533/baseline/checkpoints/last.pt,2937108,ok,
opcm2_psm_thr06,opcm2_psm_thr06/85533/finetune_0/checkpoints/best.pt,2937108,ok,
opcm2_psm_thr06,opcm2_psm_thr06/85533/finetune_0/checkpoints/last.pt,2937108,ok,
opcm2_psm_thr06,opcm2_psm_thr06/85533/finetune_1/checkpoints/best.pt,2937108,ok,
opcm2_psm_thr06,opcm2_psm_thr06/85533/finetune_1/checkpoints/last.pt,2937108,ok,
opcm2_psm_thr06,opcm2_psm_thr06/85533/finetune_2/checkpoints/best.pt,2937108,ok,
opcm2_psm_thr06,opcm2_psm_thr06/85533/finetune_2/checkpoints/last.pt,2937108,ok,
opcm2_psm_thr06,opcm2_psm_thr06/85533/merged/checkpoints/best.pt,2932692,ok,
opcm2_psm_thr07,opcm2_psm_thr07/85534/baseline/checkpoints/best.pt,2937108,ok,
opcm2_psm_thr07,opcm2_psm_thr07/85534/baseline/checkpoints/last.pt,2937108,ok,
opcm2_psm_thr07,opcm2_psm_thr07/85534/finetune_0/checkpoints/best.pt,2937108,ok,
opcm2_psm_thr07,opcm2_psm_thr07/85534/finetune_0/checkpoints/last.pt,2937108,ok,
opcm2_psm_thr07,opcm2_psm_thr07/85534/finetune_1/checkpoints/best.pt,2937108,ok,
opcm2_psm_thr07,opcm2_psm_thr07/85534/finetune_1/checkpoints/last.pt,2937108,ok,
opcm2_psm_thr07,opcm2_psm_thr07/85534/finetune_2/checkpoints/best.pt,2937108,ok,
opcm2_psm_thr07,opcm2_psm_thr07/85534/finetune_2/checkpoints/last.pt,2937108,ok,
opcm2_psm_thr07,opcm2_psm_thr07/85534/merged/checkpoints/best.pt,2932692,ok,
opcm2_psm_thr07,opcm2_psm_thr07/85535/baseline/checkpoints/best.pt,2937108,ok,
opcm2_psm_thr07,opcm2_psm_thr07/85535/baseline/checkpoints/last.pt,2937108,ok,
opcm2_psm_thr07,opcm2_psm_thr07/85535/finetune_0/checkpoints/best.pt,2937108,ok,
opcm2_psm_thr07,opcm2_psm_thr07/85535/finetune_0/checkpoints/last.pt,2937108,ok,
opcm2_psm_thr07,opcm2_psm_thr07/85535/finetune_1/checkpoints/best.pt,2937108,ok,
opcm2_psm_thr07,opcm2_psm_thr07/85535/finetune_1/checkpoints/last.pt,2937108,ok,
opcm2_psm_thr07,opcm2_psm_thr07/85535/finetune_2/checkpoints/best.pt,2937108,ok,
opcm2_psm_thr07,opcm2_psm_thr07/85535/finetune_2/checkpoints/last.pt,2937108,ok,
opcm2_psm_thr07,opcm2_psm_thr07/85535/merged/checkpoints/best.pt,2932692,ok,
opcm2_psm_thr07,opcm2_psm_thr07/85536/baseline/checkpoints/best.pt,2937108,ok,
opcm2_psm_thr07,opcm2_psm_thr07/85536/baseline/checkpoints/last.pt,2937108,ok,
opcm2_psm_thr07,opcm2_psm_thr07/85536/finetune_0/checkpoints/best.pt,2937108,ok,
opcm2_psm_thr07,opcm2_psm_thr07/85536/finetune_0/checkpoints/last.pt,2937108,ok,
opcm2_psm_thr07,opcm2_psm_thr07/85536/finetune_1/checkpoints/best.pt,2937108,ok,
opcm2_psm_thr07,opcm2_psm_thr07/85536/finetune_1/checkpoints/last.pt,2937108,ok,
opcm2_psm_thr07,opcm2_psm_thr07/85536/finetune_2/checkpoints/best.pt,2937108,ok,
opcm2_psm_thr07,opcm2_psm_thr07/85536/finetune_2/checkpoints/last.pt,2937108,ok,
opcm2_psm_thr07,opcm2_psm_thr07/85536/merged/checkpoints/best.pt,2932692,ok,
origin_etth1_joint_f075,origin_etth1_joint_f075/84470/train/checkpoints/best.pt,2881492,ok,
origin_etth1_joint_f075,origin_etth1_joint_f075/84470/train/checkpoints/last.pt,2881492,ok,
origin_etth1_joint_f075,origin_etth1_joint_f075/84478_13/train/checkpoints/best.pt,2881492,ok,
origin_etth1_joint_f075,origin_etth1_joint_f075/84478_13/train/checkpoints/last.pt,2881492,ok,
origin_etth1_joint_f075,origin_etth1_joint_f075/84478_14/train/checkpoints/best.pt,2881492,ok,
origin_etth1_joint_f075,origin_etth1_joint_f075/84478_14/train/checkpoints/last.pt,2881492,ok,
origin_etth1_joint_f0875,origin_etth1_joint_f0875/84470/train/checkpoints/best.pt,2881492,ok,
origin_etth1_joint_f0875,origin_etth1_joint_f0875/84470/train/checkpoints/last.pt,2881492,ok,
origin_etth1_joint_f0875,origin_etth1_joint_f0875/84478_15/train/checkpoints/best.pt,2881492,ok,
origin_etth1_joint_f0875,origin_etth1_joint_f0875/84478_15/train/checkpoints/last.pt,2881492,ok,
origin_etth1_joint_f0875,origin_etth1_joint_f0875/84478_16/train/checkpoints/best.pt,2881492,ok,
origin_etth1_joint_f0875,origin_etth1_joint_f0875/84478_16/train/checkpoints/last.pt,2881492,ok,
origin_etth1_joint_f10,origin_etth1_joint_f10/84470/train/checkpoints/best.pt,2881492,ok,
origin_etth1_joint_f10,origin_etth1_joint_f10/84470/train/checkpoints/last.pt,2881492,ok,
origin_etth1_joint_f10,origin_etth1_joint_f10/84478_17/train/checkpoints/best.pt,2881492,ok,
origin_etth1_joint_f10,origin_etth1_joint_f10/84478_17/train/checkpoints/last.pt,2881492,ok,
origin_etth1_joint_f10,origin_etth1_joint_f10/84478_18/train/checkpoints/best.pt,2881492,ok,
origin_etth1_joint_f10,origin_etth1_joint_f10/84478_18/train/checkpoints/last.pt,2881492,ok,
origin_etth1_merge_f075,origin_etth1_merge_f075/84470/baseline/checkpoints/best.pt,2881492,ok,
origin_etth1_merge_f075,origin_etth1_merge_f075/84470/baseline/checkpoints/last.pt,2881492,ok,
origin_etth1_merge_f075,origin_etth1_merge_f075/84470/finetune_0/checkpoints/best.pt,2881492,ok,
origin_etth1_merge_f075,origin_etth1_merge_f075/84470/finetune_0/checkpoints/last.pt,2881492,ok,
origin_etth1_merge_f075,origin_etth1_merge_f075/84470/finetune_1/checkpoints/best.pt,2881492,ok,
origin_etth1_merge_f075,origin_etth1_merge_f075/84470/finetune_1/checkpoints/last.pt,2881492,ok,
origin_etth1_merge_f075,origin_etth1_merge_f075/84470/finetune_2/checkpoints/best.pt,2881492,ok,
origin_etth1_merge_f075,origin_etth1_merge_f075/84470/finetune_2/checkpoints/last.pt,2881492,ok,
origin_etth1_merge_f075,origin_etth1_merge_f075/84470/merged/checkpoints/best.pt,2877076,ok,
origin_etth1_merge_f075,origin_etth1_merge_f075/84478_1/baseline/checkpoints/best.pt,2881492,ok,
origin_etth1_merge_f075,origin_etth1_merge_f075/84478_1/baseline/checkpoints/last.pt,2881492,ok,
origin_etth1_merge_f075,origin_etth1_merge_f075/84478_1/finetune_0/checkpoints/best.pt,2881492,ok,
origin_etth1_merge_f075,origin_etth1_merge_f075/84478_1/finetune_0/checkpoints/last.pt,2881492,ok,
origin_etth1_merge_f075,origin_etth1_merge_f075/84478_1/finetune_1/checkpoints/best.pt,2881492,ok,
origin_etth1_merge_f075,origin_etth1_merge_f075/84478_1/finetune_1/checkpoints/last.pt,2881492,ok,
origin_etth1_merge_f075,origin_etth1_merge_f075/84478_1/finetune_2/checkpoints/best.pt,2881492,ok,
origin_etth1_merge_f075,origin_etth1_merge_f075/84478_1/finetune_2/checkpoints/last.pt,2881492,ok,
origin_etth1_merge_f075,origin_etth1_merge_f075/84478_1/merged/checkpoints/best.pt,2877076,ok,
origin_etth1_merge_f075,origin_etth1_merge_f075/84478_2/baseline/checkpoints/best.pt,2881492,ok,
origin_etth1_merge_f075,origin_etth1_merge_f075/84478_2/baseline/checkpoints/last.pt,2881492,ok,
origin_etth1_merge_f075,origin_etth1_merge_f075/84478_2/finetune_0/checkpoints/best.pt,2881492,ok,
origin_etth1_merge_f075,origin_etth1_merge_f075/84478_2/finetune_0/checkpoints/last.pt,2881492,ok,
origin_etth1_merge_f075,origin_etth1_merge_f075/84478_2/finetune_1/checkpoints/best.pt,2881492,ok,
origin_etth1_merge_f075,origin_etth1_merge_f075/84478_2/finetune_1/checkpoints/last.pt,2881492,ok,
origin_etth1_merge_f075,origin_etth1_merge_f075/84478_2/finetune_2/checkpoints/best.pt,2881492,ok,
origin_etth1_merge_f075,origin_etth1_merge_f075/84478_2/finetune_2/checkpoints/last.pt,2881492,ok,
origin_etth1_merge_f075,origin_etth1_merge_f075/84478_2/merged/checkpoints/best.pt,2877076,ok,
origin_etth1_merge_f0875,origin_etth1_merge_f0875/84470/baseline/checkpoints/best.pt,2881492,ok,
origin_etth1_merge_f0875,origin_etth1_merge_f0875/84470/baseline/checkpoints/last.pt,2881492,ok,
origin_etth1_merge_f0875,origin_etth1_merge_f0875/84470/finetune_0/checkpoints/best.pt,2881492,ok,
origin_etth1_merge_f0875,origin_etth1_merge_f0875/84470/finetune_0/checkpoints/last.pt,2881492,ok,
origin_etth1_merge_f0875,origin_etth1_merge_f0875/84470/finetune_1/checkpoints/best.pt,2881492,ok,
origin_etth1_merge_f0875,origin_etth1_merge_f0875/84470/finetune_1/checkpoints/last.pt,2881492,ok,
origin_etth1_merge_f0875,origin_etth1_merge_f0875/84470/finetune_2/checkpoints/best.pt,2881492,ok,
origin_etth1_merge_f0875,origin_etth1_merge_f0875/84470/finetune_2/checkpoints/last.pt,2881492,ok,
origin_etth1_merge_f0875,origin_etth1_merge_f0875/84470/merged/checkpoints/best.pt,2877076,ok,
origin_etth1_merge_f0875,origin_etth1_merge_f0875/84478_3/baseline/checkpoints/best.pt,2881492,ok,
origin_etth1_merge_f0875,origin_etth1_merge_f0875/84478_3/baseline/checkpoints/last.pt,2881492,ok,
origin_etth1_merge_f0875,origin_etth1_merge_f0875/84478_3/finetune_0/checkpoints/best.pt,2881492,ok,
origin_etth1_merge_f0875,origin_etth1_merge_f0875/84478_3/finetune_0/checkpoints/last.pt,2881492,ok,
origin_etth1_merge_f0875,origin_etth1_merge_f0875/84478_3/finetune_1/checkpoints/best.pt,2881492,ok,
origin_etth1_merge_f0875,origin_etth1_merge_f0875/84478_3/finetune_1/checkpoints/last.pt,2881492,ok,
origin_etth1_merge_f0875,origin_etth1_merge_f0875/84478_3/finetune_2/checkpoints/best.pt,2881492,ok,
origin_etth1_merge_f0875,origin_etth1_merge_f0875/84478_3/finetune_2/checkpoints/last.pt,2881492,ok,
origin_etth1_merge_f0875,origin_etth1_merge_f0875/84478_3/merged/checkpoints/best.pt,2877076,ok,
origin_etth1_merge_f0875,origin_etth1_merge_f0875/84478_4/baseline/checkpoints/best.pt,2881492,ok,
origin_etth1_merge_f0875,origin_etth1_merge_f0875/84478_4/baseline/checkpoints/last.pt,2881492,ok,
origin_etth1_merge_f0875,origin_etth1_merge_f0875/84478_4/finetune_0/checkpoints/best.pt,2881492,ok,
origin_etth1_merge_f0875,origin_etth1_merge_f0875/84478_4/finetune_0/checkpoints/last.pt,2881492,ok,
origin_etth1_merge_f0875,origin_etth1_merge_f0875/84478_4/finetune_1/checkpoints/best.pt,2881492,ok,
origin_etth1_merge_f0875,origin_etth1_merge_f0875/84478_4/finetune_1/checkpoints/last.pt,2881492,ok,
origin_etth1_merge_f0875,origin_etth1_merge_f0875/84478_4/finetune_2/checkpoints/best.pt,2881492,ok,
origin_etth1_merge_f0875,origin_etth1_merge_f0875/84478_4/finetune_2/checkpoints/last.pt,2881492,ok,
origin_etth1_merge_f0875,origin_etth1_merge_f0875/84478_4/merged/checkpoints/best.pt,2877076,ok,
origin_etth1_merge_f10,origin_etth1_merge_f10/84470/baseline/checkpoints/best.pt,2881492,ok,
origin_etth1_merge_f10,origin_etth1_merge_f10/84470/baseline/checkpoints/last.pt,2881492,ok,
origin_etth1_merge_f10,origin_etth1_merge_f10/84470/finetune_0/checkpoints/best.pt,2881492,ok,
origin_etth1_merge_f10,origin_etth1_merge_f10/84470/finetune_0/checkpoints/last.pt,2881492,ok,
origin_etth1_merge_f10,origin_etth1_merge_f10/84470/finetune_1/checkpoints/best.pt,2881492,ok,
origin_etth1_merge_f10,origin_etth1_merge_f10/84470/finetune_1/checkpoints/last.pt,2881492,ok,
origin_etth1_merge_f10,origin_etth1_merge_f10/84470/finetune_2/checkpoints/best.pt,2881492,ok,
origin_etth1_merge_f10,origin_etth1_merge_f10/84470/finetune_2/checkpoints/last.pt,2881492,ok,
origin_etth1_merge_f10,origin_etth1_merge_f10/84470/merged/checkpoints/best.pt,2877076,ok,
origin_etth1_merge_f10,origin_etth1_merge_f10/84478_5/baseline/checkpoints/best.pt,2881492,ok,
origin_etth1_merge_f10,origin_etth1_merge_f10/84478_5/baseline/checkpoints/last.pt,2881492,ok,
origin_etth1_merge_f10,origin_etth1_merge_f10/84478_5/finetune_0/checkpoints/best.pt,2881492,ok,
origin_etth1_merge_f10,origin_etth1_merge_f10/84478_5/finetune_0/checkpoints/last.pt,2881492,ok,
origin_etth1_merge_f10,origin_etth1_merge_f10/84478_5/finetune_1/checkpoints/best.pt,2881492,ok,
origin_etth1_merge_f10,origin_etth1_merge_f10/84478_5/finetune_1/checkpoints/last.pt,2881492,ok,
origin_etth1_merge_f10,origin_etth1_merge_f10/84478_5/finetune_2/checkpoints/best.pt,2881492,ok,
origin_etth1_merge_f10,origin_etth1_merge_f10/84478_5/finetune_2/checkpoints/last.pt,2881492,ok,
origin_etth1_merge_f10,origin_etth1_merge_f10/84478_5/merged/checkpoints/best.pt,2877076,ok,
origin_etth1_merge_f10,origin_etth1_merge_f10/84478_6/baseline/checkpoints/best.pt,2881492,ok,
origin_etth1_merge_f10,origin_etth1_merge_f10/84478_6/baseline/checkpoints/last.pt,2881492,ok,
origin_etth1_merge_f10,origin_etth1_merge_f10/84478_6/finetune_0/checkpoints/best.pt,2881492,ok,
origin_etth1_merge_f10,origin_etth1_merge_f10/84478_6/finetune_0/checkpoints/last.pt,2881492,ok,
origin_etth1_merge_f10,origin_etth1_merge_f10/84478_6/finetune_1/checkpoints/best.pt,2881492,ok,
origin_etth1_merge_f10,origin_etth1_merge_f10/84478_6/finetune_1/checkpoints/last.pt,2881492,ok,
origin_etth1_merge_f10,origin_etth1_merge_f10/84478_6/finetune_2/checkpoints/best.pt,2881492,ok,
origin_etth1_merge_f10,origin_etth1_merge_f10/84478_6/finetune_2/checkpoints/last.pt,2881492,ok,
origin_etth1_merge_f10,origin_etth1_merge_f10/84478_6/merged/checkpoints/best.pt,2877076,ok,
origin_etth1_sequential_f075,origin_etth1_sequential_f075/84470/baseline/checkpoints/best.pt,2881492,ok,
origin_etth1_sequential_f075,origin_etth1_sequential_f075/84470/baseline/checkpoints/last.pt,2881492,ok,
origin_etth1_sequential_f075,origin_etth1_sequential_f075/84470/continual_0/checkpoints/best.pt,2881492,ok,
origin_etth1_sequential_f075,origin_etth1_sequential_f075/84470/continual_0/checkpoints/last.pt,2881492,ok,
origin_etth1_sequential_f075,origin_etth1_sequential_f075/84470/continual_1/checkpoints/best.pt,2881492,ok,
origin_etth1_sequential_f075,origin_etth1_sequential_f075/84470/continual_1/checkpoints/last.pt,2881492,ok,
origin_etth1_sequential_f075,origin_etth1_sequential_f075/84470/continual_2/checkpoints/best.pt,2881492,ok,
origin_etth1_sequential_f075,origin_etth1_sequential_f075/84470/continual_2/checkpoints/last.pt,2881492,ok,
origin_etth1_sequential_f075,origin_etth1_sequential_f075/84478_7/baseline/checkpoints/best.pt,2881492,ok,
origin_etth1_sequential_f075,origin_etth1_sequential_f075/84478_7/baseline/checkpoints/last.pt,2881492,ok,
origin_etth1_sequential_f075,origin_etth1_sequential_f075/84478_7/continual_0/checkpoints/best.pt,2881492,ok,
origin_etth1_sequential_f075,origin_etth1_sequential_f075/84478_7/continual_0/checkpoints/last.pt,2881492,ok,
origin_etth1_sequential_f075,origin_etth1_sequential_f075/84478_7/continual_1/checkpoints/best.pt,2881492,ok,
origin_etth1_sequential_f075,origin_etth1_sequential_f075/84478_7/continual_1/checkpoints/last.pt,2881492,ok,
origin_etth1_sequential_f075,origin_etth1_sequential_f075/84478_7/continual_2/checkpoints/best.pt,2881492,ok,
origin_etth1_sequential_f075,origin_etth1_sequential_f075/84478_7/continual_2/checkpoints/last.pt,2881492,ok,
origin_etth1_sequential_f075,origin_etth1_sequential_f075/84478_8/baseline/checkpoints/best.pt,2881492,ok,
origin_etth1_sequential_f075,origin_etth1_sequential_f075/84478_8/baseline/checkpoints/last.pt,2881492,ok,
origin_etth1_sequential_f075,origin_etth1_sequential_f075/84478_8/continual_0/checkpoints/best.pt,2881492,ok,
origin_etth1_sequential_f075,origin_etth1_sequential_f075/84478_8/continual_0/checkpoints/last.pt,2881492,ok,
origin_etth1_sequential_f075,origin_etth1_sequential_f075/84478_8/continual_1/checkpoints/best.pt,2881492,ok,
origin_etth1_sequential_f075,origin_etth1_sequential_f075/84478_8/continual_1/checkpoints/last.pt,2881492,ok,
origin_etth1_sequential_f075,origin_etth1_sequential_f075/84478_8/continual_2/checkpoints/best.pt,2881492,ok,
origin_etth1_sequential_f075,origin_etth1_sequential_f075/84478_8/continual_2/checkpoints/last.pt,2881492,ok,
origin_etth1_sequential_f0875,origin_etth1_sequential_f0875/84470/baseline/checkpoints/best.pt,2881492,ok,
origin_etth1_sequential_f0875,origin_etth1_sequential_f0875/84470/baseline/checkpoints/last.pt,2881492,ok,
origin_etth1_sequential_f0875,origin_etth1_sequential_f0875/84470/continual_0/checkpoints/best.pt,2881492,ok,
origin_etth1_sequential_f0875,origin_etth1_sequential_f0875/84470/continual_0/checkpoints/last.pt,2881492,ok,
origin_etth1_sequential_f0875,origin_etth1_sequential_f0875/84470/continual_1/checkpoints/best.pt,2881492,ok,
origin_etth1_sequential_f0875,origin_etth1_sequential_f0875/84470/continual_1/checkpoints/last.pt,2881492,ok,
origin_etth1_sequential_f0875,origin_etth1_sequential_f0875/84470/continual_2/checkpoints/best.pt,2881492,ok,
origin_etth1_sequential_f0875,origin_etth1_sequential_f0875/84470/continual_2/checkpoints/last.pt,2881492,ok,
origin_etth1_sequential_f0875,origin_etth1_sequential_f0875/84478_10/baseline/checkpoints/best.pt,2881492,ok,
origin_etth1_sequential_f0875,origin_etth1_sequential_f0875/84478_10/baseline/checkpoints/last.pt,2881492,ok,
origin_etth1_sequential_f0875,origin_etth1_sequential_f0875/84478_10/continual_0/checkpoints/best.pt,2881492,ok,
origin_etth1_sequential_f0875,origin_etth1_sequential_f0875/84478_10/continual_0/checkpoints/last.pt,2881492,ok,
origin_etth1_sequential_f0875,origin_etth1_sequential_f0875/84478_10/continual_1/checkpoints/best.pt,2881492,ok,
origin_etth1_sequential_f0875,origin_etth1_sequential_f0875/84478_10/continual_1/checkpoints/last.pt,2881492,ok,
origin_etth1_sequential_f0875,origin_etth1_sequential_f0875/84478_10/continual_2/checkpoints/best.pt,2881492,ok,
origin_etth1_sequential_f0875,origin_etth1_sequential_f0875/84478_10/continual_2/checkpoints/last.pt,2881492,ok,
origin_etth1_sequential_f0875,origin_etth1_sequential_f0875/84478_9/baseline/checkpoints/best.pt,2881492,ok,
origin_etth1_sequential_f0875,origin_etth1_sequential_f0875/84478_9/baseline/checkpoints/last.pt,2881492,ok,
origin_etth1_sequential_f0875,origin_etth1_sequential_f0875/84478_9/continual_0/checkpoints/best.pt,2881492,ok,
origin_etth1_sequential_f0875,origin_etth1_sequential_f0875/84478_9/continual_0/checkpoints/last.pt,2881492,ok,
origin_etth1_sequential_f0875,origin_etth1_sequential_f0875/84478_9/continual_1/checkpoints/best.pt,2881492,ok,
origin_etth1_sequential_f0875,origin_etth1_sequential_f0875/84478_9/continual_1/checkpoints/last.pt,2881492,ok,
origin_etth1_sequential_f0875,origin_etth1_sequential_f0875/84478_9/continual_2/checkpoints/best.pt,2881492,ok,
origin_etth1_sequential_f0875,origin_etth1_sequential_f0875/84478_9/continual_2/checkpoints/last.pt,2881492,ok,
origin_etth1_sequential_f10,origin_etth1_sequential_f10/84470/baseline/checkpoints/best.pt,2881492,ok,
origin_etth1_sequential_f10,origin_etth1_sequential_f10/84470/baseline/checkpoints/last.pt,2881492,ok,
origin_etth1_sequential_f10,origin_etth1_sequential_f10/84470/continual_0/checkpoints/best.pt,2881492,ok,
origin_etth1_sequential_f10,origin_etth1_sequential_f10/84470/continual_0/checkpoints/last.pt,2881492,ok,
origin_etth1_sequential_f10,origin_etth1_sequential_f10/84470/continual_1/checkpoints/best.pt,2881492,ok,
origin_etth1_sequential_f10,origin_etth1_sequential_f10/84470/continual_1/checkpoints/last.pt,2881492,ok,
origin_etth1_sequential_f10,origin_etth1_sequential_f10/84470/continual_2/checkpoints/best.pt,2881492,ok,
origin_etth1_sequential_f10,origin_etth1_sequential_f10/84470/continual_2/checkpoints/last.pt,2881492,ok,
origin_etth1_sequential_f10,origin_etth1_sequential_f10/84478_11/baseline/checkpoints/best.pt,2881492,ok,
origin_etth1_sequential_f10,origin_etth1_sequential_f10/84478_11/baseline/checkpoints/last.pt,2881492,ok,
origin_etth1_sequential_f10,origin_etth1_sequential_f10/84478_11/continual_0/checkpoints/best.pt,2881492,ok,
origin_etth1_sequential_f10,origin_etth1_sequential_f10/84478_11/continual_0/checkpoints/last.pt,2881492,ok,
origin_etth1_sequential_f10,origin_etth1_sequential_f10/84478_11/continual_1/checkpoints/best.pt,2881492,ok,
origin_etth1_sequential_f10,origin_etth1_sequential_f10/84478_11/continual_1/checkpoints/last.pt,2881492,ok,
origin_etth1_sequential_f10,origin_etth1_sequential_f10/84478_11/continual_2/checkpoints/best.pt,2881492,ok,
origin_etth1_sequential_f10,origin_etth1_sequential_f10/84478_11/continual_2/checkpoints/last.pt,2881492,ok,
origin_etth1_sequential_f10,origin_etth1_sequential_f10/84478_12/baseline/checkpoints/best.pt,2881492,ok,
origin_etth1_sequential_f10,origin_etth1_sequential_f10/84478_12/baseline/checkpoints/last.pt,2881492,ok,
origin_etth1_sequential_f10,origin_etth1_sequential_f10/84478_12/continual_0/checkpoints/best.pt,2881492,ok,
origin_etth1_sequential_f10,origin_etth1_sequential_f10/84478_12/continual_0/checkpoints/last.pt,2881492,ok,
origin_etth1_sequential_f10,origin_etth1_sequential_f10/84478_12/continual_1/checkpoints/best.pt,2881492,ok,
origin_etth1_sequential_f10,origin_etth1_sequential_f10/84478_12/continual_1/checkpoints/last.pt,2881492,ok,
origin_etth1_sequential_f10,origin_etth1_sequential_f10/84478_12/continual_2/checkpoints/best.pt,2881492,ok,
origin_etth1_sequential_f10,origin_etth1_sequential_f10/84478_12/continual_2/checkpoints/last.pt,2881492,ok,
origin_etth1_window_f075,origin_etth1_window_f075/84470/baseline/checkpoints/best.pt,2881492,ok,
origin_etth1_window_f075,origin_etth1_window_f075/84470/baseline/checkpoints/last.pt,2881492,ok,
origin_etth1_window_f075,origin_etth1_window_f075/84470/finetune_0/checkpoints/best.pt,2881492,ok,
origin_etth1_window_f075,origin_etth1_window_f075/84470/finetune_0/checkpoints/last.pt,2881492,ok,
origin_etth1_window_f075,origin_etth1_window_f075/84470/merged/checkpoints/best.pt,2877076,ok,
origin_etth1_window_f075,origin_etth1_window_f075/84478_19/baseline/checkpoints/best.pt,2881492,ok,
origin_etth1_window_f075,origin_etth1_window_f075/84478_19/baseline/checkpoints/last.pt,2881492,ok,
origin_etth1_window_f075,origin_etth1_window_f075/84478_19/finetune_0/checkpoints/best.pt,2881492,ok,
origin_etth1_window_f075,origin_etth1_window_f075/84478_19/finetune_0/checkpoints/last.pt,2881492,ok,
origin_etth1_window_f075,origin_etth1_window_f075/84478_19/merged/checkpoints/best.pt,2877076,ok,
origin_etth1_window_f075,origin_etth1_window_f075/84478_20/baseline/checkpoints/best.pt,2881492,ok,
origin_etth1_window_f075,origin_etth1_window_f075/84478_20/baseline/checkpoints/last.pt,2881492,ok,
origin_etth1_window_f075,origin_etth1_window_f075/84478_20/finetune_0/checkpoints/best.pt,2881492,ok,
origin_etth1_window_f075,origin_etth1_window_f075/84478_20/finetune_0/checkpoints/last.pt,2881492,ok,
origin_etth1_window_f075,origin_etth1_window_f075/84478_20/merged/checkpoints/best.pt,2877076,ok,
origin_etth1_window_f0875,origin_etth1_window_f0875/84470/baseline/checkpoints/best.pt,2881492,ok,
origin_etth1_window_f0875,origin_etth1_window_f0875/84470/baseline/checkpoints/last.pt,2881492,ok,
origin_etth1_window_f0875,origin_etth1_window_f0875/84470/finetune_0/checkpoints/best.pt,2881492,ok,
origin_etth1_window_f0875,origin_etth1_window_f0875/84470/finetune_0/checkpoints/last.pt,2881492,ok,
origin_etth1_window_f0875,origin_etth1_window_f0875/84470/merged/checkpoints/best.pt,2877076,ok,
origin_etth1_window_f0875,origin_etth1_window_f0875/84478_21/baseline/checkpoints/best.pt,2881492,ok,
origin_etth1_window_f0875,origin_etth1_window_f0875/84478_21/baseline/checkpoints/last.pt,2881492,ok,
origin_etth1_window_f0875,origin_etth1_window_f0875/84478_21/finetune_0/checkpoints/best.pt,2881492,ok,
origin_etth1_window_f0875,origin_etth1_window_f0875/84478_21/finetune_0/checkpoints/last.pt,2881492,ok,
origin_etth1_window_f0875,origin_etth1_window_f0875/84478_21/merged/checkpoints/best.pt,2877076,ok,
origin_etth1_window_f0875,origin_etth1_window_f0875/84478_22/baseline/checkpoints/best.pt,2881492,ok,
origin_etth1_window_f0875,origin_etth1_window_f0875/84478_22/baseline/checkpoints/last.pt,2881492,ok,
origin_etth1_window_f0875,origin_etth1_window_f0875/84478_22/finetune_0/checkpoints/best.pt,2881492,ok,
origin_etth1_window_f0875,origin_etth1_window_f0875/84478_22/finetune_0/checkpoints/last.pt,2881492,ok,
origin_etth1_window_f0875,origin_etth1_window_f0875/84478_22/merged/checkpoints/best.pt,2877076,ok,
origin_etth1_window_f10,origin_etth1_window_f10/84470/baseline/checkpoints/best.pt,2881492,ok,
origin_etth1_window_f10,origin_etth1_window_f10/84470/baseline/checkpoints/last.pt,2881492,ok,
origin_etth1_window_f10,origin_etth1_window_f10/84470/finetune_0/checkpoints/best.pt,2881492,ok,
origin_etth1_window_f10,origin_etth1_window_f10/84470/finetune_0/checkpoints/last.pt,2881492,ok,
origin_etth1_window_f10,origin_etth1_window_f10/84470/merged/checkpoints/best.pt,2877076,ok,
origin_etth1_window_f10,origin_etth1_window_f10/84478_23/baseline/checkpoints/best.pt,2881492,ok,
origin_etth1_window_f10,origin_etth1_window_f10/84478_23/baseline/checkpoints/last.pt,2881492,ok,
origin_etth1_window_f10,origin_etth1_window_f10/84478_23/finetune_0/checkpoints/best.pt,2881492,ok,
origin_etth1_window_f10,origin_etth1_window_f10/84478_23/finetune_0/checkpoints/last.pt,2881492,ok,
origin_etth1_window_f10,origin_etth1_window_f10/84478_23/merged/checkpoints/best.pt,2877076,ok,
origin_etth1_window_f10,origin_etth1_window_f10/84478_24/baseline/checkpoints/best.pt,2881492,ok,
origin_etth1_window_f10,origin_etth1_window_f10/84478_24/baseline/checkpoints/last.pt,2881492,ok,
origin_etth1_window_f10,origin_etth1_window_f10/84478_24/finetune_0/checkpoints/best.pt,2881492,ok,
origin_etth1_window_f10,origin_etth1_window_f10/84478_24/finetune_0/checkpoints/last.pt,2881492,ok,
origin_etth1_window_f10,origin_etth1_window_f10/84478_24/merged/checkpoints/best.pt,2877076,ok,
origin_etth2_joint_f075,origin_etth2_joint_f075/102251/train/checkpoints/best.pt,2881492,ok,
origin_etth2_joint_f075,origin_etth2_joint_f075/102251/train/checkpoints/last.pt,2881492,ok,
origin_etth2_joint_f075,origin_etth2_joint_f075/102252/train/checkpoints/best.pt,2881492,ok,
origin_etth2_joint_f075,origin_etth2_joint_f075/102252/train/checkpoints/last.pt,2881492,ok,
origin_etth2_joint_f075,origin_etth2_joint_f075/102253/train/checkpoints/best.pt,2881492,ok,
origin_etth2_joint_f075,origin_etth2_joint_f075/102253/train/checkpoints/last.pt,2881492,ok,
origin_etth2_joint_f0875,origin_etth2_joint_f0875/102254/train/checkpoints/best.pt,2881492,ok,
origin_etth2_joint_f0875,origin_etth2_joint_f0875/102254/train/checkpoints/last.pt,2881492,ok,
origin_etth2_joint_f0875,origin_etth2_joint_f0875/102255/train/checkpoints/best.pt,2881492,ok,
origin_etth2_joint_f0875,origin_etth2_joint_f0875/102255/train/checkpoints/last.pt,2881492,ok,
origin_etth2_joint_f0875,origin_etth2_joint_f0875/102256/train/checkpoints/best.pt,2881492,ok,
origin_etth2_joint_f0875,origin_etth2_joint_f0875/102256/train/checkpoints/last.pt,2881492,ok,
origin_etth2_merge_f075,origin_etth2_merge_f075/102239/baseline/checkpoints/best.pt,2881492,ok,
origin_etth2_merge_f075,origin_etth2_merge_f075/102239/baseline/checkpoints/last.pt,2881492,ok,
origin_etth2_merge_f075,origin_etth2_merge_f075/102239/finetune_0/checkpoints/best.pt,2881492,ok,
origin_etth2_merge_f075,origin_etth2_merge_f075/102239/finetune_0/checkpoints/last.pt,2881492,ok,
origin_etth2_merge_f075,origin_etth2_merge_f075/102239/finetune_1/checkpoints/best.pt,2881492,ok,
origin_etth2_merge_f075,origin_etth2_merge_f075/102239/finetune_1/checkpoints/last.pt,2881492,ok,
origin_etth2_merge_f075,origin_etth2_merge_f075/102239/finetune_2/checkpoints/best.pt,2881492,ok,
origin_etth2_merge_f075,origin_etth2_merge_f075/102239/finetune_2/checkpoints/last.pt,2881492,ok,
origin_etth2_merge_f075,origin_etth2_merge_f075/102239/merged/checkpoints/best.pt,2877076,ok,
origin_etth2_merge_f075,origin_etth2_merge_f075/102240/baseline/checkpoints/best.pt,2881492,ok,
origin_etth2_merge_f075,origin_etth2_merge_f075/102240/baseline/checkpoints/last.pt,2881492,ok,
origin_etth2_merge_f075,origin_etth2_merge_f075/102240/finetune_0/checkpoints/best.pt,2881492,ok,
origin_etth2_merge_f075,origin_etth2_merge_f075/102240/finetune_0/checkpoints/last.pt,2881492,ok,
origin_etth2_merge_f075,origin_etth2_merge_f075/102240/finetune_1/checkpoints/best.pt,2881492,ok,
origin_etth2_merge_f075,origin_etth2_merge_f075/102240/finetune_1/checkpoints/last.pt,2881492,ok,
origin_etth2_merge_f075,origin_etth2_merge_f075/102240/finetune_2/checkpoints/best.pt,2881492,ok,
origin_etth2_merge_f075,origin_etth2_merge_f075/102240/finetune_2/checkpoints/last.pt,2881492,ok,
origin_etth2_merge_f075,origin_etth2_merge_f075/102240/merged/checkpoints/best.pt,2877076,ok,
origin_etth2_merge_f075,origin_etth2_merge_f075/102241/baseline/checkpoints/best.pt,2881492,ok,
origin_etth2_merge_f075,origin_etth2_merge_f075/102241/baseline/checkpoints/last.pt,2881492,ok,
origin_etth2_merge_f075,origin_etth2_merge_f075/102241/finetune_0/checkpoints/best.pt,2881492,ok,
origin_etth2_merge_f075,origin_etth2_merge_f075/102241/finetune_0/checkpoints/last.pt,2881492,ok,
origin_etth2_merge_f075,origin_etth2_merge_f075/102241/finetune_1/checkpoints/best.pt,2881492,ok,
origin_etth2_merge_f075,origin_etth2_merge_f075/102241/finetune_1/checkpoints/last.pt,2881492,ok,
origin_etth2_merge_f075,origin_etth2_merge_f075/102241/finetune_2/checkpoints/best.pt,2881492,ok,
origin_etth2_merge_f075,origin_etth2_merge_f075/102241/finetune_2/checkpoints/last.pt,2881492,ok,
origin_etth2_merge_f075,origin_etth2_merge_f075/102241/merged/checkpoints/best.pt,2877076,ok,
origin_etth2_merge_f0875,origin_etth2_merge_f0875/102242/baseline/checkpoints/best.pt,2881492,ok,
origin_etth2_merge_f0875,origin_etth2_merge_f0875/102242/baseline/checkpoints/last.pt,2881492,ok,
origin_etth2_merge_f0875,origin_etth2_merge_f0875/102242/finetune_0/checkpoints/best.pt,2881492,ok,
origin_etth2_merge_f0875,origin_etth2_merge_f0875/102242/finetune_0/checkpoints/last.pt,2881492,ok,
origin_etth2_merge_f0875,origin_etth2_merge_f0875/102242/finetune_1/checkpoints/best.pt,2881492,ok,
origin_etth2_merge_f0875,origin_etth2_merge_f0875/102242/finetune_1/checkpoints/last.pt,2881492,ok,
origin_etth2_merge_f0875,origin_etth2_merge_f0875/102242/finetune_2/checkpoints/best.pt,2881492,ok,
origin_etth2_merge_f0875,origin_etth2_merge_f0875/102242/finetune_2/checkpoints/last.pt,2881492,ok,
origin_etth2_merge_f0875,origin_etth2_merge_f0875/102242/merged/checkpoints/best.pt,2877076,ok,
origin_etth2_merge_f0875,origin_etth2_merge_f0875/102243/baseline/checkpoints/best.pt,2881492,ok,
origin_etth2_merge_f0875,origin_etth2_merge_f0875/102243/baseline/checkpoints/last.pt,2881492,ok,
origin_etth2_merge_f0875,origin_etth2_merge_f0875/102243/finetune_0/checkpoints/best.pt,2881492,ok,
origin_etth2_merge_f0875,origin_etth2_merge_f0875/102243/finetune_0/checkpoints/last.pt,2881492,ok,
origin_etth2_merge_f0875,origin_etth2_merge_f0875/102243/finetune_1/checkpoints/best.pt,2881492,ok,
origin_etth2_merge_f0875,origin_etth2_merge_f0875/102243/finetune_1/checkpoints/last.pt,2881492,ok,
origin_etth2_merge_f0875,origin_etth2_merge_f0875/102243/finetune_2/checkpoints/best.pt,2881492,ok,
origin_etth2_merge_f0875,origin_etth2_merge_f0875/102243/finetune_2/checkpoints/last.pt,2881492,ok,
origin_etth2_merge_f0875,origin_etth2_merge_f0875/102243/merged/checkpoints/best.pt,2877076,ok,
origin_etth2_merge_f0875,origin_etth2_merge_f0875/102244/baseline/checkpoints/best.pt,2881492,ok,
origin_etth2_merge_f0875,origin_etth2_merge_f0875/102244/baseline/checkpoints/last.pt,2881492,ok,
origin_etth2_merge_f0875,origin_etth2_merge_f0875/102244/finetune_0/checkpoints/best.pt,2881492,ok,
origin_etth2_merge_f0875,origin_etth2_merge_f0875/102244/finetune_0/checkpoints/last.pt,2881492,ok,
origin_etth2_merge_f0875,origin_etth2_merge_f0875/102244/finetune_1/checkpoints/best.pt,2881492,ok,
origin_etth2_merge_f0875,origin_etth2_merge_f0875/102244/finetune_1/checkpoints/last.pt,2881492,ok,
origin_etth2_merge_f0875,origin_etth2_merge_f0875/102244/finetune_2/checkpoints/best.pt,2881492,ok,
origin_etth2_merge_f0875,origin_etth2_merge_f0875/102244/finetune_2/checkpoints/last.pt,2881492,ok,
origin_etth2_merge_f0875,origin_etth2_merge_f0875/102244/merged/checkpoints/best.pt,2877076,ok,
origin_etth2_sequential_f075,origin_etth2_sequential_f075/102245/baseline/checkpoints/best.pt,2881492,ok,
origin_etth2_sequential_f075,origin_etth2_sequential_f075/102245/baseline/checkpoints/last.pt,2881492,ok,
origin_etth2_sequential_f075,origin_etth2_sequential_f075/102245/continual_0/checkpoints/best.pt,2881492,ok,
origin_etth2_sequential_f075,origin_etth2_sequential_f075/102245/continual_0/checkpoints/last.pt,2881492,ok,
origin_etth2_sequential_f075,origin_etth2_sequential_f075/102245/continual_1/checkpoints/best.pt,2881492,ok,
origin_etth2_sequential_f075,origin_etth2_sequential_f075/102245/continual_1/checkpoints/last.pt,2881492,ok,
origin_etth2_sequential_f075,origin_etth2_sequential_f075/102245/continual_2/checkpoints/best.pt,2881492,ok,
origin_etth2_sequential_f075,origin_etth2_sequential_f075/102245/continual_2/checkpoints/last.pt,2881492,ok,
origin_etth2_sequential_f075,origin_etth2_sequential_f075/102246/baseline/checkpoints/best.pt,2881492,ok,
origin_etth2_sequential_f075,origin_etth2_sequential_f075/102246/baseline/checkpoints/last.pt,2881492,ok,
origin_etth2_sequential_f075,origin_etth2_sequential_f075/102246/continual_0/checkpoints/best.pt,2881492,ok,
origin_etth2_sequential_f075,origin_etth2_sequential_f075/102246/continual_0/checkpoints/last.pt,2881492,ok,
origin_etth2_sequential_f075,origin_etth2_sequential_f075/102246/continual_1/checkpoints/best.pt,2881492,ok,
origin_etth2_sequential_f075,origin_etth2_sequential_f075/102246/continual_1/checkpoints/last.pt,2881492,ok,
origin_etth2_sequential_f075,origin_etth2_sequential_f075/102246/continual_2/checkpoints/best.pt,2881492,ok,
origin_etth2_sequential_f075,origin_etth2_sequential_f075/102246/continual_2/checkpoints/last.pt,2881492,ok,
origin_etth2_sequential_f075,origin_etth2_sequential_f075/102247/baseline/checkpoints/best.pt,2881492,ok,
origin_etth2_sequential_f075,origin_etth2_sequential_f075/102247/baseline/checkpoints/last.pt,2881492,ok,
origin_etth2_sequential_f075,origin_etth2_sequential_f075/102247/continual_0/checkpoints/best.pt,2881492,ok,
origin_etth2_sequential_f075,origin_etth2_sequential_f075/102247/continual_0/checkpoints/last.pt,2881492,ok,
origin_etth2_sequential_f075,origin_etth2_sequential_f075/102247/continual_1/checkpoints/best.pt,2881492,ok,
origin_etth2_sequential_f075,origin_etth2_sequential_f075/102247/continual_1/checkpoints/last.pt,2881492,ok,
origin_etth2_sequential_f075,origin_etth2_sequential_f075/102247/continual_2/checkpoints/best.pt,2881492,ok,
origin_etth2_sequential_f075,origin_etth2_sequential_f075/102247/continual_2/checkpoints/last.pt,2881492,ok,
origin_etth2_sequential_f0875,origin_etth2_sequential_f0875/102248/baseline/checkpoints/best.pt,2881492,ok,
origin_etth2_sequential_f0875,origin_etth2_sequential_f0875/102248/baseline/checkpoints/last.pt,2881492,ok,
origin_etth2_sequential_f0875,origin_etth2_sequential_f0875/102248/continual_0/checkpoints/best.pt,2881492,ok,
origin_etth2_sequential_f0875,origin_etth2_sequential_f0875/102248/continual_0/checkpoints/last.pt,2881492,ok,
origin_etth2_sequential_f0875,origin_etth2_sequential_f0875/102248/continual_1/checkpoints/best.pt,2881492,ok,
origin_etth2_sequential_f0875,origin_etth2_sequential_f0875/102248/continual_1/checkpoints/last.pt,2881492,ok,
origin_etth2_sequential_f0875,origin_etth2_sequential_f0875/102248/continual_2/checkpoints/best.pt,2881492,ok,
origin_etth2_sequential_f0875,origin_etth2_sequential_f0875/102248/continual_2/checkpoints/last.pt,2881492,ok,
origin_etth2_sequential_f0875,origin_etth2_sequential_f0875/102249/baseline/checkpoints/best.pt,2881492,ok,
origin_etth2_sequential_f0875,origin_etth2_sequential_f0875/102249/baseline/checkpoints/last.pt,2881492,ok,
origin_etth2_sequential_f0875,origin_etth2_sequential_f0875/102249/continual_0/checkpoints/best.pt,2881492,ok,
origin_etth2_sequential_f0875,origin_etth2_sequential_f0875/102249/continual_0/checkpoints/last.pt,2881492,ok,
origin_etth2_sequential_f0875,origin_etth2_sequential_f0875/102249/continual_1/checkpoints/best.pt,2881492,ok,
origin_etth2_sequential_f0875,origin_etth2_sequential_f0875/102249/continual_1/checkpoints/last.pt,2881492,ok,
origin_etth2_sequential_f0875,origin_etth2_sequential_f0875/102249/continual_2/checkpoints/best.pt,2881492,ok,
origin_etth2_sequential_f0875,origin_etth2_sequential_f0875/102249/continual_2/checkpoints/last.pt,2881492,ok,
origin_etth2_sequential_f0875,origin_etth2_sequential_f0875/102250/baseline/checkpoints/best.pt,2881492,ok,
origin_etth2_sequential_f0875,origin_etth2_sequential_f0875/102250/baseline/checkpoints/last.pt,2881492,ok,
origin_etth2_sequential_f0875,origin_etth2_sequential_f0875/102250/continual_0/checkpoints/best.pt,2881492,ok,
origin_etth2_sequential_f0875,origin_etth2_sequential_f0875/102250/continual_0/checkpoints/last.pt,2881492,ok,
origin_etth2_sequential_f0875,origin_etth2_sequential_f0875/102250/continual_1/checkpoints/best.pt,2881492,ok,
origin_etth2_sequential_f0875,origin_etth2_sequential_f0875/102250/continual_1/checkpoints/last.pt,2881492,ok,
origin_etth2_sequential_f0875,origin_etth2_sequential_f0875/102250/continual_2/checkpoints/best.pt,2881492,ok,
origin_etth2_sequential_f0875,origin_etth2_sequential_f0875/102250/continual_2/checkpoints/last.pt,2881492,ok,
origin_etth2_window_f075,origin_etth2_window_f075/102257/baseline/checkpoints/best.pt,2881492,ok,
origin_etth2_window_f075,origin_etth2_window_f075/102257/baseline/checkpoints/last.pt,2881492,ok,
origin_etth2_window_f075,origin_etth2_window_f075/102257/finetune_0/checkpoints/best.pt,2881492,ok,
origin_etth2_window_f075,origin_etth2_window_f075/102257/finetune_0/checkpoints/last.pt,2881492,ok,
origin_etth2_window_f075,origin_etth2_window_f075/102257/merged/checkpoints/best.pt,2877076,ok,
origin_etth2_window_f075,origin_etth2_window_f075/102258/baseline/checkpoints/best.pt,2881492,ok,
origin_etth2_window_f075,origin_etth2_window_f075/102258/baseline/checkpoints/last.pt,2881492,ok,
origin_etth2_window_f075,origin_etth2_window_f075/102258/finetune_0/checkpoints/best.pt,2881492,ok,
origin_etth2_window_f075,origin_etth2_window_f075/102258/finetune_0/checkpoints/last.pt,2881492,ok,
origin_etth2_window_f075,origin_etth2_window_f075/102258/merged/checkpoints/best.pt,2877076,ok,
origin_etth2_window_f075,origin_etth2_window_f075/102259/baseline/checkpoints/best.pt,2881492,ok,
origin_etth2_window_f075,origin_etth2_window_f075/102259/baseline/checkpoints/last.pt,2881492,ok,
origin_etth2_window_f075,origin_etth2_window_f075/102259/finetune_0/checkpoints/best.pt,2881492,ok,
origin_etth2_window_f075,origin_etth2_window_f075/102259/finetune_0/checkpoints/last.pt,2881492,ok,
origin_etth2_window_f075,origin_etth2_window_f075/102259/merged/checkpoints/best.pt,2877076,ok,
origin_etth2_window_f0875,origin_etth2_window_f0875/102260/baseline/checkpoints/best.pt,2881492,ok,
origin_etth2_window_f0875,origin_etth2_window_f0875/102260/baseline/checkpoints/last.pt,2881492,ok,
origin_etth2_window_f0875,origin_etth2_window_f0875/102260/finetune_0/checkpoints/best.pt,2881492,ok,
origin_etth2_window_f0875,origin_etth2_window_f0875/102260/finetune_0/checkpoints/last.pt,2881492,ok,
origin_etth2_window_f0875,origin_etth2_window_f0875/102260/merged/checkpoints/best.pt,2877076,ok,
origin_etth2_window_f0875,origin_etth2_window_f0875/102261/baseline/checkpoints/best.pt,2881492,ok,
origin_etth2_window_f0875,origin_etth2_window_f0875/102261/baseline/checkpoints/last.pt,2881492,ok,
origin_etth2_window_f0875,origin_etth2_window_f0875/102261/finetune_0/checkpoints/best.pt,2881492,ok,
origin_etth2_window_f0875,origin_etth2_window_f0875/102261/finetune_0/checkpoints/last.pt,2881492,ok,
origin_etth2_window_f0875,origin_etth2_window_f0875/102261/merged/checkpoints/best.pt,2877076,ok,
origin_etth2_window_f0875,origin_etth2_window_f0875/102262/baseline/checkpoints/best.pt,2881492,ok,
origin_etth2_window_f0875,origin_etth2_window_f0875/102262/baseline/checkpoints/last.pt,2881492,ok,
origin_etth2_window_f0875,origin_etth2_window_f0875/102262/finetune_0/checkpoints/best.pt,2881492,ok,
origin_etth2_window_f0875,origin_etth2_window_f0875/102262/finetune_0/checkpoints/last.pt,2881492,ok,
origin_etth2_window_f0875,origin_etth2_window_f0875/102262/merged/checkpoints/best.pt,2877076,ok,
origin_ettm2_joint_f075,origin_ettm2_joint_f075/102275/train/checkpoints/best.pt,2881492,ok,
origin_ettm2_joint_f075,origin_ettm2_joint_f075/102275/train/checkpoints/last.pt,2881492,ok,
origin_ettm2_joint_f075,origin_ettm2_joint_f075/102276/train/checkpoints/best.pt,2881492,ok,
origin_ettm2_joint_f075,origin_ettm2_joint_f075/102276/train/checkpoints/last.pt,2881492,ok,
origin_ettm2_joint_f075,origin_ettm2_joint_f075/102277/train/checkpoints/best.pt,2881492,ok,
origin_ettm2_joint_f075,origin_ettm2_joint_f075/102277/train/checkpoints/last.pt,2881492,ok,
origin_ettm2_joint_f0875,origin_ettm2_joint_f0875/102278/train/checkpoints/best.pt,2881492,ok,
origin_ettm2_joint_f0875,origin_ettm2_joint_f0875/102278/train/checkpoints/last.pt,2881492,ok,
origin_ettm2_joint_f0875,origin_ettm2_joint_f0875/102279/train/checkpoints/best.pt,2881492,ok,
origin_ettm2_joint_f0875,origin_ettm2_joint_f0875/102279/train/checkpoints/last.pt,2881492,ok,
origin_ettm2_joint_f0875,origin_ettm2_joint_f0875/102280/train/checkpoints/best.pt,2881492,ok,
origin_ettm2_joint_f0875,origin_ettm2_joint_f0875/102280/train/checkpoints/last.pt,2881492,ok,
origin_ettm2_merge_f075,origin_ettm2_merge_f075/102263/baseline/checkpoints/best.pt,2881492,ok,
origin_ettm2_merge_f075,origin_ettm2_merge_f075/102263/baseline/checkpoints/last.pt,2881492,ok,
origin_ettm2_merge_f075,origin_ettm2_merge_f075/102263/finetune_0/checkpoints/best.pt,2881492,ok,
origin_ettm2_merge_f075,origin_ettm2_merge_f075/102263/finetune_0/checkpoints/last.pt,2881492,ok,
origin_ettm2_merge_f075,origin_ettm2_merge_f075/102263/finetune_1/checkpoints/best.pt,2881492,ok,
origin_ettm2_merge_f075,origin_ettm2_merge_f075/102263/finetune_1/checkpoints/last.pt,2881492,ok,
origin_ettm2_merge_f075,origin_ettm2_merge_f075/102263/finetune_2/checkpoints/best.pt,2881492,ok,
origin_ettm2_merge_f075,origin_ettm2_merge_f075/102263/finetune_2/checkpoints/last.pt,2881492,ok,
origin_ettm2_merge_f075,origin_ettm2_merge_f075/102263/merged/checkpoints/best.pt,2877076,ok,
origin_ettm2_merge_f075,origin_ettm2_merge_f075/102264/baseline/checkpoints/best.pt,2881492,ok,
origin_ettm2_merge_f075,origin_ettm2_merge_f075/102264/baseline/checkpoints/last.pt,2881492,ok,
origin_ettm2_merge_f075,origin_ettm2_merge_f075/102264/finetune_0/checkpoints/best.pt,2881492,ok,
origin_ettm2_merge_f075,origin_ettm2_merge_f075/102264/finetune_0/checkpoints/last.pt,2881492,ok,
origin_ettm2_merge_f075,origin_ettm2_merge_f075/102264/finetune_1/checkpoints/best.pt,2881492,ok,
origin_ettm2_merge_f075,origin_ettm2_merge_f075/102264/finetune_1/checkpoints/last.pt,2881492,ok,
origin_ettm2_merge_f075,origin_ettm2_merge_f075/102264/finetune_2/checkpoints/best.pt,2881492,ok,
origin_ettm2_merge_f075,origin_ettm2_merge_f075/102264/finetune_2/checkpoints/last.pt,2881492,ok,
origin_ettm2_merge_f075,origin_ettm2_merge_f075/102264/merged/checkpoints/best.pt,2877076,ok,
origin_ettm2_merge_f075,origin_ettm2_merge_f075/102265/baseline/checkpoints/best.pt,2881492,ok,
origin_ettm2_merge_f075,origin_ettm2_merge_f075/102265/baseline/checkpoints/last.pt,2881492,ok,
origin_ettm2_merge_f075,origin_ettm2_merge_f075/102265/finetune_0/checkpoints/best.pt,2881492,ok,
origin_ettm2_merge_f075,origin_ettm2_merge_f075/102265/finetune_0/checkpoints/last.pt,2881492,ok,
origin_ettm2_merge_f075,origin_ettm2_merge_f075/102265/finetune_1/checkpoints/best.pt,2881492,ok,
origin_ettm2_merge_f075,origin_ettm2_merge_f075/102265/finetune_1/checkpoints/last.pt,2881492,ok,
origin_ettm2_merge_f075,origin_ettm2_merge_f075/102265/finetune_2/checkpoints/best.pt,2881492,ok,
origin_ettm2_merge_f075,origin_ettm2_merge_f075/102265/finetune_2/checkpoints/last.pt,2881492,ok,
origin_ettm2_merge_f075,origin_ettm2_merge_f075/102265/merged/checkpoints/best.pt,2877076,ok,
origin_ettm2_merge_f0875,origin_ettm2_merge_f0875/102266/baseline/checkpoints/best.pt,2881492,ok,
origin_ettm2_merge_f0875,origin_ettm2_merge_f0875/102266/baseline/checkpoints/last.pt,2881492,ok,
origin_ettm2_merge_f0875,origin_ettm2_merge_f0875/102266/finetune_0/checkpoints/best.pt,2881492,ok,
origin_ettm2_merge_f0875,origin_ettm2_merge_f0875/102266/finetune_0/checkpoints/last.pt,2881492,ok,
origin_ettm2_merge_f0875,origin_ettm2_merge_f0875/102266/finetune_1/checkpoints/best.pt,2881492,ok,
origin_ettm2_merge_f0875,origin_ettm2_merge_f0875/102266/finetune_1/checkpoints/last.pt,2881492,ok,
origin_ettm2_merge_f0875,origin_ettm2_merge_f0875/102266/finetune_2/checkpoints/best.pt,2881492,ok,
origin_ettm2_merge_f0875,origin_ettm2_merge_f0875/102266/finetune_2/checkpoints/last.pt,2881492,ok,
origin_ettm2_merge_f0875,origin_ettm2_merge_f0875/102266/merged/checkpoints/best.pt,2877076,ok,
origin_ettm2_merge_f0875,origin_ettm2_merge_f0875/102267/baseline/checkpoints/best.pt,2881492,ok,
origin_ettm2_merge_f0875,origin_ettm2_merge_f0875/102267/baseline/checkpoints/last.pt,2881492,ok,
origin_ettm2_merge_f0875,origin_ettm2_merge_f0875/102267/finetune_0/checkpoints/best.pt,2881492,ok,
origin_ettm2_merge_f0875,origin_ettm2_merge_f0875/102267/finetune_0/checkpoints/last.pt,2881492,ok,
origin_ettm2_merge_f0875,origin_ettm2_merge_f0875/102267/finetune_1/checkpoints/best.pt,2881492,ok,
origin_ettm2_merge_f0875,origin_ettm2_merge_f0875/102267/finetune_1/checkpoints/last.pt,2881492,ok,
origin_ettm2_merge_f0875,origin_ettm2_merge_f0875/102267/finetune_2/checkpoints/best.pt,2881492,ok,
origin_ettm2_merge_f0875,origin_ettm2_merge_f0875/102267/finetune_2/checkpoints/last.pt,2881492,ok,
origin_ettm2_merge_f0875,origin_ettm2_merge_f0875/102267/merged/checkpoints/best.pt,2877076,ok,
origin_ettm2_merge_f0875,origin_ettm2_merge_f0875/102268/baseline/checkpoints/best.pt,2881492,ok,
origin_ettm2_merge_f0875,origin_ettm2_merge_f0875/102268/baseline/checkpoints/last.pt,2881492,ok,
origin_ettm2_merge_f0875,origin_ettm2_merge_f0875/102268/finetune_0/checkpoints/best.pt,2881492,ok,
origin_ettm2_merge_f0875,origin_ettm2_merge_f0875/102268/finetune_0/checkpoints/last.pt,2881492,ok,
origin_ettm2_merge_f0875,origin_ettm2_merge_f0875/102268/finetune_1/checkpoints/best.pt,2881492,ok,
origin_ettm2_merge_f0875,origin_ettm2_merge_f0875/102268/finetune_1/checkpoints/last.pt,2881492,ok,
origin_ettm2_merge_f0875,origin_ettm2_merge_f0875/102268/finetune_2/checkpoints/best.pt,2881492,ok,
origin_ettm2_merge_f0875,origin_ettm2_merge_f0875/102268/finetune_2/checkpoints/last.pt,2881492,ok,
origin_ettm2_merge_f0875,origin_ettm2_merge_f0875/102268/merged/checkpoints/best.pt,2877076,ok,
origin_ettm2_sequential_f075,origin_ettm2_sequential_f075/102269/baseline/checkpoints/best.pt,2881492,ok,
origin_ettm2_sequential_f075,origin_ettm2_sequential_f075/102269/baseline/checkpoints/last.pt,2881492,ok,
origin_ettm2_sequential_f075,origin_ettm2_sequential_f075/102269/continual_0/checkpoints/best.pt,2881492,ok,
origin_ettm2_sequential_f075,origin_ettm2_sequential_f075/102269/continual_0/checkpoints/last.pt,2881492,ok,
origin_ettm2_sequential_f075,origin_ettm2_sequential_f075/102269/continual_1/checkpoints/best.pt,2881492,ok,
origin_ettm2_sequential_f075,origin_ettm2_sequential_f075/102269/continual_1/checkpoints/last.pt,2881492,ok,
origin_ettm2_sequential_f075,origin_ettm2_sequential_f075/102269/continual_2/checkpoints/best.pt,2881492,ok,
origin_ettm2_sequential_f075,origin_ettm2_sequential_f075/102269/continual_2/checkpoints/last.pt,2881492,ok,
origin_ettm2_sequential_f075,origin_ettm2_sequential_f075/102270/baseline/checkpoints/best.pt,2881492,ok,
origin_ettm2_sequential_f075,origin_ettm2_sequential_f075/102270/baseline/checkpoints/last.pt,2881492,ok,
origin_ettm2_sequential_f075,origin_ettm2_sequential_f075/102270/continual_0/checkpoints/best.pt,2881492,ok,
origin_ettm2_sequential_f075,origin_ettm2_sequential_f075/102270/continual_0/checkpoints/last.pt,2881492,ok,
origin_ettm2_sequential_f075,origin_ettm2_sequential_f075/102270/continual_1/checkpoints/best.pt,2881492,ok,
origin_ettm2_sequential_f075,origin_ettm2_sequential_f075/102270/continual_1/checkpoints/last.pt,2881492,ok,
origin_ettm2_sequential_f075,origin_ettm2_sequential_f075/102270/continual_2/checkpoints/best.pt,2881492,ok,
origin_ettm2_sequential_f075,origin_ettm2_sequential_f075/102270/continual_2/checkpoints/last.pt,2881492,ok,
origin_ettm2_sequential_f075,origin_ettm2_sequential_f075/102271/baseline/checkpoints/best.pt,2881492,ok,
origin_ettm2_sequential_f075,origin_ettm2_sequential_f075/102271/baseline/checkpoints/last.pt,2881492,ok,
origin_ettm2_sequential_f075,origin_ettm2_sequential_f075/102271/continual_0/checkpoints/best.pt,2881492,ok,
origin_ettm2_sequential_f075,origin_ettm2_sequential_f075/102271/continual_0/checkpoints/last.pt,2881492,ok,
origin_ettm2_sequential_f075,origin_ettm2_sequential_f075/102271/continual_1/checkpoints/best.pt,2881492,ok,
origin_ettm2_sequential_f075,origin_ettm2_sequential_f075/102271/continual_1/checkpoints/last.pt,2881492,ok,
origin_ettm2_sequential_f075,origin_ettm2_sequential_f075/102271/continual_2/checkpoints/best.pt,2881492,ok,
origin_ettm2_sequential_f075,origin_ettm2_sequential_f075/102271/continual_2/checkpoints/last.pt,2881492,ok,
origin_ettm2_sequential_f0875,origin_ettm2_sequential_f0875/102272/baseline/checkpoints/best.pt,2881492,ok,
origin_ettm2_sequential_f0875,origin_ettm2_sequential_f0875/102272/baseline/checkpoints/last.pt,2881492,ok,
origin_ettm2_sequential_f0875,origin_ettm2_sequential_f0875/102272/continual_0/checkpoints/best.pt,2881492,ok,
origin_ettm2_sequential_f0875,origin_ettm2_sequential_f0875/102272/continual_0/checkpoints/last.pt,2881492,ok,
origin_ettm2_sequential_f0875,origin_ettm2_sequential_f0875/102272/continual_1/checkpoints/best.pt,2881492,ok,
origin_ettm2_sequential_f0875,origin_ettm2_sequential_f0875/102272/continual_1/checkpoints/last.pt,2881492,ok,
origin_ettm2_sequential_f0875,origin_ettm2_sequential_f0875/102272/continual_2/checkpoints/best.pt,2881492,ok,
origin_ettm2_sequential_f0875,origin_ettm2_sequential_f0875/102272/continual_2/checkpoints/last.pt,2881492,ok,
origin_ettm2_sequential_f0875,origin_ettm2_sequential_f0875/102273/baseline/checkpoints/best.pt,2881492,ok,
origin_ettm2_sequential_f0875,origin_ettm2_sequential_f0875/102273/baseline/checkpoints/last.pt,2881492,ok,
origin_ettm2_sequential_f0875,origin_ettm2_sequential_f0875/102273/continual_0/checkpoints/best.pt,2881492,ok,
origin_ettm2_sequential_f0875,origin_ettm2_sequential_f0875/102273/continual_0/checkpoints/last.pt,2881492,ok,
origin_ettm2_sequential_f0875,origin_ettm2_sequential_f0875/102273/continual_1/checkpoints/best.pt,2881492,ok,
origin_ettm2_sequential_f0875,origin_ettm2_sequential_f0875/102273/continual_1/checkpoints/last.pt,2881492,ok,
origin_ettm2_sequential_f0875,origin_ettm2_sequential_f0875/102273/continual_2/checkpoints/best.pt,2881492,ok,
origin_ettm2_sequential_f0875,origin_ettm2_sequential_f0875/102273/continual_2/checkpoints/last.pt,2881492,ok,
origin_ettm2_sequential_f0875,origin_ettm2_sequential_f0875/102274/baseline/checkpoints/best.pt,2881492,ok,
origin_ettm2_sequential_f0875,origin_ettm2_sequential_f0875/102274/baseline/checkpoints/last.pt,2881492,ok,
origin_ettm2_sequential_f0875,origin_ettm2_sequential_f0875/102274/continual_0/checkpoints/best.pt,2881492,ok,
origin_ettm2_sequential_f0875,origin_ettm2_sequential_f0875/102274/continual_0/checkpoints/last.pt,2881492,ok,
origin_ettm2_sequential_f0875,origin_ettm2_sequential_f0875/102274/continual_1/checkpoints/best.pt,2881492,ok,
origin_ettm2_sequential_f0875,origin_ettm2_sequential_f0875/102274/continual_1/checkpoints/last.pt,2881492,ok,
origin_ettm2_sequential_f0875,origin_ettm2_sequential_f0875/102274/continual_2/checkpoints/best.pt,2881492,ok,
origin_ettm2_sequential_f0875,origin_ettm2_sequential_f0875/102274/continual_2/checkpoints/last.pt,2881492,ok,
origin_ettm2_window_f075,origin_ettm2_window_f075/102281/baseline/checkpoints/best.pt,2881492,ok,
origin_ettm2_window_f075,origin_ettm2_window_f075/102281/baseline/checkpoints/last.pt,2881492,ok,
origin_ettm2_window_f075,origin_ettm2_window_f075/102281/finetune_0/checkpoints/best.pt,2881492,ok,
origin_ettm2_window_f075,origin_ettm2_window_f075/102281/finetune_0/checkpoints/last.pt,2881492,ok,
origin_ettm2_window_f075,origin_ettm2_window_f075/102281/merged/checkpoints/best.pt,2877076,ok,
origin_ettm2_window_f075,origin_ettm2_window_f075/102282/baseline/checkpoints/best.pt,2881492,ok,
origin_ettm2_window_f075,origin_ettm2_window_f075/102282/baseline/checkpoints/last.pt,2881492,ok,
origin_ettm2_window_f075,origin_ettm2_window_f075/102282/finetune_0/checkpoints/best.pt,2881492,ok,
origin_ettm2_window_f075,origin_ettm2_window_f075/102282/finetune_0/checkpoints/last.pt,2881492,ok,
origin_ettm2_window_f075,origin_ettm2_window_f075/102282/merged/checkpoints/best.pt,2877076,ok,
origin_ettm2_window_f075,origin_ettm2_window_f075/102283/baseline/checkpoints/best.pt,2881492,ok,
origin_ettm2_window_f075,origin_ettm2_window_f075/102283/baseline/checkpoints/last.pt,2881492,ok,
origin_ettm2_window_f075,origin_ettm2_window_f075/102283/finetune_0/checkpoints/best.pt,2881492,ok,
origin_ettm2_window_f075,origin_ettm2_window_f075/102283/finetune_0/checkpoints/last.pt,2881492,ok,
origin_ettm2_window_f075,origin_ettm2_window_f075/102283/merged/checkpoints/best.pt,2877076,ok,
origin_ettm2_window_f0875,origin_ettm2_window_f0875/102284/baseline/checkpoints/best.pt,2881492,ok,
origin_ettm2_window_f0875,origin_ettm2_window_f0875/102284/baseline/checkpoints/last.pt,2881492,ok,
origin_ettm2_window_f0875,origin_ettm2_window_f0875/102284/finetune_0/checkpoints/best.pt,2881492,ok,
origin_ettm2_window_f0875,origin_ettm2_window_f0875/102284/finetune_0/checkpoints/last.pt,2881492,ok,
origin_ettm2_window_f0875,origin_ettm2_window_f0875/102284/merged/checkpoints/best.pt,2877076,ok,
origin_ettm2_window_f0875,origin_ettm2_window_f0875/102285/baseline/checkpoints/best.pt,2881492,ok,
origin_ettm2_window_f0875,origin_ettm2_window_f0875/102285/baseline/checkpoints/last.pt,2881492,ok,
origin_ettm2_window_f0875,origin_ettm2_window_f0875/102285/finetune_0/checkpoints/best.pt,2881492,ok,
origin_ettm2_window_f0875,origin_ettm2_window_f0875/102285/finetune_0/checkpoints/last.pt,2881492,ok,
origin_ettm2_window_f0875,origin_ettm2_window_f0875/102285/merged/checkpoints/best.pt,2877076,ok,
origin_ettm2_window_f0875,origin_ettm2_window_f0875/102286/baseline/checkpoints/best.pt,2881492,ok,
origin_ettm2_window_f0875,origin_ettm2_window_f0875/102286/baseline/checkpoints/last.pt,2881492,ok,
origin_ettm2_window_f0875,origin_ettm2_window_f0875/102286/finetune_0/checkpoints/best.pt,2881492,ok,
origin_ettm2_window_f0875,origin_ettm2_window_f0875/102286/finetune_0/checkpoints/last.pt,2881492,ok,
origin_ettm2_window_f0875,origin_ettm2_window_f0875/102286/merged/checkpoints/best.pt,2877076,ok,
origin_exchange_joint_f075,origin_exchange_joint_f075/84470/train/checkpoints/best.pt,2870740,ok,
origin_exchange_joint_f075,origin_exchange_joint_f075/84470/train/checkpoints/last.pt,2870740,ok,
origin_exchange_joint_f075,origin_exchange_joint_f075/84478_41/train/checkpoints/best.pt,2870740,ok,
origin_exchange_joint_f075,origin_exchange_joint_f075/84478_41/train/checkpoints/last.pt,2870740,ok,
origin_exchange_joint_f075,origin_exchange_joint_f075/84478_42/train/checkpoints/best.pt,2870740,ok,
origin_exchange_joint_f075,origin_exchange_joint_f075/84478_42/train/checkpoints/last.pt,2870740,ok,
origin_exchange_joint_f0875,origin_exchange_joint_f0875/84470/train/checkpoints/best.pt,2870740,ok,
origin_exchange_joint_f0875,origin_exchange_joint_f0875/84470/train/checkpoints/last.pt,2870740,ok,
origin_exchange_joint_f0875,origin_exchange_joint_f0875/84478_43/train/checkpoints/best.pt,2870740,ok,
origin_exchange_joint_f0875,origin_exchange_joint_f0875/84478_43/train/checkpoints/last.pt,2870740,ok,
origin_exchange_joint_f0875,origin_exchange_joint_f0875/84478_44/train/checkpoints/best.pt,2870740,ok,
origin_exchange_joint_f0875,origin_exchange_joint_f0875/84478_44/train/checkpoints/last.pt,2870740,ok,
origin_exchange_joint_f10,origin_exchange_joint_f10/84470/train/checkpoints/best.pt,2870740,ok,
origin_exchange_joint_f10,origin_exchange_joint_f10/84470/train/checkpoints/last.pt,2870740,ok,
origin_exchange_joint_f10,origin_exchange_joint_f10/84478_45/train/checkpoints/best.pt,2870740,ok,
origin_exchange_joint_f10,origin_exchange_joint_f10/84478_45/train/checkpoints/last.pt,2870740,ok,
origin_exchange_joint_f10,origin_exchange_joint_f10/84478_46/train/checkpoints/best.pt,2870740,ok,
origin_exchange_joint_f10,origin_exchange_joint_f10/84478_46/train/checkpoints/last.pt,2870740,ok,
origin_exchange_merge_f075,origin_exchange_merge_f075/84470/baseline/checkpoints/best.pt,2870740,ok,
origin_exchange_merge_f075,origin_exchange_merge_f075/84470/baseline/checkpoints/last.pt,2870740,ok,
origin_exchange_merge_f075,origin_exchange_merge_f075/84470/finetune_0/checkpoints/best.pt,2870740,ok,
origin_exchange_merge_f075,origin_exchange_merge_f075/84470/finetune_0/checkpoints/last.pt,2870740,ok,
origin_exchange_merge_f075,origin_exchange_merge_f075/84470/finetune_1/checkpoints/best.pt,2870740,ok,
origin_exchange_merge_f075,origin_exchange_merge_f075/84470/finetune_1/checkpoints/last.pt,2870740,ok,
origin_exchange_merge_f075,origin_exchange_merge_f075/84470/finetune_2/checkpoints/best.pt,2870740,ok,
origin_exchange_merge_f075,origin_exchange_merge_f075/84470/finetune_2/checkpoints/last.pt,2870740,ok,
origin_exchange_merge_f075,origin_exchange_merge_f075/84470/merged/checkpoints/best.pt,2866324,ok,
origin_exchange_merge_f075,origin_exchange_merge_f075/84478_29/baseline/checkpoints/best.pt,2870740,ok,
origin_exchange_merge_f075,origin_exchange_merge_f075/84478_29/baseline/checkpoints/last.pt,2870740,ok,
origin_exchange_merge_f075,origin_exchange_merge_f075/84478_29/finetune_0/checkpoints/best.pt,2870740,ok,
origin_exchange_merge_f075,origin_exchange_merge_f075/84478_29/finetune_0/checkpoints/last.pt,2870740,ok,
origin_exchange_merge_f075,origin_exchange_merge_f075/84478_29/finetune_1/checkpoints/best.pt,2870740,ok,
origin_exchange_merge_f075,origin_exchange_merge_f075/84478_29/finetune_1/checkpoints/last.pt,2870740,ok,
origin_exchange_merge_f075,origin_exchange_merge_f075/84478_29/finetune_2/checkpoints/best.pt,2870740,ok,
origin_exchange_merge_f075,origin_exchange_merge_f075/84478_29/finetune_2/checkpoints/last.pt,2870740,ok,
origin_exchange_merge_f075,origin_exchange_merge_f075/84478_29/merged/checkpoints/best.pt,2866324,ok,
origin_exchange_merge_f075,origin_exchange_merge_f075/84478_30/baseline/checkpoints/best.pt,2870740,ok,
origin_exchange_merge_f075,origin_exchange_merge_f075/84478_30/baseline/checkpoints/last.pt,2870740,ok,
origin_exchange_merge_f075,origin_exchange_merge_f075/84478_30/finetune_0/checkpoints/best.pt,2870740,ok,
origin_exchange_merge_f075,origin_exchange_merge_f075/84478_30/finetune_0/checkpoints/last.pt,2870740,ok,
origin_exchange_merge_f075,origin_exchange_merge_f075/84478_30/finetune_1/checkpoints/best.pt,2870740,ok,
origin_exchange_merge_f075,origin_exchange_merge_f075/84478_30/finetune_1/checkpoints/last.pt,2870740,ok,
origin_exchange_merge_f075,origin_exchange_merge_f075/84478_30/finetune_2/checkpoints/best.pt,2870740,ok,
origin_exchange_merge_f075,origin_exchange_merge_f075/84478_30/finetune_2/checkpoints/last.pt,2870740,ok,
origin_exchange_merge_f075,origin_exchange_merge_f075/84478_30/merged/checkpoints/best.pt,2866324,ok,
origin_exchange_merge_f0875,origin_exchange_merge_f0875/84470/baseline/checkpoints/best.pt,2870740,ok,
origin_exchange_merge_f0875,origin_exchange_merge_f0875/84470/baseline/checkpoints/last.pt,2870740,ok,
origin_exchange_merge_f0875,origin_exchange_merge_f0875/84470/finetune_0/checkpoints/best.pt,2870740,ok,
origin_exchange_merge_f0875,origin_exchange_merge_f0875/84470/finetune_0/checkpoints/last.pt,2870740,ok,
origin_exchange_merge_f0875,origin_exchange_merge_f0875/84470/finetune_1/checkpoints/best.pt,2870740,ok,
origin_exchange_merge_f0875,origin_exchange_merge_f0875/84470/finetune_1/checkpoints/last.pt,2870740,ok,
origin_exchange_merge_f0875,origin_exchange_merge_f0875/84470/finetune_2/checkpoints/best.pt,2870740,ok,
origin_exchange_merge_f0875,origin_exchange_merge_f0875/84470/finetune_2/checkpoints/last.pt,2870740,ok,
origin_exchange_merge_f0875,origin_exchange_merge_f0875/84470/merged/checkpoints/best.pt,2866324,ok,
origin_exchange_merge_f0875,origin_exchange_merge_f0875/84478_31/baseline/checkpoints/best.pt,2870740,ok,
origin_exchange_merge_f0875,origin_exchange_merge_f0875/84478_31/baseline/checkpoints/last.pt,2870740,ok,
origin_exchange_merge_f0875,origin_exchange_merge_f0875/84478_31/finetune_0/checkpoints/best.pt,2870740,ok,
origin_exchange_merge_f0875,origin_exchange_merge_f0875/84478_31/finetune_0/checkpoints/last.pt,2870740,ok,
origin_exchange_merge_f0875,origin_exchange_merge_f0875/84478_31/finetune_1/checkpoints/best.pt,2870740,ok,
origin_exchange_merge_f0875,origin_exchange_merge_f0875/84478_31/finetune_1/checkpoints/last.pt,2870740,ok,
origin_exchange_merge_f0875,origin_exchange_merge_f0875/84478_31/finetune_2/checkpoints/best.pt,2870740,ok,
origin_exchange_merge_f0875,origin_exchange_merge_f0875/84478_31/finetune_2/checkpoints/last.pt,2870740,ok,
origin_exchange_merge_f0875,origin_exchange_merge_f0875/84478_31/merged/checkpoints/best.pt,2866324,ok,
origin_exchange_merge_f0875,origin_exchange_merge_f0875/84478_32/baseline/checkpoints/best.pt,2870740,ok,
origin_exchange_merge_f0875,origin_exchange_merge_f0875/84478_32/baseline/checkpoints/last.pt,2870740,ok,
origin_exchange_merge_f0875,origin_exchange_merge_f0875/84478_32/finetune_0/checkpoints/best.pt,2870740,ok,
origin_exchange_merge_f0875,origin_exchange_merge_f0875/84478_32/finetune_0/checkpoints/last.pt,2870740,ok,
origin_exchange_merge_f0875,origin_exchange_merge_f0875/84478_32/finetune_1/checkpoints/best.pt,2870740,ok,
origin_exchange_merge_f0875,origin_exchange_merge_f0875/84478_32/finetune_1/checkpoints/last.pt,2870740,ok,
origin_exchange_merge_f0875,origin_exchange_merge_f0875/84478_32/finetune_2/checkpoints/best.pt,2870740,ok,
origin_exchange_merge_f0875,origin_exchange_merge_f0875/84478_32/finetune_2/checkpoints/last.pt,2870740,ok,
origin_exchange_merge_f0875,origin_exchange_merge_f0875/84478_32/merged/checkpoints/best.pt,2866324,ok,
origin_exchange_merge_f10,origin_exchange_merge_f10/84470/baseline/checkpoints/best.pt,2870740,ok,
origin_exchange_merge_f10,origin_exchange_merge_f10/84470/baseline/checkpoints/last.pt,2870740,ok,
origin_exchange_merge_f10,origin_exchange_merge_f10/84470/finetune_0/checkpoints/best.pt,2870740,ok,
origin_exchange_merge_f10,origin_exchange_merge_f10/84470/finetune_0/checkpoints/last.pt,2870740,ok,
origin_exchange_merge_f10,origin_exchange_merge_f10/84470/finetune_1/checkpoints/best.pt,2870740,ok,
origin_exchange_merge_f10,origin_exchange_merge_f10/84470/finetune_1/checkpoints/last.pt,2870740,ok,
origin_exchange_merge_f10,origin_exchange_merge_f10/84470/finetune_2/checkpoints/best.pt,2870740,ok,
origin_exchange_merge_f10,origin_exchange_merge_f10/84470/finetune_2/checkpoints/last.pt,2870740,ok,
origin_exchange_merge_f10,origin_exchange_merge_f10/84470/merged/checkpoints/best.pt,2866324,ok,
origin_exchange_merge_f10,origin_exchange_merge_f10/84478_33/baseline/checkpoints/best.pt,2870740,ok,
origin_exchange_merge_f10,origin_exchange_merge_f10/84478_33/baseline/checkpoints/last.pt,2870740,ok,
origin_exchange_merge_f10,origin_exchange_merge_f10/84478_33/finetune_0/checkpoints/best.pt,2870740,ok,
origin_exchange_merge_f10,origin_exchange_merge_f10/84478_33/finetune_0/checkpoints/last.pt,2870740,ok,
origin_exchange_merge_f10,origin_exchange_merge_f10/84478_33/finetune_1/checkpoints/best.pt,2870740,ok,
origin_exchange_merge_f10,origin_exchange_merge_f10/84478_33/finetune_1/checkpoints/last.pt,2870740,ok,
origin_exchange_merge_f10,origin_exchange_merge_f10/84478_33/finetune_2/checkpoints/best.pt,2870740,ok,
origin_exchange_merge_f10,origin_exchange_merge_f10/84478_33/finetune_2/checkpoints/last.pt,2870740,ok,
origin_exchange_merge_f10,origin_exchange_merge_f10/84478_33/merged/checkpoints/best.pt,2866324,ok,
origin_exchange_merge_f10,origin_exchange_merge_f10/84478_34/baseline/checkpoints/best.pt,2870740,ok,
origin_exchange_merge_f10,origin_exchange_merge_f10/84478_34/baseline/checkpoints/last.pt,2870740,ok,
origin_exchange_merge_f10,origin_exchange_merge_f10/84478_34/finetune_0/checkpoints/best.pt,2870740,ok,
origin_exchange_merge_f10,origin_exchange_merge_f10/84478_34/finetune_0/checkpoints/last.pt,2870740,ok,
origin_exchange_merge_f10,origin_exchange_merge_f10/84478_34/finetune_1/checkpoints/best.pt,2870740,ok,
origin_exchange_merge_f10,origin_exchange_merge_f10/84478_34/finetune_1/checkpoints/last.pt,2870740,ok,
origin_exchange_merge_f10,origin_exchange_merge_f10/84478_34/finetune_2/checkpoints/best.pt,2870740,ok,
origin_exchange_merge_f10,origin_exchange_merge_f10/84478_34/finetune_2/checkpoints/last.pt,2870740,ok,
origin_exchange_merge_f10,origin_exchange_merge_f10/84478_34/merged/checkpoints/best.pt,2866324,ok,
origin_exchange_sequential_f075,origin_exchange_sequential_f075/84470/baseline/checkpoints/best.pt,2870740,ok,
origin_exchange_sequential_f075,origin_exchange_sequential_f075/84470/baseline/checkpoints/last.pt,2870740,ok,
origin_exchange_sequential_f075,origin_exchange_sequential_f075/84470/continual_0/checkpoints/best.pt,2870740,ok,
origin_exchange_sequential_f075,origin_exchange_sequential_f075/84470/continual_0/checkpoints/last.pt,2870740,ok,
origin_exchange_sequential_f075,origin_exchange_sequential_f075/84470/continual_1/checkpoints/best.pt,2870740,ok,
origin_exchange_sequential_f075,origin_exchange_sequential_f075/84470/continual_1/checkpoints/last.pt,2870740,ok,
origin_exchange_sequential_f075,origin_exchange_sequential_f075/84470/continual_2/checkpoints/best.pt,2870740,ok,
origin_exchange_sequential_f075,origin_exchange_sequential_f075/84470/continual_2/checkpoints/last.pt,2870740,ok,
origin_exchange_sequential_f075,origin_exchange_sequential_f075/84478_35/baseline/checkpoints/best.pt,2870740,ok,
origin_exchange_sequential_f075,origin_exchange_sequential_f075/84478_35/baseline/checkpoints/last.pt,2870740,ok,
origin_exchange_sequential_f075,origin_exchange_sequential_f075/84478_35/continual_0/checkpoints/best.pt,2870740,ok,
origin_exchange_sequential_f075,origin_exchange_sequential_f075/84478_35/continual_0/checkpoints/last.pt,2870740,ok,
origin_exchange_sequential_f075,origin_exchange_sequential_f075/84478_35/continual_1/checkpoints/best.pt,2870740,ok,
origin_exchange_sequential_f075,origin_exchange_sequential_f075/84478_35/continual_1/checkpoints/last.pt,2870740,ok,
origin_exchange_sequential_f075,origin_exchange_sequential_f075/84478_35/continual_2/checkpoints/best.pt,2870740,ok,
origin_exchange_sequential_f075,origin_exchange_sequential_f075/84478_35/continual_2/checkpoints/last.pt,2870740,ok,
origin_exchange_sequential_f075,origin_exchange_sequential_f075/84478_36/baseline/checkpoints/best.pt,2870740,ok,
origin_exchange_sequential_f075,origin_exchange_sequential_f075/84478_36/baseline/checkpoints/last.pt,2870740,ok,
origin_exchange_sequential_f075,origin_exchange_sequential_f075/84478_36/continual_0/checkpoints/best.pt,2870740,ok,
origin_exchange_sequential_f075,origin_exchange_sequential_f075/84478_36/continual_0/checkpoints/last.pt,2870740,ok,
origin_exchange_sequential_f075,origin_exchange_sequential_f075/84478_36/continual_1/checkpoints/best.pt,2870740,ok,
origin_exchange_sequential_f075,origin_exchange_sequential_f075/84478_36/continual_1/checkpoints/last.pt,2870740,ok,
origin_exchange_sequential_f075,origin_exchange_sequential_f075/84478_36/continual_2/checkpoints/best.pt,2870740,ok,
origin_exchange_sequential_f075,origin_exchange_sequential_f075/84478_36/continual_2/checkpoints/last.pt,2870740,ok,
origin_exchange_sequential_f0875,origin_exchange_sequential_f0875/84470/baseline/checkpoints/best.pt,2870740,ok,
origin_exchange_sequential_f0875,origin_exchange_sequential_f0875/84470/baseline/checkpoints/last.pt,2870740,ok,
origin_exchange_sequential_f0875,origin_exchange_sequential_f0875/84470/continual_0/checkpoints/best.pt,2870740,ok,
origin_exchange_sequential_f0875,origin_exchange_sequential_f0875/84470/continual_0/checkpoints/last.pt,2870740,ok,
origin_exchange_sequential_f0875,origin_exchange_sequential_f0875/84470/continual_1/checkpoints/best.pt,2870740,ok,
origin_exchange_sequential_f0875,origin_exchange_sequential_f0875/84470/continual_1/checkpoints/last.pt,2870740,ok,
origin_exchange_sequential_f0875,origin_exchange_sequential_f0875/84470/continual_2/checkpoints/best.pt,2870740,ok,
origin_exchange_sequential_f0875,origin_exchange_sequential_f0875/84470/continual_2/checkpoints/last.pt,2870740,ok,
origin_exchange_sequential_f0875,origin_exchange_sequential_f0875/84478_37/baseline/checkpoints/best.pt,2870740,ok,
origin_exchange_sequential_f0875,origin_exchange_sequential_f0875/84478_37/baseline/checkpoints/last.pt,2870740,ok,
origin_exchange_sequential_f0875,origin_exchange_sequential_f0875/84478_37/continual_0/checkpoints/best.pt,2870740,ok,
origin_exchange_sequential_f0875,origin_exchange_sequential_f0875/84478_37/continual_0/checkpoints/last.pt,2870740,ok,
origin_exchange_sequential_f0875,origin_exchange_sequential_f0875/84478_37/continual_1/checkpoints/best.pt,2870740,ok,
origin_exchange_sequential_f0875,origin_exchange_sequential_f0875/84478_37/continual_1/checkpoints/last.pt,2870740,ok,
origin_exchange_sequential_f0875,origin_exchange_sequential_f0875/84478_37/continual_2/checkpoints/best.pt,2870740,ok,
origin_exchange_sequential_f0875,origin_exchange_sequential_f0875/84478_37/continual_2/checkpoints/last.pt,2870740,ok,
origin_exchange_sequential_f0875,origin_exchange_sequential_f0875/84478_38/baseline/checkpoints/best.pt,2870740,ok,
origin_exchange_sequential_f0875,origin_exchange_sequential_f0875/84478_38/baseline/checkpoints/last.pt,2870740,ok,
origin_exchange_sequential_f0875,origin_exchange_sequential_f0875/84478_38/continual_0/checkpoints/best.pt,2870740,ok,
origin_exchange_sequential_f0875,origin_exchange_sequential_f0875/84478_38/continual_0/checkpoints/last.pt,2870740,ok,
origin_exchange_sequential_f0875,origin_exchange_sequential_f0875/84478_38/continual_1/checkpoints/best.pt,2870740,ok,
origin_exchange_sequential_f0875,origin_exchange_sequential_f0875/84478_38/continual_1/checkpoints/last.pt,2870740,ok,
origin_exchange_sequential_f0875,origin_exchange_sequential_f0875/84478_38/continual_2/checkpoints/best.pt,2870740,ok,
origin_exchange_sequential_f0875,origin_exchange_sequential_f0875/84478_38/continual_2/checkpoints/last.pt,2870740,ok,
origin_exchange_sequential_f10,origin_exchange_sequential_f10/84470/baseline/checkpoints/best.pt,2870740,ok,
origin_exchange_sequential_f10,origin_exchange_sequential_f10/84470/baseline/checkpoints/last.pt,2870740,ok,
origin_exchange_sequential_f10,origin_exchange_sequential_f10/84470/continual_0/checkpoints/best.pt,2870740,ok,
origin_exchange_sequential_f10,origin_exchange_sequential_f10/84470/continual_0/checkpoints/last.pt,2870740,ok,
origin_exchange_sequential_f10,origin_exchange_sequential_f10/84470/continual_1/checkpoints/best.pt,2870740,ok,
origin_exchange_sequential_f10,origin_exchange_sequential_f10/84470/continual_1/checkpoints/last.pt,2870740,ok,
origin_exchange_sequential_f10,origin_exchange_sequential_f10/84470/continual_2/checkpoints/best.pt,2870740,ok,
origin_exchange_sequential_f10,origin_exchange_sequential_f10/84470/continual_2/checkpoints/last.pt,2870740,ok,
origin_exchange_sequential_f10,origin_exchange_sequential_f10/84478_39/baseline/checkpoints/best.pt,2870740,ok,
origin_exchange_sequential_f10,origin_exchange_sequential_f10/84478_39/baseline/checkpoints/last.pt,2870740,ok,
origin_exchange_sequential_f10,origin_exchange_sequential_f10/84478_39/continual_0/checkpoints/best.pt,2870740,ok,
origin_exchange_sequential_f10,origin_exchange_sequential_f10/84478_39/continual_0/checkpoints/last.pt,2870740,ok,
origin_exchange_sequential_f10,origin_exchange_sequential_f10/84478_39/continual_1/checkpoints/best.pt,2870740,ok,
origin_exchange_sequential_f10,origin_exchange_sequential_f10/84478_39/continual_1/checkpoints/last.pt,2870740,ok,
origin_exchange_sequential_f10,origin_exchange_sequential_f10/84478_39/continual_2/checkpoints/best.pt,2870740,ok,
origin_exchange_sequential_f10,origin_exchange_sequential_f10/84478_39/continual_2/checkpoints/last.pt,2870740,ok,
origin_exchange_sequential_f10,origin_exchange_sequential_f10/84478_40/baseline/checkpoints/best.pt,2870740,ok,
origin_exchange_sequential_f10,origin_exchange_sequential_f10/84478_40/baseline/checkpoints/last.pt,2870740,ok,
origin_exchange_sequential_f10,origin_exchange_sequential_f10/84478_40/continual_0/checkpoints/best.pt,2870740,ok,
origin_exchange_sequential_f10,origin_exchange_sequential_f10/84478_40/continual_0/checkpoints/last.pt,2870740,ok,
origin_exchange_sequential_f10,origin_exchange_sequential_f10/84478_40/continual_1/checkpoints/best.pt,2870740,ok,
origin_exchange_sequential_f10,origin_exchange_sequential_f10/84478_40/continual_1/checkpoints/last.pt,2870740,ok,
origin_exchange_sequential_f10,origin_exchange_sequential_f10/84478_40/continual_2/checkpoints/best.pt,2870740,ok,
origin_exchange_sequential_f10,origin_exchange_sequential_f10/84478_40/continual_2/checkpoints/last.pt,2870740,ok,
origin_exchange_window_f075,origin_exchange_window_f075/84470/baseline/checkpoints/best.pt,2870740,ok,
origin_exchange_window_f075,origin_exchange_window_f075/84470/baseline/checkpoints/last.pt,2870740,ok,
origin_exchange_window_f075,origin_exchange_window_f075/84470/finetune_0/checkpoints/best.pt,2870740,ok,
origin_exchange_window_f075,origin_exchange_window_f075/84470/finetune_0/checkpoints/last.pt,2870740,ok,
origin_exchange_window_f075,origin_exchange_window_f075/84470/merged/checkpoints/best.pt,2866324,ok,
origin_exchange_window_f075,origin_exchange_window_f075/84478_47/baseline/checkpoints/best.pt,2870740,ok,
origin_exchange_window_f075,origin_exchange_window_f075/84478_47/baseline/checkpoints/last.pt,2870740,ok,
origin_exchange_window_f075,origin_exchange_window_f075/84478_47/finetune_0/checkpoints/best.pt,2870740,ok,
origin_exchange_window_f075,origin_exchange_window_f075/84478_47/finetune_0/checkpoints/last.pt,2870740,ok,
origin_exchange_window_f075,origin_exchange_window_f075/84478_47/merged/checkpoints/best.pt,2866324,ok,
origin_exchange_window_f075,origin_exchange_window_f075/84478_48/baseline/checkpoints/best.pt,2870740,ok,
origin_exchange_window_f075,origin_exchange_window_f075/84478_48/baseline/checkpoints/last.pt,2870740,ok,
origin_exchange_window_f075,origin_exchange_window_f075/84478_48/finetune_0/checkpoints/best.pt,2870740,ok,
origin_exchange_window_f075,origin_exchange_window_f075/84478_48/finetune_0/checkpoints/last.pt,2870740,ok,
origin_exchange_window_f075,origin_exchange_window_f075/84478_48/merged/checkpoints/best.pt,2866324,ok,
origin_exchange_window_f0875,origin_exchange_window_f0875/84470/baseline/checkpoints/best.pt,2870740,ok,
origin_exchange_window_f0875,origin_exchange_window_f0875/84470/baseline/checkpoints/last.pt,2870740,ok,
origin_exchange_window_f0875,origin_exchange_window_f0875/84470/finetune_0/checkpoints/best.pt,2870740,ok,
origin_exchange_window_f0875,origin_exchange_window_f0875/84470/finetune_0/checkpoints/last.pt,2870740,ok,
origin_exchange_window_f0875,origin_exchange_window_f0875/84470/merged/checkpoints/best.pt,2866324,ok,
origin_exchange_window_f0875,origin_exchange_window_f0875/84478_49/baseline/checkpoints/best.pt,2870740,ok,
origin_exchange_window_f0875,origin_exchange_window_f0875/84478_49/baseline/checkpoints/last.pt,2870740,ok,
origin_exchange_window_f0875,origin_exchange_window_f0875/84478_49/finetune_0/checkpoints/best.pt,2870740,ok,
origin_exchange_window_f0875,origin_exchange_window_f0875/84478_49/finetune_0/checkpoints/last.pt,2870740,ok,
origin_exchange_window_f0875,origin_exchange_window_f0875/84478_49/merged/checkpoints/best.pt,2866324,ok,
origin_exchange_window_f0875,origin_exchange_window_f0875/84478_50/baseline/checkpoints/best.pt,2870740,ok,
origin_exchange_window_f0875,origin_exchange_window_f0875/84478_50/baseline/checkpoints/last.pt,2870740,ok,
origin_exchange_window_f0875,origin_exchange_window_f0875/84478_50/finetune_0/checkpoints/best.pt,2870740,ok,
origin_exchange_window_f0875,origin_exchange_window_f0875/84478_50/finetune_0/checkpoints/last.pt,2870740,ok,
origin_exchange_window_f0875,origin_exchange_window_f0875/84478_50/merged/checkpoints/best.pt,2866324,ok,
origin_exchange_window_f10,origin_exchange_window_f10/84470/baseline/checkpoints/best.pt,2870740,ok,
origin_exchange_window_f10,origin_exchange_window_f10/84470/baseline/checkpoints/last.pt,2870740,ok,
origin_exchange_window_f10,origin_exchange_window_f10/84470/finetune_0/checkpoints/best.pt,2870740,ok,
origin_exchange_window_f10,origin_exchange_window_f10/84470/finetune_0/checkpoints/last.pt,2870740,ok,
origin_exchange_window_f10,origin_exchange_window_f10/84470/merged/checkpoints/best.pt,2866324,ok,
origin_exchange_window_f10,origin_exchange_window_f10/84478_51/baseline/checkpoints/best.pt,2870740,ok,
origin_exchange_window_f10,origin_exchange_window_f10/84478_51/baseline/checkpoints/last.pt,2870740,ok,
origin_exchange_window_f10,origin_exchange_window_f10/84478_51/finetune_0/checkpoints/best.pt,2870740,ok,
origin_exchange_window_f10,origin_exchange_window_f10/84478_51/finetune_0/checkpoints/last.pt,2870740,ok,
origin_exchange_window_f10,origin_exchange_window_f10/84478_51/merged/checkpoints/best.pt,2866324,ok,
origin_exchange_window_f10,origin_exchange_window_f10/84478_52/baseline/checkpoints/best.pt,2870740,ok,
origin_exchange_window_f10,origin_exchange_window_f10/84478_52/baseline/checkpoints/last.pt,2870740,ok,
origin_exchange_window_f10,origin_exchange_window_f10/84478_52/finetune_0/checkpoints/best.pt,2870740,ok,
origin_exchange_window_f10,origin_exchange_window_f10/84478_52/finetune_0/checkpoints/last.pt,2870740,ok,
origin_exchange_window_f10,origin_exchange_window_f10/84478_52/merged/checkpoints/best.pt,2866324,ok,
segsweep_etth1_merge_n2,segsweep_etth1_merge_n2/79870/baseline/checkpoints/best.pt,2881492,ok,
segsweep_etth1_merge_n2,segsweep_etth1_merge_n2/79870/baseline/checkpoints/last.pt,2881492,ok,
segsweep_etth1_merge_n2,segsweep_etth1_merge_n2/79870/finetune_0/checkpoints/best.pt,2881492,ok,
segsweep_etth1_merge_n2,segsweep_etth1_merge_n2/79870/finetune_0/checkpoints/last.pt,2881492,ok,
segsweep_etth1_merge_n2,segsweep_etth1_merge_n2/79870/finetune_1/checkpoints/best.pt,2881492,ok,
segsweep_etth1_merge_n2,segsweep_etth1_merge_n2/79870/finetune_1/checkpoints/last.pt,2881492,ok,
segsweep_etth1_merge_n2,segsweep_etth1_merge_n2/79870/merged/checkpoints/best.pt,2877076,ok,
segsweep_etth1_merge_n2,segsweep_etth1_merge_n2/79871/baseline/checkpoints/best.pt,2881492,ok,
segsweep_etth1_merge_n2,segsweep_etth1_merge_n2/79871/baseline/checkpoints/last.pt,2881492,ok,
segsweep_etth1_merge_n2,segsweep_etth1_merge_n2/79871/finetune_0/checkpoints/best.pt,2881492,ok,
segsweep_etth1_merge_n2,segsweep_etth1_merge_n2/79871/finetune_0/checkpoints/last.pt,2881492,ok,
segsweep_etth1_merge_n2,segsweep_etth1_merge_n2/79871/finetune_1/checkpoints/best.pt,2881492,ok,
segsweep_etth1_merge_n2,segsweep_etth1_merge_n2/79871/finetune_1/checkpoints/last.pt,2881492,ok,
segsweep_etth1_merge_n2,segsweep_etth1_merge_n2/79871/merged/checkpoints/best.pt,2877076,ok,
segsweep_etth1_merge_n2,segsweep_etth1_merge_n2/79872/baseline/checkpoints/best.pt,2881492,ok,
segsweep_etth1_merge_n2,segsweep_etth1_merge_n2/79872/baseline/checkpoints/last.pt,2881492,ok,
segsweep_etth1_merge_n2,segsweep_etth1_merge_n2/79872/finetune_0/checkpoints/best.pt,2881492,ok,
segsweep_etth1_merge_n2,segsweep_etth1_merge_n2/79872/finetune_0/checkpoints/last.pt,2881492,ok,
segsweep_etth1_merge_n2,segsweep_etth1_merge_n2/79872/finetune_1/checkpoints/best.pt,2881492,ok,
segsweep_etth1_merge_n2,segsweep_etth1_merge_n2/79872/finetune_1/checkpoints/last.pt,2881492,ok,
segsweep_etth1_merge_n2,segsweep_etth1_merge_n2/79872/merged/checkpoints/best.pt,2877076,ok,
segsweep_etth1_merge_n5,segsweep_etth1_merge_n5/79873/baseline/checkpoints/best.pt,2881492,ok,
segsweep_etth1_merge_n5,segsweep_etth1_merge_n5/79873/baseline/checkpoints/last.pt,2881492,ok,
segsweep_etth1_merge_n5,segsweep_etth1_merge_n5/79873/finetune_0/checkpoints/best.pt,2881492,ok,
segsweep_etth1_merge_n5,segsweep_etth1_merge_n5/79873/finetune_0/checkpoints/last.pt,2881492,ok,
segsweep_etth1_merge_n5,segsweep_etth1_merge_n5/79873/finetune_1/checkpoints/best.pt,2881492,ok,
segsweep_etth1_merge_n5,segsweep_etth1_merge_n5/79873/finetune_1/checkpoints/last.pt,2881492,ok,
segsweep_etth1_merge_n5,segsweep_etth1_merge_n5/79873/finetune_2/checkpoints/best.pt,2881492,ok,
segsweep_etth1_merge_n5,segsweep_etth1_merge_n5/79873/finetune_2/checkpoints/last.pt,2881492,ok,
segsweep_etth1_merge_n5,segsweep_etth1_merge_n5/79873/finetune_3/checkpoints/best.pt,2881492,ok,
segsweep_etth1_merge_n5,segsweep_etth1_merge_n5/79873/finetune_3/checkpoints/last.pt,2881492,ok,
segsweep_etth1_merge_n5,segsweep_etth1_merge_n5/79873/finetune_4/checkpoints/best.pt,2881492,ok,
segsweep_etth1_merge_n5,segsweep_etth1_merge_n5/79873/finetune_4/checkpoints/last.pt,2881492,ok,
segsweep_etth1_merge_n5,segsweep_etth1_merge_n5/79873/merged/checkpoints/best.pt,2877076,ok,
segsweep_etth1_merge_n5,segsweep_etth1_merge_n5/79917/baseline/checkpoints/best.pt,2881492,ok,
segsweep_etth1_merge_n5,segsweep_etth1_merge_n5/79917/baseline/checkpoints/last.pt,2881492,ok,
segsweep_etth1_merge_n5,segsweep_etth1_merge_n5/79917/finetune_0/checkpoints/best.pt,2881492,ok,
segsweep_etth1_merge_n5,segsweep_etth1_merge_n5/79917/finetune_0/checkpoints/last.pt,2881492,ok,
segsweep_etth1_merge_n5,segsweep_etth1_merge_n5/79917/finetune_1/checkpoints/best.pt,2881492,ok,
segsweep_etth1_merge_n5,segsweep_etth1_merge_n5/79917/finetune_1/checkpoints/last.pt,2881492,ok,
segsweep_etth1_merge_n5,segsweep_etth1_merge_n5/79917/finetune_2/checkpoints/best.pt,2881492,ok,
segsweep_etth1_merge_n5,segsweep_etth1_merge_n5/79917/finetune_2/checkpoints/last.pt,2881492,ok,
segsweep_etth1_merge_n5,segsweep_etth1_merge_n5/79917/finetune_3/checkpoints/best.pt,2881492,ok,
segsweep_etth1_merge_n5,segsweep_etth1_merge_n5/79917/finetune_3/checkpoints/last.pt,2881492,ok,
segsweep_etth1_merge_n5,segsweep_etth1_merge_n5/79917/finetune_4/checkpoints/best.pt,2881492,ok,
segsweep_etth1_merge_n5,segsweep_etth1_merge_n5/79917/finetune_4/checkpoints/last.pt,2881492,ok,
segsweep_etth1_merge_n5,segsweep_etth1_merge_n5/79917/merged/checkpoints/best.pt,2877076,ok,
segsweep_etth1_merge_n5,segsweep_etth1_merge_n5/79918/baseline/checkpoints/best.pt,2881492,ok,
segsweep_etth1_merge_n5,segsweep_etth1_merge_n5/79918/baseline/checkpoints/last.pt,2881492,ok,
segsweep_etth1_merge_n5,segsweep_etth1_merge_n5/79918/finetune_0/checkpoints/best.pt,2881492,ok,
segsweep_etth1_merge_n5,segsweep_etth1_merge_n5/79918/finetune_0/checkpoints/last.pt,2881492,ok,
segsweep_etth1_merge_n5,segsweep_etth1_merge_n5/79918/finetune_1/checkpoints/best.pt,2881492,ok,
segsweep_etth1_merge_n5,segsweep_etth1_merge_n5/79918/finetune_1/checkpoints/last.pt,2881492,ok,
segsweep_etth1_merge_n5,segsweep_etth1_merge_n5/79918/finetune_2/checkpoints/best.pt,2881492,ok,
segsweep_etth1_merge_n5,segsweep_etth1_merge_n5/79918/finetune_2/checkpoints/last.pt,2881492,ok,
segsweep_etth1_merge_n5,segsweep_etth1_merge_n5/79918/finetune_3/checkpoints/best.pt,2881492,ok,
segsweep_etth1_merge_n5,segsweep_etth1_merge_n5/79918/finetune_3/checkpoints/last.pt,2881492,ok,
segsweep_etth1_merge_n5,segsweep_etth1_merge_n5/79918/finetune_4/checkpoints/best.pt,2881492,ok,
segsweep_etth1_merge_n5,segsweep_etth1_merge_n5/79918/finetune_4/checkpoints/last.pt,2881492,ok,
segsweep_etth1_merge_n5,segsweep_etth1_merge_n5/79918/merged/checkpoints/best.pt,2877076,ok,
segsweep_etth1_seq_n2,segsweep_etth1_seq_n2/79877/baseline/checkpoints/best.pt,2881492,ok,
segsweep_etth1_seq_n2,segsweep_etth1_seq_n2/79877/baseline/checkpoints/last.pt,2881492,ok,
segsweep_etth1_seq_n2,segsweep_etth1_seq_n2/79877/continual_0/checkpoints/best.pt,2881492,ok,
segsweep_etth1_seq_n2,segsweep_etth1_seq_n2/79877/continual_0/checkpoints/last.pt,2881492,ok,
segsweep_etth1_seq_n2,segsweep_etth1_seq_n2/79877/continual_1/checkpoints/best.pt,2881492,ok,
segsweep_etth1_seq_n2,segsweep_etth1_seq_n2/79877/continual_1/checkpoints/last.pt,2881492,ok,
segsweep_etth1_seq_n2,segsweep_etth1_seq_n2/79878/baseline/checkpoints/best.pt,2881492,ok,
segsweep_etth1_seq_n2,segsweep_etth1_seq_n2/79878/baseline/checkpoints/last.pt,2881492,ok,
segsweep_etth1_seq_n2,segsweep_etth1_seq_n2/79878/continual_0/checkpoints/best.pt,2881492,ok,
segsweep_etth1_seq_n2,segsweep_etth1_seq_n2/79878/continual_0/checkpoints/last.pt,2881492,ok,
segsweep_etth1_seq_n2,segsweep_etth1_seq_n2/79878/continual_1/checkpoints/best.pt,2881492,ok,
segsweep_etth1_seq_n2,segsweep_etth1_seq_n2/79878/continual_1/checkpoints/last.pt,2881492,ok,
segsweep_etth1_seq_n2,segsweep_etth1_seq_n2/79919/baseline/checkpoints/best.pt,2881492,ok,
segsweep_etth1_seq_n2,segsweep_etth1_seq_n2/79919/baseline/checkpoints/last.pt,2881492,ok,
segsweep_etth1_seq_n2,segsweep_etth1_seq_n2/79919/continual_0/checkpoints/best.pt,2881492,ok,
segsweep_etth1_seq_n2,segsweep_etth1_seq_n2/79919/continual_0/checkpoints/last.pt,2881492,ok,
segsweep_etth1_seq_n2,segsweep_etth1_seq_n2/79919/continual_1/checkpoints/best.pt,2881492,ok,
segsweep_etth1_seq_n2,segsweep_etth1_seq_n2/79919/continual_1/checkpoints/last.pt,2881492,ok,
segsweep_etth1_seq_n5,segsweep_etth1_seq_n5/79881/baseline/checkpoints/best.pt,2881492,ok,
segsweep_etth1_seq_n5,segsweep_etth1_seq_n5/79881/baseline/checkpoints/last.pt,2881492,ok,
segsweep_etth1_seq_n5,segsweep_etth1_seq_n5/79881/continual_0/checkpoints/best.pt,2881492,ok,
segsweep_etth1_seq_n5,segsweep_etth1_seq_n5/79881/continual_0/checkpoints/last.pt,2881492,ok,
segsweep_etth1_seq_n5,segsweep_etth1_seq_n5/79881/continual_1/checkpoints/best.pt,2881492,ok,
segsweep_etth1_seq_n5,segsweep_etth1_seq_n5/79881/continual_1/checkpoints/last.pt,2881492,ok,
segsweep_etth1_seq_n5,segsweep_etth1_seq_n5/79881/continual_2/checkpoints/best.pt,2881492,ok,
segsweep_etth1_seq_n5,segsweep_etth1_seq_n5/79881/continual_2/checkpoints/last.pt,2881492,ok,
segsweep_etth1_seq_n5,segsweep_etth1_seq_n5/79881/continual_3/checkpoints/best.pt,2881492,ok,
segsweep_etth1_seq_n5,segsweep_etth1_seq_n5/79881/continual_3/checkpoints/last.pt,2881492,ok,
segsweep_etth1_seq_n5,segsweep_etth1_seq_n5/79881/continual_4/checkpoints/best.pt,2881492,ok,
segsweep_etth1_seq_n5,segsweep_etth1_seq_n5/79881/continual_4/checkpoints/last.pt,2881492,ok,
segsweep_etth1_seq_n5,segsweep_etth1_seq_n5/79920/baseline/checkpoints/best.pt,2881492,ok,
segsweep_etth1_seq_n5,segsweep_etth1_seq_n5/79920/baseline/checkpoints/last.pt,2881492,ok,
segsweep_etth1_seq_n5,segsweep_etth1_seq_n5/79920/continual_0/checkpoints/best.pt,2881492,ok,
segsweep_etth1_seq_n5,segsweep_etth1_seq_n5/79920/continual_0/checkpoints/last.pt,2881492,ok,
segsweep_etth1_seq_n5,segsweep_etth1_seq_n5/79920/continual_1/checkpoints/best.pt,2881492,ok,
segsweep_etth1_seq_n5,segsweep_etth1_seq_n5/79920/continual_1/checkpoints/last.pt,2881492,ok,
segsweep_etth1_seq_n5,segsweep_etth1_seq_n5/79920/continual_2/checkpoints/best.pt,2881492,ok,
segsweep_etth1_seq_n5,segsweep_etth1_seq_n5/79920/continual_2/checkpoints/last.pt,2881492,ok,
segsweep_etth1_seq_n5,segsweep_etth1_seq_n5/79920/continual_3/checkpoints/best.pt,2881492,ok,
segsweep_etth1_seq_n5,segsweep_etth1_seq_n5/79920/continual_3/checkpoints/last.pt,2881492,ok,
segsweep_etth1_seq_n5,segsweep_etth1_seq_n5/79920/continual_4/checkpoints/best.pt,2881492,ok,
segsweep_etth1_seq_n5,segsweep_etth1_seq_n5/79920/continual_4/checkpoints/last.pt,2881492,ok,
segsweep_etth1_seq_n5,segsweep_etth1_seq_n5/79921/baseline/checkpoints/best.pt,2881492,ok,
segsweep_etth1_seq_n5,segsweep_etth1_seq_n5/79921/baseline/checkpoints/last.pt,2881492,ok,
segsweep_etth1_seq_n5,segsweep_etth1_seq_n5/79921/continual_0/checkpoints/best.pt,2881492,ok,
segsweep_etth1_seq_n5,segsweep_etth1_seq_n5/79921/continual_0/checkpoints/last.pt,2881492,ok,
segsweep_etth1_seq_n5,segsweep_etth1_seq_n5/79921/continual_1/checkpoints/best.pt,2881492,ok,
segsweep_etth1_seq_n5,segsweep_etth1_seq_n5/79921/continual_1/checkpoints/last.pt,2881492,ok,
segsweep_etth1_seq_n5,segsweep_etth1_seq_n5/79921/continual_2/checkpoints/best.pt,2881492,ok,
segsweep_etth1_seq_n5,segsweep_etth1_seq_n5/79921/continual_2/checkpoints/last.pt,2881492,ok,
segsweep_etth1_seq_n5,segsweep_etth1_seq_n5/79921/continual_3/checkpoints/best.pt,2881492,ok,
segsweep_etth1_seq_n5,segsweep_etth1_seq_n5/79921/continual_3/checkpoints/last.pt,2881492,ok,
segsweep_etth1_seq_n5,segsweep_etth1_seq_n5/79921/continual_4/checkpoints/best.pt,2881492,ok,
segsweep_etth1_seq_n5,segsweep_etth1_seq_n5/79921/continual_4/checkpoints/last.pt,2881492,ok,
segsweep_exchange_merge_n2,segsweep_exchange_merge_n2/79883/baseline/checkpoints/best.pt,2870740,ok,
segsweep_exchange_merge_n2,segsweep_exchange_merge_n2/79883/baseline/checkpoints/last.pt,2870740,ok,
segsweep_exchange_merge_n2,segsweep_exchange_merge_n2/79883/finetune_0/checkpoints/best.pt,2870740,ok,
segsweep_exchange_merge_n2,segsweep_exchange_merge_n2/79883/finetune_0/checkpoints/last.pt,2870740,ok,
segsweep_exchange_merge_n2,segsweep_exchange_merge_n2/79883/finetune_1/checkpoints/best.pt,2870740,ok,
segsweep_exchange_merge_n2,segsweep_exchange_merge_n2/79883/finetune_1/checkpoints/last.pt,2870740,ok,
segsweep_exchange_merge_n2,segsweep_exchange_merge_n2/79883/merged/checkpoints/best.pt,2866324,ok,
segsweep_exchange_merge_n2,segsweep_exchange_merge_n2/79884/baseline/checkpoints/best.pt,2870740,ok,
segsweep_exchange_merge_n2,segsweep_exchange_merge_n2/79884/baseline/checkpoints/last.pt,2870740,ok,
segsweep_exchange_merge_n2,segsweep_exchange_merge_n2/79884/finetune_0/checkpoints/best.pt,2870740,ok,
segsweep_exchange_merge_n2,segsweep_exchange_merge_n2/79884/finetune_0/checkpoints/last.pt,2870740,ok,
segsweep_exchange_merge_n2,segsweep_exchange_merge_n2/79884/finetune_1/checkpoints/best.pt,2870740,ok,
segsweep_exchange_merge_n2,segsweep_exchange_merge_n2/79884/finetune_1/checkpoints/last.pt,2870740,ok,
segsweep_exchange_merge_n2,segsweep_exchange_merge_n2/79884/merged/checkpoints/best.pt,2866324,ok,
segsweep_exchange_merge_n2,segsweep_exchange_merge_n2/79922/baseline/checkpoints/best.pt,2870740,ok,
segsweep_exchange_merge_n2,segsweep_exchange_merge_n2/79922/baseline/checkpoints/last.pt,2870740,ok,
segsweep_exchange_merge_n2,segsweep_exchange_merge_n2/79922/finetune_0/checkpoints/best.pt,2870740,ok,
segsweep_exchange_merge_n2,segsweep_exchange_merge_n2/79922/finetune_0/checkpoints/last.pt,2870740,ok,
segsweep_exchange_merge_n2,segsweep_exchange_merge_n2/79922/finetune_1/checkpoints/best.pt,2870740,ok,
segsweep_exchange_merge_n2,segsweep_exchange_merge_n2/79922/finetune_1/checkpoints/last.pt,2870740,ok,
segsweep_exchange_merge_n2,segsweep_exchange_merge_n2/79922/merged/checkpoints/best.pt,2866324,ok,
segsweep_exchange_merge_n5,segsweep_exchange_merge_n5/79885/baseline/checkpoints/best.pt,2870740,ok,
segsweep_exchange_merge_n5,segsweep_exchange_merge_n5/79885/baseline/checkpoints/last.pt,2870740,ok,
segsweep_exchange_merge_n5,segsweep_exchange_merge_n5/79885/finetune_0/checkpoints/best.pt,2870740,ok,
segsweep_exchange_merge_n5,segsweep_exchange_merge_n5/79885/finetune_0/checkpoints/last.pt,2870740,ok,
segsweep_exchange_merge_n5,segsweep_exchange_merge_n5/79885/finetune_1/checkpoints/best.pt,2870740,ok,
segsweep_exchange_merge_n5,segsweep_exchange_merge_n5/79885/finetune_1/checkpoints/last.pt,2870740,ok,
segsweep_exchange_merge_n5,segsweep_exchange_merge_n5/79885/finetune_2/checkpoints/best.pt,2870740,ok,
segsweep_exchange_merge_n5,segsweep_exchange_merge_n5/79885/finetune_2/checkpoints/last.pt,2870740,ok,
segsweep_exchange_merge_n5,segsweep_exchange_merge_n5/79885/finetune_3/checkpoints/best.pt,2870740,ok,
segsweep_exchange_merge_n5,segsweep_exchange_merge_n5/79885/finetune_3/checkpoints/last.pt,2870740,ok,
segsweep_exchange_merge_n5,segsweep_exchange_merge_n5/79885/finetune_4/checkpoints/best.pt,2870740,ok,
segsweep_exchange_merge_n5,segsweep_exchange_merge_n5/79885/finetune_4/checkpoints/last.pt,2870740,ok,
segsweep_exchange_merge_n5,segsweep_exchange_merge_n5/79885/merged/checkpoints/best.pt,2866324,ok,
segsweep_exchange_merge_n5,segsweep_exchange_merge_n5/79886/baseline/checkpoints/best.pt,2870740,ok,
segsweep_exchange_merge_n5,segsweep_exchange_merge_n5/79886/baseline/checkpoints/last.pt,2870740,ok,
segsweep_exchange_merge_n5,segsweep_exchange_merge_n5/79886/finetune_0/checkpoints/best.pt,2870740,ok,
segsweep_exchange_merge_n5,segsweep_exchange_merge_n5/79886/finetune_0/checkpoints/last.pt,2870740,ok,
segsweep_exchange_merge_n5,segsweep_exchange_merge_n5/79886/finetune_1/checkpoints/best.pt,2870740,ok,
segsweep_exchange_merge_n5,segsweep_exchange_merge_n5/79886/finetune_1/checkpoints/last.pt,2870740,ok,
segsweep_exchange_merge_n5,segsweep_exchange_merge_n5/79886/finetune_2/checkpoints/best.pt,2870740,ok,
segsweep_exchange_merge_n5,segsweep_exchange_merge_n5/79886/finetune_2/checkpoints/last.pt,2870740,ok,
segsweep_exchange_merge_n5,segsweep_exchange_merge_n5/79886/finetune_3/checkpoints/best.pt,2870740,ok,
segsweep_exchange_merge_n5,segsweep_exchange_merge_n5/79886/finetune_3/checkpoints/last.pt,2870740,ok,
segsweep_exchange_merge_n5,segsweep_exchange_merge_n5/79886/finetune_4/checkpoints/best.pt,2870740,ok,
segsweep_exchange_merge_n5,segsweep_exchange_merge_n5/79886/finetune_4/checkpoints/last.pt,2870740,ok,
segsweep_exchange_merge_n5,segsweep_exchange_merge_n5/79886/merged/checkpoints/best.pt,2866324,ok,
segsweep_exchange_merge_n5,segsweep_exchange_merge_n5/79937/baseline/checkpoints/best.pt,2870740,ok,
segsweep_exchange_merge_n5,segsweep_exchange_merge_n5/79937/baseline/checkpoints/last.pt,2870740,ok,
segsweep_exchange_merge_n5,segsweep_exchange_merge_n5/79937/finetune_0/checkpoints/best.pt,2870740,ok,
segsweep_exchange_merge_n5,segsweep_exchange_merge_n5/79937/finetune_0/checkpoints/last.pt,2870740,ok,
segsweep_exchange_merge_n5,segsweep_exchange_merge_n5/79937/finetune_1/checkpoints/best.pt,2870740,ok,
segsweep_exchange_merge_n5,segsweep_exchange_merge_n5/79937/finetune_1/checkpoints/last.pt,2870740,ok,
segsweep_exchange_merge_n5,segsweep_exchange_merge_n5/79937/finetune_2/checkpoints/best.pt,2870740,ok,
segsweep_exchange_merge_n5,segsweep_exchange_merge_n5/79937/finetune_2/checkpoints/last.pt,2870740,ok,
segsweep_exchange_merge_n5,segsweep_exchange_merge_n5/79937/finetune_3/checkpoints/best.pt,2870740,ok,
segsweep_exchange_merge_n5,segsweep_exchange_merge_n5/79937/finetune_3/checkpoints/last.pt,2870740,ok,
segsweep_exchange_merge_n5,segsweep_exchange_merge_n5/79937/finetune_4/checkpoints/best.pt,2870740,ok,
segsweep_exchange_merge_n5,segsweep_exchange_merge_n5/79937/finetune_4/checkpoints/last.pt,2870740,ok,
segsweep_exchange_merge_n5,segsweep_exchange_merge_n5/79937/merged/checkpoints/best.pt,2866324,ok,
segsweep_exchange_seq_n2,segsweep_exchange_seq_n2/79934/baseline/checkpoints/best.pt,2870740,ok,
segsweep_exchange_seq_n2,segsweep_exchange_seq_n2/79934/baseline/checkpoints/last.pt,2870740,ok,
segsweep_exchange_seq_n2,segsweep_exchange_seq_n2/79934/continual_0/checkpoints/best.pt,2870740,ok,
segsweep_exchange_seq_n2,segsweep_exchange_seq_n2/79934/continual_0/checkpoints/last.pt,2870740,ok,
segsweep_exchange_seq_n2,segsweep_exchange_seq_n2/79934/continual_1/checkpoints/best.pt,2870740,ok,
segsweep_exchange_seq_n2,segsweep_exchange_seq_n2/79934/continual_1/checkpoints/last.pt,2870740,ok,
segsweep_exchange_seq_n2,segsweep_exchange_seq_n2/79935/baseline/checkpoints/best.pt,2870740,ok,
segsweep_exchange_seq_n2,segsweep_exchange_seq_n2/79935/baseline/checkpoints/last.pt,2870740,ok,
segsweep_exchange_seq_n2,segsweep_exchange_seq_n2/79935/continual_0/checkpoints/best.pt,2870740,ok,
segsweep_exchange_seq_n2,segsweep_exchange_seq_n2/79935/continual_0/checkpoints/last.pt,2870740,ok,
segsweep_exchange_seq_n2,segsweep_exchange_seq_n2/79935/continual_1/checkpoints/best.pt,2870740,ok,
segsweep_exchange_seq_n2,segsweep_exchange_seq_n2/79935/continual_1/checkpoints/last.pt,2870740,ok,
segsweep_exchange_seq_n2,segsweep_exchange_seq_n2/79936/baseline/checkpoints/best.pt,2870740,ok,
segsweep_exchange_seq_n2,segsweep_exchange_seq_n2/79936/baseline/checkpoints/last.pt,2870740,ok,
segsweep_exchange_seq_n2,segsweep_exchange_seq_n2/79936/continual_0/checkpoints/best.pt,2870740,ok,
segsweep_exchange_seq_n2,segsweep_exchange_seq_n2/79936/continual_0/checkpoints/last.pt,2870740,ok,
segsweep_exchange_seq_n2,segsweep_exchange_seq_n2/79936/continual_1/checkpoints/best.pt,2870740,ok,
segsweep_exchange_seq_n2,segsweep_exchange_seq_n2/79936/continual_1/checkpoints/last.pt,2870740,ok,
segsweep_exchange_seq_n5,segsweep_exchange_seq_n5/79931/baseline/checkpoints/best.pt,2870740,ok,
segsweep_exchange_seq_n5,segsweep_exchange_seq_n5/79931/baseline/checkpoints/last.pt,2870740,ok,
segsweep_exchange_seq_n5,segsweep_exchange_seq_n5/79931/continual_0/checkpoints/best.pt,2870740,ok,
segsweep_exchange_seq_n5,segsweep_exchange_seq_n5/79931/continual_0/checkpoints/last.pt,2870740,ok,
segsweep_exchange_seq_n5,segsweep_exchange_seq_n5/79931/continual_1/checkpoints/best.pt,2870740,ok,
segsweep_exchange_seq_n5,segsweep_exchange_seq_n5/79931/continual_1/checkpoints/last.pt,2870740,ok,
segsweep_exchange_seq_n5,segsweep_exchange_seq_n5/79931/continual_2/checkpoints/best.pt,2870740,ok,
segsweep_exchange_seq_n5,segsweep_exchange_seq_n5/79931/continual_2/checkpoints/last.pt,2870740,ok,
segsweep_exchange_seq_n5,segsweep_exchange_seq_n5/79931/continual_3/checkpoints/best.pt,2870740,ok,
segsweep_exchange_seq_n5,segsweep_exchange_seq_n5/79931/continual_3/checkpoints/last.pt,2870740,ok,
segsweep_exchange_seq_n5,segsweep_exchange_seq_n5/79931/continual_4/checkpoints/best.pt,2870740,ok,
segsweep_exchange_seq_n5,segsweep_exchange_seq_n5/79931/continual_4/checkpoints/last.pt,2870740,ok,
segsweep_exchange_seq_n5,segsweep_exchange_seq_n5/79932/baseline/checkpoints/best.pt,2870740,ok,
segsweep_exchange_seq_n5,segsweep_exchange_seq_n5/79932/baseline/checkpoints/last.pt,2870740,ok,
segsweep_exchange_seq_n5,segsweep_exchange_seq_n5/79932/continual_0/checkpoints/best.pt,2870740,ok,
segsweep_exchange_seq_n5,segsweep_exchange_seq_n5/79932/continual_0/checkpoints/last.pt,2870740,ok,
segsweep_exchange_seq_n5,segsweep_exchange_seq_n5/79932/continual_1/checkpoints/best.pt,2870740,ok,
segsweep_exchange_seq_n5,segsweep_exchange_seq_n5/79932/continual_1/checkpoints/last.pt,2870740,ok,
segsweep_exchange_seq_n5,segsweep_exchange_seq_n5/79932/continual_2/checkpoints/best.pt,2870740,ok,
segsweep_exchange_seq_n5,segsweep_exchange_seq_n5/79932/continual_2/checkpoints/last.pt,2870740,ok,
segsweep_exchange_seq_n5,segsweep_exchange_seq_n5/79932/continual_3/checkpoints/best.pt,2870740,ok,
segsweep_exchange_seq_n5,segsweep_exchange_seq_n5/79932/continual_3/checkpoints/last.pt,2870740,ok,
segsweep_exchange_seq_n5,segsweep_exchange_seq_n5/79932/continual_4/checkpoints/best.pt,2870740,ok,
segsweep_exchange_seq_n5,segsweep_exchange_seq_n5/79932/continual_4/checkpoints/last.pt,2870740,ok,
segsweep_exchange_seq_n5,segsweep_exchange_seq_n5/79933/baseline/checkpoints/best.pt,2870740,ok,
segsweep_exchange_seq_n5,segsweep_exchange_seq_n5/79933/baseline/checkpoints/last.pt,2870740,ok,
segsweep_exchange_seq_n5,segsweep_exchange_seq_n5/79933/continual_0/checkpoints/best.pt,2870740,ok,
segsweep_exchange_seq_n5,segsweep_exchange_seq_n5/79933/continual_0/checkpoints/last.pt,2870740,ok,
segsweep_exchange_seq_n5,segsweep_exchange_seq_n5/79933/continual_1/checkpoints/best.pt,2870740,ok,
segsweep_exchange_seq_n5,segsweep_exchange_seq_n5/79933/continual_1/checkpoints/last.pt,2870740,ok,
segsweep_exchange_seq_n5,segsweep_exchange_seq_n5/79933/continual_2/checkpoints/best.pt,2870740,ok,
segsweep_exchange_seq_n5,segsweep_exchange_seq_n5/79933/continual_2/checkpoints/last.pt,2870740,ok,
segsweep_exchange_seq_n5,segsweep_exchange_seq_n5/79933/continual_3/checkpoints/best.pt,2870740,ok,
segsweep_exchange_seq_n5,segsweep_exchange_seq_n5/79933/continual_3/checkpoints/last.pt,2870740,ok,
segsweep_exchange_seq_n5,segsweep_exchange_seq_n5/79933/continual_4/checkpoints/best.pt,2870740,ok,
segsweep_exchange_seq_n5,segsweep_exchange_seq_n5/79933/continual_4/checkpoints/last.pt,2870740,ok,
segsweep_psm_merge_n2,segsweep_psm_merge_n2/79930/baseline/checkpoints/best.pt,2612324,ok,
segsweep_psm_merge_n2,segsweep_psm_merge_n2/79930/baseline/checkpoints/last.pt,2612324,ok,
segsweep_psm_merge_n2,segsweep_psm_merge_n2/79930/finetune_0/checkpoints/best.pt,2612324,ok,
segsweep_psm_merge_n2,segsweep_psm_merge_n2/79930/finetune_0/checkpoints/last.pt,2612324,ok,
segsweep_psm_merge_n2,segsweep_psm_merge_n2/79930/finetune_1/checkpoints/best.pt,2612324,ok,
segsweep_psm_merge_n2,segsweep_psm_merge_n2/79930/finetune_1/checkpoints/last.pt,2612324,ok,
segsweep_psm_merge_n2,segsweep_psm_merge_n2/79930/merged/checkpoints/best.pt,2609380,ok,
segsweep_psm_merge_n2,segsweep_psm_merge_n2/80681/baseline/checkpoints/best.pt,2612324,ok,
segsweep_psm_merge_n2,segsweep_psm_merge_n2/80681/baseline/checkpoints/last.pt,2612324,ok,
segsweep_psm_merge_n2,segsweep_psm_merge_n2/80681/finetune_0/checkpoints/best.pt,2612324,ok,
segsweep_psm_merge_n2,segsweep_psm_merge_n2/80681/finetune_0/checkpoints/last.pt,2612324,ok,
segsweep_psm_merge_n2,segsweep_psm_merge_n2/80681/finetune_1/checkpoints/best.pt,2612324,ok,
segsweep_psm_merge_n2,segsweep_psm_merge_n2/80681/finetune_1/checkpoints/last.pt,2612324,ok,
segsweep_psm_merge_n2,segsweep_psm_merge_n2/80681/merged/checkpoints/best.pt,2609380,ok,
segsweep_psm_merge_n2,segsweep_psm_merge_n2/80682/baseline/checkpoints/best.pt,2612324,ok,
segsweep_psm_merge_n2,segsweep_psm_merge_n2/80682/baseline/checkpoints/last.pt,2612324,ok,
segsweep_psm_merge_n2,segsweep_psm_merge_n2/80682/finetune_0/checkpoints/best.pt,2612324,ok,
segsweep_psm_merge_n2,segsweep_psm_merge_n2/80682/finetune_0/checkpoints/last.pt,2612324,ok,
segsweep_psm_merge_n2,segsweep_psm_merge_n2/80682/finetune_1/checkpoints/best.pt,2612324,ok,
segsweep_psm_merge_n2,segsweep_psm_merge_n2/80682/finetune_1/checkpoints/last.pt,2612324,ok,
segsweep_psm_merge_n2,segsweep_psm_merge_n2/80682/merged/checkpoints/best.pt,2609380,ok,
segsweep_psm_merge_n5,segsweep_psm_merge_n5/79929/baseline/checkpoints/best.pt,2612324,ok,
segsweep_psm_merge_n5,segsweep_psm_merge_n5/79929/baseline/checkpoints/last.pt,2612324,ok,
segsweep_psm_merge_n5,segsweep_psm_merge_n5/79929/finetune_0/checkpoints/best.pt,2612324,ok,
segsweep_psm_merge_n5,segsweep_psm_merge_n5/79929/finetune_0/checkpoints/last.pt,2612324,ok,
segsweep_psm_merge_n5,segsweep_psm_merge_n5/79929/finetune_1/checkpoints/best.pt,2612324,ok,
segsweep_psm_merge_n5,segsweep_psm_merge_n5/79929/finetune_1/checkpoints/last.pt,2612324,ok,
segsweep_psm_merge_n5,segsweep_psm_merge_n5/79929/finetune_2/checkpoints/best.pt,2612324,ok,
segsweep_psm_merge_n5,segsweep_psm_merge_n5/79929/finetune_2/checkpoints/last.pt,2612324,ok,
segsweep_psm_merge_n5,segsweep_psm_merge_n5/79929/finetune_3/checkpoints/best.pt,2612324,ok,
segsweep_psm_merge_n5,segsweep_psm_merge_n5/79929/finetune_3/checkpoints/last.pt,2612324,ok,
segsweep_psm_merge_n5,segsweep_psm_merge_n5/79929/finetune_4/checkpoints/best.pt,2612324,ok,
segsweep_psm_merge_n5,segsweep_psm_merge_n5/79929/finetune_4/checkpoints/last.pt,2612324,ok,
segsweep_psm_merge_n5,segsweep_psm_merge_n5/79929/merged/checkpoints/best.pt,2609380,ok,
segsweep_psm_merge_n5,segsweep_psm_merge_n5/80683/baseline/checkpoints/best.pt,2612324,ok,
segsweep_psm_merge_n5,segsweep_psm_merge_n5/80683/baseline/checkpoints/last.pt,2612324,ok,
segsweep_psm_merge_n5,segsweep_psm_merge_n5/80683/finetune_0/checkpoints/best.pt,2612324,ok,
segsweep_psm_merge_n5,segsweep_psm_merge_n5/80683/finetune_0/checkpoints/last.pt,2612324,ok,
segsweep_psm_merge_n5,segsweep_psm_merge_n5/80683/finetune_1/checkpoints/best.pt,2612324,ok,
segsweep_psm_merge_n5,segsweep_psm_merge_n5/80683/finetune_1/checkpoints/last.pt,2612324,ok,
segsweep_psm_merge_n5,segsweep_psm_merge_n5/80683/finetune_2/checkpoints/best.pt,2612324,ok,
segsweep_psm_merge_n5,segsweep_psm_merge_n5/80683/finetune_2/checkpoints/last.pt,2612324,ok,
segsweep_psm_merge_n5,segsweep_psm_merge_n5/80683/finetune_3/checkpoints/best.pt,2612324,ok,
segsweep_psm_merge_n5,segsweep_psm_merge_n5/80683/finetune_3/checkpoints/last.pt,2612324,ok,
segsweep_psm_merge_n5,segsweep_psm_merge_n5/80683/finetune_4/checkpoints/best.pt,2612324,ok,
segsweep_psm_merge_n5,segsweep_psm_merge_n5/80683/finetune_4/checkpoints/last.pt,2612324,ok,
segsweep_psm_merge_n5,segsweep_psm_merge_n5/80683/merged/checkpoints/best.pt,2609380,ok,
segsweep_psm_merge_n5,segsweep_psm_merge_n5/80684/baseline/checkpoints/best.pt,2612324,ok,
segsweep_psm_merge_n5,segsweep_psm_merge_n5/80684/baseline/checkpoints/last.pt,2612324,ok,
segsweep_psm_merge_n5,segsweep_psm_merge_n5/80684/finetune_0/checkpoints/best.pt,2612324,ok,
segsweep_psm_merge_n5,segsweep_psm_merge_n5/80684/finetune_0/checkpoints/last.pt,2612324,ok,
segsweep_psm_merge_n5,segsweep_psm_merge_n5/80684/finetune_1/checkpoints/best.pt,2612324,ok,
segsweep_psm_merge_n5,segsweep_psm_merge_n5/80684/finetune_1/checkpoints/last.pt,2612324,ok,
segsweep_psm_merge_n5,segsweep_psm_merge_n5/80684/finetune_2/checkpoints/best.pt,2612324,ok,
segsweep_psm_merge_n5,segsweep_psm_merge_n5/80684/finetune_2/checkpoints/last.pt,2612324,ok,
segsweep_psm_merge_n5,segsweep_psm_merge_n5/80684/finetune_3/checkpoints/best.pt,2612324,ok,
segsweep_psm_merge_n5,segsweep_psm_merge_n5/80684/finetune_3/checkpoints/last.pt,2612324,ok,
segsweep_psm_merge_n5,segsweep_psm_merge_n5/80684/finetune_4/checkpoints/best.pt,2612324,ok,
segsweep_psm_merge_n5,segsweep_psm_merge_n5/80684/finetune_4/checkpoints/last.pt,2612324,ok,
segsweep_psm_merge_n5,segsweep_psm_merge_n5/80684/merged/checkpoints/best.pt,2609380,ok,
segsweep_psm_seq_n2,segsweep_psm_seq_n2/79928/baseline/checkpoints/best.pt,2612324,ok,
segsweep_psm_seq_n2,segsweep_psm_seq_n2/79928/baseline/checkpoints/last.pt,2612324,ok,
segsweep_psm_seq_n2,segsweep_psm_seq_n2/79928/continual_0/checkpoints/best.pt,2612324,ok,
segsweep_psm_seq_n2,segsweep_psm_seq_n2/79928/continual_0/checkpoints/last.pt,2612324,ok,
segsweep_psm_seq_n2,segsweep_psm_seq_n2/79928/continual_1/checkpoints/best.pt,2612324,ok,
segsweep_psm_seq_n2,segsweep_psm_seq_n2/79928/continual_1/checkpoints/last.pt,2612324,ok,
segsweep_psm_seq_n2,segsweep_psm_seq_n2/80685/baseline/checkpoints/best.pt,2612324,ok,
segsweep_psm_seq_n2,segsweep_psm_seq_n2/80685/baseline/checkpoints/last.pt,2612324,ok,
segsweep_psm_seq_n2,segsweep_psm_seq_n2/80685/continual_0/checkpoints/best.pt,2612324,ok,
segsweep_psm_seq_n2,segsweep_psm_seq_n2/80685/continual_0/checkpoints/last.pt,2612324,ok,
segsweep_psm_seq_n2,segsweep_psm_seq_n2/80685/continual_1/checkpoints/best.pt,2612324,ok,
segsweep_psm_seq_n2,segsweep_psm_seq_n2/80685/continual_1/checkpoints/last.pt,2612324,ok,
segsweep_psm_seq_n2,segsweep_psm_seq_n2/80686/baseline/checkpoints/best.pt,2612324,ok,
segsweep_psm_seq_n2,segsweep_psm_seq_n2/80686/baseline/checkpoints/last.pt,2612324,ok,
segsweep_psm_seq_n2,segsweep_psm_seq_n2/80686/continual_0/checkpoints/best.pt,2612324,ok,
segsweep_psm_seq_n2,segsweep_psm_seq_n2/80686/continual_0/checkpoints/last.pt,2612324,ok,
segsweep_psm_seq_n2,segsweep_psm_seq_n2/80686/continual_1/checkpoints/best.pt,2612324,ok,
segsweep_psm_seq_n2,segsweep_psm_seq_n2/80686/continual_1/checkpoints/last.pt,2612324,ok,
segsweep_psm_seq_n5,segsweep_psm_seq_n5/79927/baseline/checkpoints/best.pt,2612324,ok,
segsweep_psm_seq_n5,segsweep_psm_seq_n5/79927/baseline/checkpoints/last.pt,2612324,ok,
segsweep_psm_seq_n5,segsweep_psm_seq_n5/79927/continual_0/checkpoints/best.pt,2612324,ok,
segsweep_psm_seq_n5,segsweep_psm_seq_n5/79927/continual_0/checkpoints/last.pt,2612324,ok,
segsweep_psm_seq_n5,segsweep_psm_seq_n5/79927/continual_1/checkpoints/best.pt,2612324,ok,
segsweep_psm_seq_n5,segsweep_psm_seq_n5/79927/continual_1/checkpoints/last.pt,2612324,ok,
segsweep_psm_seq_n5,segsweep_psm_seq_n5/79927/continual_2/checkpoints/best.pt,2612324,ok,
segsweep_psm_seq_n5,segsweep_psm_seq_n5/79927/continual_2/checkpoints/last.pt,2612324,ok,
segsweep_psm_seq_n5,segsweep_psm_seq_n5/79927/continual_3/checkpoints/best.pt,2612324,ok,
segsweep_psm_seq_n5,segsweep_psm_seq_n5/79927/continual_3/checkpoints/last.pt,2612324,ok,
segsweep_psm_seq_n5,segsweep_psm_seq_n5/79927/continual_4/checkpoints/best.pt,2612324,ok,
segsweep_psm_seq_n5,segsweep_psm_seq_n5/79927/continual_4/checkpoints/last.pt,2612324,ok,
segsweep_psm_seq_n5,segsweep_psm_seq_n5/80687/baseline/checkpoints/best.pt,2612324,ok,
segsweep_psm_seq_n5,segsweep_psm_seq_n5/80687/baseline/checkpoints/last.pt,2612324,ok,
segsweep_psm_seq_n5,segsweep_psm_seq_n5/80687/continual_0/checkpoints/best.pt,2612324,ok,
segsweep_psm_seq_n5,segsweep_psm_seq_n5/80687/continual_0/checkpoints/last.pt,2612324,ok,
segsweep_psm_seq_n5,segsweep_psm_seq_n5/80687/continual_1/checkpoints/best.pt,2612324,ok,
segsweep_psm_seq_n5,segsweep_psm_seq_n5/80687/continual_1/checkpoints/last.pt,2612324,ok,
segsweep_psm_seq_n5,segsweep_psm_seq_n5/80687/continual_2/checkpoints/best.pt,2612324,ok,
segsweep_psm_seq_n5,segsweep_psm_seq_n5/80687/continual_2/checkpoints/last.pt,2612324,ok,
segsweep_psm_seq_n5,segsweep_psm_seq_n5/80687/continual_3/checkpoints/best.pt,2612324,ok,
segsweep_psm_seq_n5,segsweep_psm_seq_n5/80687/continual_3/checkpoints/last.pt,2612324,ok,
segsweep_psm_seq_n5,segsweep_psm_seq_n5/80687/continual_4/checkpoints/best.pt,2612324,ok,
segsweep_psm_seq_n5,segsweep_psm_seq_n5/80687/continual_4/checkpoints/last.pt,2612324,ok,
segsweep_psm_seq_n5,segsweep_psm_seq_n5/80688/baseline/checkpoints/best.pt,2612324,ok,
segsweep_psm_seq_n5,segsweep_psm_seq_n5/80688/baseline/checkpoints/last.pt,2612324,ok,
segsweep_psm_seq_n5,segsweep_psm_seq_n5/80688/continual_0/checkpoints/best.pt,2612324,ok,
segsweep_psm_seq_n5,segsweep_psm_seq_n5/80688/continual_0/checkpoints/last.pt,2612324,ok,
segsweep_psm_seq_n5,segsweep_psm_seq_n5/80688/continual_1/checkpoints/best.pt,2612324,ok,
segsweep_psm_seq_n5,segsweep_psm_seq_n5/80688/continual_1/checkpoints/last.pt,2612324,ok,
segsweep_psm_seq_n5,segsweep_psm_seq_n5/80688/continual_2/checkpoints/best.pt,2612324,ok,
segsweep_psm_seq_n5,segsweep_psm_seq_n5/80688/continual_2/checkpoints/last.pt,2612324,ok,
segsweep_psm_seq_n5,segsweep_psm_seq_n5/80688/continual_3/checkpoints/best.pt,2612324,ok,
segsweep_psm_seq_n5,segsweep_psm_seq_n5/80688/continual_3/checkpoints/last.pt,2612324,ok,
segsweep_psm_seq_n5,segsweep_psm_seq_n5/80688/continual_4/checkpoints/best.pt,2612324,ok,
segsweep_psm_seq_n5,segsweep_psm_seq_n5/80688/continual_4/checkpoints/last.pt,2612324,ok,
segsweep_swat_merge_n2,segsweep_swat_merge_n2/79926/baseline/checkpoints/best.pt,7685796,ok,
segsweep_swat_merge_n2,segsweep_swat_merge_n2/79926/baseline/checkpoints/last.pt,7685796,ok,
segsweep_swat_merge_n2,segsweep_swat_merge_n2/79926/finetune_0/checkpoints/best.pt,7685796,ok,
segsweep_swat_merge_n2,segsweep_swat_merge_n2/79926/finetune_0/checkpoints/last.pt,7685796,ok,
segsweep_swat_merge_n2,segsweep_swat_merge_n2/79926/finetune_1/checkpoints/best.pt,7685796,ok,
segsweep_swat_merge_n2,segsweep_swat_merge_n2/79926/finetune_1/checkpoints/last.pt,7685796,ok,
segsweep_swat_merge_n2,segsweep_swat_merge_n2/79926/merged/checkpoints/best.pt,7682852,ok,
segsweep_swat_merge_n2,segsweep_swat_merge_n2/80689/baseline/checkpoints/best.pt,7685796,ok,
segsweep_swat_merge_n2,segsweep_swat_merge_n2/80689/baseline/checkpoints/last.pt,7685796,ok,
segsweep_swat_merge_n2,segsweep_swat_merge_n2/80689/finetune_0/checkpoints/best.pt,7685796,ok,
segsweep_swat_merge_n2,segsweep_swat_merge_n2/80689/finetune_0/checkpoints/last.pt,7685796,ok,
segsweep_swat_merge_n2,segsweep_swat_merge_n2/80689/finetune_1/checkpoints/best.pt,7685796,ok,
segsweep_swat_merge_n2,segsweep_swat_merge_n2/80689/finetune_1/checkpoints/last.pt,7685796,ok,
segsweep_swat_merge_n2,segsweep_swat_merge_n2/80689/merged/checkpoints/best.pt,7682852,ok,
segsweep_swat_merge_n2,segsweep_swat_merge_n2/80690/baseline/checkpoints/best.pt,7685796,ok,
segsweep_swat_merge_n2,segsweep_swat_merge_n2/80690/baseline/checkpoints/last.pt,7685796,ok,
segsweep_swat_merge_n2,segsweep_swat_merge_n2/80690/finetune_0/checkpoints/best.pt,7685796,ok,
segsweep_swat_merge_n2,segsweep_swat_merge_n2/80690/finetune_0/checkpoints/last.pt,7685796,ok,
segsweep_swat_merge_n2,segsweep_swat_merge_n2/80690/finetune_1/checkpoints/best.pt,7685796,ok,
segsweep_swat_merge_n2,segsweep_swat_merge_n2/80690/finetune_1/checkpoints/last.pt,7685796,ok,
segsweep_swat_merge_n2,segsweep_swat_merge_n2/80690/merged/checkpoints/best.pt,7682852,ok,
segsweep_swat_merge_n5,segsweep_swat_merge_n5/79925/baseline/checkpoints/best.pt,7685796,ok,
segsweep_swat_merge_n5,segsweep_swat_merge_n5/79925/baseline/checkpoints/last.pt,7685796,ok,
segsweep_swat_merge_n5,segsweep_swat_merge_n5/79925/finetune_0/checkpoints/best.pt,7685796,ok,
segsweep_swat_merge_n5,segsweep_swat_merge_n5/79925/finetune_0/checkpoints/last.pt,7685796,ok,
segsweep_swat_merge_n5,segsweep_swat_merge_n5/79925/finetune_1/checkpoints/best.pt,7685796,ok,
segsweep_swat_merge_n5,segsweep_swat_merge_n5/79925/finetune_1/checkpoints/last.pt,7685796,ok,
segsweep_swat_merge_n5,segsweep_swat_merge_n5/79925/finetune_2/checkpoints/best.pt,7685796,ok,
segsweep_swat_merge_n5,segsweep_swat_merge_n5/79925/finetune_2/checkpoints/last.pt,7685796,ok,
segsweep_swat_merge_n5,segsweep_swat_merge_n5/79925/finetune_3/checkpoints/best.pt,7685796,ok,
segsweep_swat_merge_n5,segsweep_swat_merge_n5/79925/finetune_3/checkpoints/last.pt,7685796,ok,
segsweep_swat_merge_n5,segsweep_swat_merge_n5/79925/finetune_4/checkpoints/best.pt,7685796,ok,
segsweep_swat_merge_n5,segsweep_swat_merge_n5/79925/finetune_4/checkpoints/last.pt,7685796,ok,
segsweep_swat_merge_n5,segsweep_swat_merge_n5/79925/merged/checkpoints/best.pt,7682852,ok,
segsweep_swat_merge_n5,segsweep_swat_merge_n5/80691/baseline/checkpoints/best.pt,7685796,ok,
segsweep_swat_merge_n5,segsweep_swat_merge_n5/80691/baseline/checkpoints/last.pt,7685796,ok,
segsweep_swat_merge_n5,segsweep_swat_merge_n5/80691/finetune_0/checkpoints/best.pt,7685796,ok,
segsweep_swat_merge_n5,segsweep_swat_merge_n5/80691/finetune_0/checkpoints/last.pt,7685796,ok,
segsweep_swat_merge_n5,segsweep_swat_merge_n5/80691/finetune_1/checkpoints/best.pt,7685796,ok,
segsweep_swat_merge_n5,segsweep_swat_merge_n5/80691/finetune_1/checkpoints/last.pt,7685796,ok,
segsweep_swat_merge_n5,segsweep_swat_merge_n5/80691/finetune_2/checkpoints/best.pt,7685796,ok,
segsweep_swat_merge_n5,segsweep_swat_merge_n5/80691/finetune_2/checkpoints/last.pt,7685796,ok,
segsweep_swat_merge_n5,segsweep_swat_merge_n5/80691/finetune_3/checkpoints/best.pt,7685796,ok,
segsweep_swat_merge_n5,segsweep_swat_merge_n5/80691/finetune_3/checkpoints/last.pt,7685796,ok,
segsweep_swat_merge_n5,segsweep_swat_merge_n5/80691/finetune_4/checkpoints/best.pt,7685796,ok,
segsweep_swat_merge_n5,segsweep_swat_merge_n5/80691/finetune_4/checkpoints/last.pt,7685796,ok,
segsweep_swat_merge_n5,segsweep_swat_merge_n5/80691/merged/checkpoints/best.pt,7682852,ok,
segsweep_swat_merge_n5,segsweep_swat_merge_n5/80692/baseline/checkpoints/best.pt,7685796,ok,
segsweep_swat_merge_n5,segsweep_swat_merge_n5/80692/baseline/checkpoints/last.pt,7685796,ok,
segsweep_swat_merge_n5,segsweep_swat_merge_n5/80692/finetune_0/checkpoints/best.pt,7685796,ok,
segsweep_swat_merge_n5,segsweep_swat_merge_n5/80692/finetune_0/checkpoints/last.pt,7685796,ok,
segsweep_swat_merge_n5,segsweep_swat_merge_n5/80692/finetune_1/checkpoints/best.pt,7685796,ok,
segsweep_swat_merge_n5,segsweep_swat_merge_n5/80692/finetune_1/checkpoints/last.pt,7685796,ok,
segsweep_swat_merge_n5,segsweep_swat_merge_n5/80692/finetune_2/checkpoints/best.pt,7685796,ok,
segsweep_swat_merge_n5,segsweep_swat_merge_n5/80692/finetune_2/checkpoints/last.pt,7685796,ok,
segsweep_swat_merge_n5,segsweep_swat_merge_n5/80692/finetune_3/checkpoints/best.pt,7685796,ok,
segsweep_swat_merge_n5,segsweep_swat_merge_n5/80692/finetune_3/checkpoints/last.pt,7685796,ok,
segsweep_swat_merge_n5,segsweep_swat_merge_n5/80692/finetune_4/checkpoints/best.pt,7685796,ok,
segsweep_swat_merge_n5,segsweep_swat_merge_n5/80692/finetune_4/checkpoints/last.pt,7685796,ok,
segsweep_swat_merge_n5,segsweep_swat_merge_n5/80692/merged/checkpoints/best.pt,7682852,ok,
segsweep_swat_seq_n2,segsweep_swat_seq_n2/79924/baseline/checkpoints/best.pt,7685796,ok,
segsweep_swat_seq_n2,segsweep_swat_seq_n2/79924/baseline/checkpoints/last.pt,7685796,ok,
segsweep_swat_seq_n2,segsweep_swat_seq_n2/79924/continual_0/checkpoints/best.pt,7685796,ok,
segsweep_swat_seq_n2,segsweep_swat_seq_n2/79924/continual_0/checkpoints/last.pt,7685796,ok,
segsweep_swat_seq_n2,segsweep_swat_seq_n2/79924/continual_1/checkpoints/best.pt,7685796,ok,
segsweep_swat_seq_n2,segsweep_swat_seq_n2/79924/continual_1/checkpoints/last.pt,7685796,ok,
segsweep_swat_seq_n2,segsweep_swat_seq_n2/80693/baseline/checkpoints/best.pt,7685796,ok,
segsweep_swat_seq_n2,segsweep_swat_seq_n2/80693/baseline/checkpoints/last.pt,7685796,ok,
segsweep_swat_seq_n2,segsweep_swat_seq_n2/80693/continual_0/checkpoints/best.pt,7685796,ok,
segsweep_swat_seq_n2,segsweep_swat_seq_n2/80693/continual_0/checkpoints/last.pt,7685796,ok,
segsweep_swat_seq_n2,segsweep_swat_seq_n2/80693/continual_1/checkpoints/best.pt,7685796,ok,
segsweep_swat_seq_n2,segsweep_swat_seq_n2/80693/continual_1/checkpoints/last.pt,7685796,ok,
segsweep_swat_seq_n2,segsweep_swat_seq_n2/80694/baseline/checkpoints/best.pt,7685796,ok,
segsweep_swat_seq_n2,segsweep_swat_seq_n2/80694/baseline/checkpoints/last.pt,7685796,ok,
segsweep_swat_seq_n2,segsweep_swat_seq_n2/80694/continual_0/checkpoints/best.pt,7685796,ok,
segsweep_swat_seq_n2,segsweep_swat_seq_n2/80694/continual_0/checkpoints/last.pt,7685796,ok,
segsweep_swat_seq_n2,segsweep_swat_seq_n2/80694/continual_1/checkpoints/best.pt,7685796,ok,
segsweep_swat_seq_n2,segsweep_swat_seq_n2/80694/continual_1/checkpoints/last.pt,7685796,ok,
segsweep_swat_seq_n5,segsweep_swat_seq_n5/79923/baseline/checkpoints/best.pt,7685796,ok,
segsweep_swat_seq_n5,segsweep_swat_seq_n5/79923/baseline/checkpoints/last.pt,7685796,ok,
segsweep_swat_seq_n5,segsweep_swat_seq_n5/79923/continual_0/checkpoints/best.pt,7685796,ok,
segsweep_swat_seq_n5,segsweep_swat_seq_n5/79923/continual_0/checkpoints/last.pt,7685796,ok,
segsweep_swat_seq_n5,segsweep_swat_seq_n5/79923/continual_1/checkpoints/best.pt,7685796,ok,
segsweep_swat_seq_n5,segsweep_swat_seq_n5/79923/continual_1/checkpoints/last.pt,7685796,ok,
segsweep_swat_seq_n5,segsweep_swat_seq_n5/79923/continual_2/checkpoints/best.pt,7685796,ok,
segsweep_swat_seq_n5,segsweep_swat_seq_n5/79923/continual_2/checkpoints/last.pt,7685796,ok,
segsweep_swat_seq_n5,segsweep_swat_seq_n5/79923/continual_3/checkpoints/best.pt,7685796,ok,
segsweep_swat_seq_n5,segsweep_swat_seq_n5/79923/continual_3/checkpoints/last.pt,7685796,ok,
segsweep_swat_seq_n5,segsweep_swat_seq_n5/79923/continual_4/checkpoints/best.pt,7685796,ok,
segsweep_swat_seq_n5,segsweep_swat_seq_n5/79923/continual_4/checkpoints/last.pt,7685796,ok,
segsweep_swat_seq_n5,segsweep_swat_seq_n5/80695/baseline/checkpoints/best.pt,7685796,ok,
segsweep_swat_seq_n5,segsweep_swat_seq_n5/80695/baseline/checkpoints/last.pt,7685796,ok,
segsweep_swat_seq_n5,segsweep_swat_seq_n5/80695/continual_0/checkpoints/best.pt,7685796,ok,
segsweep_swat_seq_n5,segsweep_swat_seq_n5/80695/continual_0/checkpoints/last.pt,7685796,ok,
segsweep_swat_seq_n5,segsweep_swat_seq_n5/80695/continual_1/checkpoints/best.pt,7685796,ok,
segsweep_swat_seq_n5,segsweep_swat_seq_n5/80695/continual_1/checkpoints/last.pt,7685796,ok,
segsweep_swat_seq_n5,segsweep_swat_seq_n5/80695/continual_2/checkpoints/best.pt,7685796,ok,
segsweep_swat_seq_n5,segsweep_swat_seq_n5/80695/continual_2/checkpoints/last.pt,7685796,ok,
segsweep_swat_seq_n5,segsweep_swat_seq_n5/80695/continual_3/checkpoints/best.pt,7685796,ok,
segsweep_swat_seq_n5,segsweep_swat_seq_n5/80695/continual_3/checkpoints/last.pt,7685796,ok,
segsweep_swat_seq_n5,segsweep_swat_seq_n5/80695/continual_4/checkpoints/best.pt,7685796,ok,
segsweep_swat_seq_n5,segsweep_swat_seq_n5/80695/continual_4/checkpoints/last.pt,7685796,ok,
segsweep_swat_seq_n5,segsweep_swat_seq_n5/80696/baseline/checkpoints/best.pt,7685796,ok,
segsweep_swat_seq_n5,segsweep_swat_seq_n5/80696/baseline/checkpoints/last.pt,7685796,ok,
segsweep_swat_seq_n5,segsweep_swat_seq_n5/80696/continual_0/checkpoints/best.pt,7685796,ok,
segsweep_swat_seq_n5,segsweep_swat_seq_n5/80696/continual_0/checkpoints/last.pt,7685796,ok,
segsweep_swat_seq_n5,segsweep_swat_seq_n5/80696/continual_1/checkpoints/best.pt,7685796,ok,
segsweep_swat_seq_n5,segsweep_swat_seq_n5/80696/continual_1/checkpoints/last.pt,7685796,ok,
segsweep_swat_seq_n5,segsweep_swat_seq_n5/80696/continual_2/checkpoints/best.pt,7685796,ok,
segsweep_swat_seq_n5,segsweep_swat_seq_n5/80696/continual_2/checkpoints/last.pt,7685796,ok,
segsweep_swat_seq_n5,segsweep_swat_seq_n5/80696/continual_3/checkpoints/best.pt,7685796,ok,
segsweep_swat_seq_n5,segsweep_swat_seq_n5/80696/continual_3/checkpoints/last.pt,7685796,ok,
segsweep_swat_seq_n5,segsweep_swat_seq_n5/80696/continual_4/checkpoints/best.pt,7685796,ok,
segsweep_swat_seq_n5,segsweep_swat_seq_n5/80696/continual_4/checkpoints/last.pt,7685796,ok,
selalpha_etth1_n3,selalpha_etth1_n3/84598/baseline/checkpoints/best.pt,2881492,ok,
selalpha_etth1_n3,selalpha_etth1_n3/84598/baseline/checkpoints/last.pt,2881492,ok,
selalpha_etth1_n3,selalpha_etth1_n3/84598/finetune_0/checkpoints/best.pt,2881492,ok,
selalpha_etth1_n3,selalpha_etth1_n3/84598/finetune_0/checkpoints/last.pt,2881492,ok,
selalpha_etth1_n3,selalpha_etth1_n3/84598/finetune_1/checkpoints/best.pt,2881492,ok,
selalpha_etth1_n3,selalpha_etth1_n3/84598/finetune_1/checkpoints/last.pt,2881492,ok,
selalpha_etth1_n3,selalpha_etth1_n3/84598/finetune_2/checkpoints/best.pt,2881492,ok,
selalpha_etth1_n3,selalpha_etth1_n3/84598/finetune_2/checkpoints/last.pt,2881492,ok,
selalpha_etth1_n3,selalpha_etth1_n3/84598/merged/checkpoints/best.pt,2877076,ok,
selalpha_etth1_n3,selalpha_etth1_n3/84599/baseline/checkpoints/best.pt,2881492,ok,
selalpha_etth1_n3,selalpha_etth1_n3/84599/baseline/checkpoints/last.pt,2881492,ok,
selalpha_etth1_n3,selalpha_etth1_n3/84599/finetune_0/checkpoints/best.pt,2881492,ok,
selalpha_etth1_n3,selalpha_etth1_n3/84599/finetune_0/checkpoints/last.pt,2881492,ok,
selalpha_etth1_n3,selalpha_etth1_n3/84599/finetune_1/checkpoints/best.pt,2881492,ok,
selalpha_etth1_n3,selalpha_etth1_n3/84599/finetune_1/checkpoints/last.pt,2881492,ok,
selalpha_etth1_n3,selalpha_etth1_n3/84599/finetune_2/checkpoints/best.pt,2881492,ok,
selalpha_etth1_n3,selalpha_etth1_n3/84599/finetune_2/checkpoints/last.pt,2881492,ok,
selalpha_etth1_n3,selalpha_etth1_n3/84599/merged/checkpoints/best.pt,2877076,ok,
selalpha_etth1_n3,selalpha_etth1_n3/84600/baseline/checkpoints/best.pt,2881492,ok,
selalpha_etth1_n3,selalpha_etth1_n3/84600/baseline/checkpoints/last.pt,2881492,ok,
selalpha_etth1_n3,selalpha_etth1_n3/84600/finetune_0/checkpoints/best.pt,2881492,ok,
selalpha_etth1_n3,selalpha_etth1_n3/84600/finetune_0/checkpoints/last.pt,2881492,ok,
selalpha_etth1_n3,selalpha_etth1_n3/84600/finetune_1/checkpoints/best.pt,2881492,ok,
selalpha_etth1_n3,selalpha_etth1_n3/84600/finetune_1/checkpoints/last.pt,2881492,ok,
selalpha_etth1_n3,selalpha_etth1_n3/84600/finetune_2/checkpoints/best.pt,2881492,ok,
selalpha_etth1_n3,selalpha_etth1_n3/84600/finetune_2/checkpoints/last.pt,2881492,ok,
selalpha_etth1_n3,selalpha_etth1_n3/84600/merged/checkpoints/best.pt,2877076,ok,
selalpha_exchange_n3,selalpha_exchange_n3/84601/baseline/checkpoints/best.pt,2870740,ok,
selalpha_exchange_n3,selalpha_exchange_n3/84601/baseline/checkpoints/last.pt,2870740,ok,
selalpha_exchange_n3,selalpha_exchange_n3/84601/finetune_0/checkpoints/best.pt,2870740,ok,
selalpha_exchange_n3,selalpha_exchange_n3/84601/finetune_0/checkpoints/last.pt,2870740,ok,
selalpha_exchange_n3,selalpha_exchange_n3/84601/finetune_1/checkpoints/best.pt,2870740,ok,
selalpha_exchange_n3,selalpha_exchange_n3/84601/finetune_1/checkpoints/last.pt,2870740,ok,
selalpha_exchange_n3,selalpha_exchange_n3/84601/finetune_2/checkpoints/best.pt,2870740,ok,
selalpha_exchange_n3,selalpha_exchange_n3/84601/finetune_2/checkpoints/last.pt,2870740,ok,
selalpha_exchange_n3,selalpha_exchange_n3/84601/merged/checkpoints/best.pt,2866324,ok,
selalpha_exchange_n3,selalpha_exchange_n3/84602/baseline/checkpoints/best.pt,2870740,ok,
selalpha_exchange_n3,selalpha_exchange_n3/84602/baseline/checkpoints/last.pt,2870740,ok,
selalpha_exchange_n3,selalpha_exchange_n3/84602/finetune_0/checkpoints/best.pt,2870740,ok,
selalpha_exchange_n3,selalpha_exchange_n3/84602/finetune_0/checkpoints/last.pt,2870740,ok,
selalpha_exchange_n3,selalpha_exchange_n3/84602/finetune_1/checkpoints/best.pt,2870740,ok,
selalpha_exchange_n3,selalpha_exchange_n3/84602/finetune_1/checkpoints/last.pt,2870740,ok,
selalpha_exchange_n3,selalpha_exchange_n3/84602/finetune_2/checkpoints/best.pt,2870740,ok,
selalpha_exchange_n3,selalpha_exchange_n3/84602/finetune_2/checkpoints/last.pt,2870740,ok,
selalpha_exchange_n3,selalpha_exchange_n3/84602/merged/checkpoints/best.pt,2866324,ok,
selalpha_exchange_n3,selalpha_exchange_n3/84603/baseline/checkpoints/best.pt,2870740,ok,
selalpha_exchange_n3,selalpha_exchange_n3/84603/baseline/checkpoints/last.pt,2870740,ok,
selalpha_exchange_n3,selalpha_exchange_n3/84603/finetune_0/checkpoints/best.pt,2870740,ok,
selalpha_exchange_n3,selalpha_exchange_n3/84603/finetune_0/checkpoints/last.pt,2870740,ok,
selalpha_exchange_n3,selalpha_exchange_n3/84603/finetune_1/checkpoints/best.pt,2870740,ok,
selalpha_exchange_n3,selalpha_exchange_n3/84603/finetune_1/checkpoints/last.pt,2870740,ok,
selalpha_exchange_n3,selalpha_exchange_n3/84603/finetune_2/checkpoints/best.pt,2870740,ok,
selalpha_exchange_n3,selalpha_exchange_n3/84603/finetune_2/checkpoints/last.pt,2870740,ok,
selalpha_exchange_n3,selalpha_exchange_n3/84603/merged/checkpoints/best.pt,2866324,ok,
window_etth1_W1,window_etth1_W1/80446/baseline/checkpoints/best.pt,2881492,ok,
window_etth1_W1,window_etth1_W1/80446/baseline/checkpoints/last.pt,2881492,ok,
window_etth1_W1,window_etth1_W1/80446/finetune_0/checkpoints/best.pt,2881492,ok,
window_etth1_W1,window_etth1_W1/80446/finetune_0/checkpoints/last.pt,2881492,ok,
window_etth1_W1,window_etth1_W1/80446/merged/checkpoints/best.pt,2877076,ok,
window_etth1_W1,window_etth1_W1/80447/baseline/checkpoints/best.pt,2881492,ok,
window_etth1_W1,window_etth1_W1/80447/baseline/checkpoints/last.pt,2881492,ok,
window_etth1_W1,window_etth1_W1/80447/finetune_0/checkpoints/best.pt,2881492,ok,
window_etth1_W1,window_etth1_W1/80447/finetune_0/checkpoints/last.pt,2881492,ok,
window_etth1_W1,window_etth1_W1/80447/merged/checkpoints/best.pt,2877076,ok,
window_etth1_W1,window_etth1_W1/80448/baseline/checkpoints/best.pt,2881492,ok,
window_etth1_W1,window_etth1_W1/80448/baseline/checkpoints/last.pt,2881492,ok,
window_etth1_W1,window_etth1_W1/80448/finetune_0/checkpoints/best.pt,2881492,ok,
window_etth1_W1,window_etth1_W1/80448/finetune_0/checkpoints/last.pt,2881492,ok,
window_etth1_W1,window_etth1_W1/80448/merged/checkpoints/best.pt,2877076,ok,
window_etth1_W2,window_etth1_W2/80449/baseline/checkpoints/best.pt,2881492,ok,
window_etth1_W2,window_etth1_W2/80449/baseline/checkpoints/last.pt,2881492,ok,
window_etth1_W2,window_etth1_W2/80449/finetune_0/checkpoints/best.pt,2881492,ok,
window_etth1_W2,window_etth1_W2/80449/finetune_0/checkpoints/last.pt,2881492,ok,
window_etth1_W2,window_etth1_W2/80449/merged/checkpoints/best.pt,2877076,ok,
window_etth1_W2,window_etth1_W2/80450/baseline/checkpoints/best.pt,2881492,ok,
window_etth1_W2,window_etth1_W2/80450/baseline/checkpoints/last.pt,2881492,ok,
window_etth1_W2,window_etth1_W2/80450/finetune_0/checkpoints/best.pt,2881492,ok,
window_etth1_W2,window_etth1_W2/80450/finetune_0/checkpoints/last.pt,2881492,ok,
window_etth1_W2,window_etth1_W2/80450/merged/checkpoints/best.pt,2877076,ok,
window_etth1_W2,window_etth1_W2/80451/baseline/checkpoints/best.pt,2881492,ok,
window_etth1_W2,window_etth1_W2/80451/baseline/checkpoints/last.pt,2881492,ok,
window_etth1_W2,window_etth1_W2/80451/finetune_0/checkpoints/best.pt,2881492,ok,
window_etth1_W2,window_etth1_W2/80451/finetune_0/checkpoints/last.pt,2881492,ok,
window_etth1_W2,window_etth1_W2/80451/merged/checkpoints/best.pt,2877076,ok,
window_etth1_W3,window_etth1_W3/80452/baseline/checkpoints/best.pt,2881492,ok,
window_etth1_W3,window_etth1_W3/80452/baseline/checkpoints/last.pt,2881492,ok,
window_etth1_W3,window_etth1_W3/80452/finetune_0/checkpoints/best.pt,2881492,ok,
window_etth1_W3,window_etth1_W3/80452/finetune_0/checkpoints/last.pt,2881492,ok,
window_etth1_W3,window_etth1_W3/80452/merged/checkpoints/best.pt,2877076,ok,
window_etth1_W3,window_etth1_W3/80453/baseline/checkpoints/best.pt,2881492,ok,
window_etth1_W3,window_etth1_W3/80453/baseline/checkpoints/last.pt,2881492,ok,
window_etth1_W3,window_etth1_W3/80453/finetune_0/checkpoints/best.pt,2881492,ok,
window_etth1_W3,window_etth1_W3/80453/finetune_0/checkpoints/last.pt,2881492,ok,
window_etth1_W3,window_etth1_W3/80453/merged/checkpoints/best.pt,2877076,ok,
window_etth1_W3,window_etth1_W3/80454/baseline/checkpoints/best.pt,2881492,ok,
window_etth1_W3,window_etth1_W3/80454/baseline/checkpoints/last.pt,2881492,ok,
window_etth1_W3,window_etth1_W3/80454/finetune_0/checkpoints/best.pt,2881492,ok,
window_etth1_W3,window_etth1_W3/80454/finetune_0/checkpoints/last.pt,2881492,ok,
window_etth1_W3,window_etth1_W3/80454/merged/checkpoints/best.pt,2877076,ok,
window_exchange_W1,window_exchange_W1/80455/baseline/checkpoints/best.pt,2870740,ok,
window_exchange_W1,window_exchange_W1/80455/baseline/checkpoints/last.pt,2870740,ok,
window_exchange_W1,window_exchange_W1/80455/finetune_0/checkpoints/best.pt,2870740,ok,
window_exchange_W1,window_exchange_W1/80455/finetune_0/checkpoints/last.pt,2870740,ok,
window_exchange_W1,window_exchange_W1/80455/merged/checkpoints/best.pt,2866324,ok,
window_exchange_W1,window_exchange_W1/80456/baseline/checkpoints/best.pt,2870740,ok,
window_exchange_W1,window_exchange_W1/80456/baseline/checkpoints/last.pt,2870740,ok,
window_exchange_W1,window_exchange_W1/80456/finetune_0/checkpoints/best.pt,2870740,ok,
window_exchange_W1,window_exchange_W1/80456/finetune_0/checkpoints/last.pt,2870740,ok,
window_exchange_W1,window_exchange_W1/80456/merged/checkpoints/best.pt,2866324,ok,
window_exchange_W1,window_exchange_W1/80457/baseline/checkpoints/best.pt,2870740,ok,
window_exchange_W1,window_exchange_W1/80457/baseline/checkpoints/last.pt,2870740,ok,
window_exchange_W1,window_exchange_W1/80457/finetune_0/checkpoints/best.pt,2870740,ok,
window_exchange_W1,window_exchange_W1/80457/finetune_0/checkpoints/last.pt,2870740,ok,
window_exchange_W1,window_exchange_W1/80457/merged/checkpoints/best.pt,2866324,ok,
window_exchange_W2,window_exchange_W2/80458/baseline/checkpoints/best.pt,2870740,ok,
window_exchange_W2,window_exchange_W2/80458/baseline/checkpoints/last.pt,2870740,ok,
window_exchange_W2,window_exchange_W2/80458/finetune_0/checkpoints/best.pt,2870740,ok,
window_exchange_W2,window_exchange_W2/80458/finetune_0/checkpoints/last.pt,2870740,ok,
window_exchange_W2,window_exchange_W2/80458/merged/checkpoints/best.pt,2866324,ok,
window_exchange_W2,window_exchange_W2/80459/baseline/checkpoints/best.pt,2870740,ok,
window_exchange_W2,window_exchange_W2/80459/baseline/checkpoints/last.pt,2870740,ok,
window_exchange_W2,window_exchange_W2/80459/finetune_0/checkpoints/best.pt,2870740,ok,
window_exchange_W2,window_exchange_W2/80459/finetune_0/checkpoints/last.pt,2870740,ok,
window_exchange_W2,window_exchange_W2/80459/merged/checkpoints/best.pt,2866324,ok,
window_exchange_W2,window_exchange_W2/80460/baseline/checkpoints/best.pt,2870740,ok,
window_exchange_W2,window_exchange_W2/80460/baseline/checkpoints/last.pt,2870740,ok,
window_exchange_W2,window_exchange_W2/80460/finetune_0/checkpoints/best.pt,2870740,ok,
window_exchange_W2,window_exchange_W2/80460/finetune_0/checkpoints/last.pt,2870740,ok,
window_exchange_W2,window_exchange_W2/80460/merged/checkpoints/best.pt,2866324,ok,
window_exchange_W3,window_exchange_W3/80461/baseline/checkpoints/best.pt,2870740,ok,
window_exchange_W3,window_exchange_W3/80461/baseline/checkpoints/last.pt,2870740,ok,
window_exchange_W3,window_exchange_W3/80461/finetune_0/checkpoints/best.pt,2870740,ok,
window_exchange_W3,window_exchange_W3/80461/finetune_0/checkpoints/last.pt,2870740,ok,
window_exchange_W3,window_exchange_W3/80461/merged/checkpoints/best.pt,2866324,ok,
window_exchange_W3,window_exchange_W3/80462/baseline/checkpoints/best.pt,2870740,ok,
window_exchange_W3,window_exchange_W3/80462/baseline/checkpoints/last.pt,2870740,ok,
window_exchange_W3,window_exchange_W3/80462/finetune_0/checkpoints/best.pt,2870740,ok,
window_exchange_W3,window_exchange_W3/80462/finetune_0/checkpoints/last.pt,2870740,ok,
window_exchange_W3,window_exchange_W3/80462/merged/checkpoints/best.pt,2866324,ok,
window_exchange_W3,window_exchange_W3/80463/baseline/checkpoints/best.pt,2870740,ok,
window_exchange_W3,window_exchange_W3/80463/baseline/checkpoints/last.pt,2870740,ok,
window_exchange_W3,window_exchange_W3/80463/finetune_0/checkpoints/best.pt,2870740,ok,
window_exchange_W3,window_exchange_W3/80463/finetune_0/checkpoints/last.pt,2870740,ok,
window_exchange_W3,window_exchange_W3/80463/merged/checkpoints/best.pt,2866324,ok,
window_psm_W1,window_psm_W1/80464/baseline/checkpoints/best.pt,2612324,ok,
window_psm_W1,window_psm_W1/80464/baseline/checkpoints/last.pt,2612324,ok,
window_psm_W1,window_psm_W1/80464/finetune_0/checkpoints/best.pt,2612324,ok,
window_psm_W1,window_psm_W1/80464/finetune_0/checkpoints/last.pt,2612324,ok,
window_psm_W1,window_psm_W1/80464/merged/checkpoints/best.pt,2609380,ok,
window_psm_W1,window_psm_W1/80697/baseline/checkpoints/best.pt,2612324,ok,
window_psm_W1,window_psm_W1/80697/baseline/checkpoints/last.pt,2612324,ok,
window_psm_W1,window_psm_W1/80697/finetune_0/checkpoints/best.pt,2612324,ok,
window_psm_W1,window_psm_W1/80697/finetune_0/checkpoints/last.pt,2612324,ok,
window_psm_W1,window_psm_W1/80697/merged/checkpoints/best.pt,2609380,ok,
window_psm_W1,window_psm_W1/80698/baseline/checkpoints/best.pt,2612324,ok,
window_psm_W1,window_psm_W1/80698/baseline/checkpoints/last.pt,2612324,ok,
window_psm_W1,window_psm_W1/80698/finetune_0/checkpoints/best.pt,2612324,ok,
window_psm_W1,window_psm_W1/80698/finetune_0/checkpoints/last.pt,2612324,ok,
window_psm_W1,window_psm_W1/80698/merged/checkpoints/best.pt,2609380,ok,
window_psm_W2,window_psm_W2/80465/baseline/checkpoints/best.pt,2612324,ok,
window_psm_W2,window_psm_W2/80465/baseline/checkpoints/last.pt,2612324,ok,
window_psm_W2,window_psm_W2/80465/finetune_0/checkpoints/best.pt,2612324,ok,
window_psm_W2,window_psm_W2/80465/finetune_0/checkpoints/last.pt,2612324,ok,
window_psm_W2,window_psm_W2/80465/merged/checkpoints/best.pt,2609380,ok,
window_psm_W2,window_psm_W2/80699/baseline/checkpoints/best.pt,2612324,ok,
window_psm_W2,window_psm_W2/80699/baseline/checkpoints/last.pt,2612324,ok,
window_psm_W2,window_psm_W2/80699/finetune_0/checkpoints/best.pt,2612324,ok,
window_psm_W2,window_psm_W2/80699/finetune_0/checkpoints/last.pt,2612324,ok,
window_psm_W2,window_psm_W2/80699/merged/checkpoints/best.pt,2609380,ok,
window_psm_W2,window_psm_W2/80700/baseline/checkpoints/best.pt,2612324,ok,
window_psm_W2,window_psm_W2/80700/baseline/checkpoints/last.pt,2612324,ok,
window_psm_W2,window_psm_W2/80700/finetune_0/checkpoints/best.pt,2612324,ok,
window_psm_W2,window_psm_W2/80700/finetune_0/checkpoints/last.pt,2612324,ok,
window_psm_W2,window_psm_W2/80700/merged/checkpoints/best.pt,2609380,ok,
window_psm_W3,window_psm_W3/80466/baseline/checkpoints/best.pt,2612324,ok,
window_psm_W3,window_psm_W3/80466/baseline/checkpoints/last.pt,2612324,ok,
window_psm_W3,window_psm_W3/80466/finetune_0/checkpoints/best.pt,2612324,ok,
window_psm_W3,window_psm_W3/80466/finetune_0/checkpoints/last.pt,2612324,ok,
window_psm_W3,window_psm_W3/80466/merged/checkpoints/best.pt,2609380,ok,
window_psm_W3,window_psm_W3/80701/baseline/checkpoints/best.pt,2612324,ok,
window_psm_W3,window_psm_W3/80701/baseline/checkpoints/last.pt,2612324,ok,
window_psm_W3,window_psm_W3/80701/finetune_0/checkpoints/best.pt,2612324,ok,
window_psm_W3,window_psm_W3/80701/finetune_0/checkpoints/last.pt,2612324,ok,
window_psm_W3,window_psm_W3/80701/merged/checkpoints/best.pt,2609380,ok,
window_psm_W3,window_psm_W3/80702/baseline/checkpoints/best.pt,2612324,ok,
window_psm_W3,window_psm_W3/80702/baseline/checkpoints/last.pt,2612324,ok,
window_psm_W3,window_psm_W3/80702/finetune_0/checkpoints/best.pt,2612324,ok,
window_psm_W3,window_psm_W3/80702/finetune_0/checkpoints/last.pt,2612324,ok,
window_psm_W3,window_psm_W3/80702/merged/checkpoints/best.pt,2609380,ok,
window_swat_W1,window_swat_W1/80467/baseline/checkpoints/best.pt,7685796,ok,
window_swat_W1,window_swat_W1/80467/baseline/checkpoints/last.pt,7685796,ok,
window_swat_W1,window_swat_W1/80467/finetune_0/checkpoints/best.pt,7685796,ok,
window_swat_W1,window_swat_W1/80467/finetune_0/checkpoints/last.pt,7685796,ok,
window_swat_W1,window_swat_W1/80467/merged/checkpoints/best.pt,7682852,ok,
window_swat_W1,window_swat_W1/80703/baseline/checkpoints/best.pt,7685796,ok,
window_swat_W1,window_swat_W1/80703/baseline/checkpoints/last.pt,7685796,ok,
window_swat_W1,window_swat_W1/80703/finetune_0/checkpoints/best.pt,7685796,ok,
window_swat_W1,window_swat_W1/80703/finetune_0/checkpoints/last.pt,7685796,ok,
window_swat_W1,window_swat_W1/80703/merged/checkpoints/best.pt,7682852,ok,
window_swat_W1,window_swat_W1/80704/baseline/checkpoints/best.pt,7685796,ok,
window_swat_W1,window_swat_W1/80704/baseline/checkpoints/last.pt,7685796,ok,
window_swat_W1,window_swat_W1/80704/finetune_0/checkpoints/best.pt,7685796,ok,
window_swat_W1,window_swat_W1/80704/finetune_0/checkpoints/last.pt,7685796,ok,
window_swat_W1,window_swat_W1/80704/merged/checkpoints/best.pt,7682852,ok,
window_swat_W2,window_swat_W2/80468/baseline/checkpoints/best.pt,7685796,ok,
window_swat_W2,window_swat_W2/80468/baseline/checkpoints/last.pt,7685796,ok,
window_swat_W2,window_swat_W2/80468/finetune_0/checkpoints/best.pt,7685796,ok,
window_swat_W2,window_swat_W2/80468/finetune_0/checkpoints/last.pt,7685796,ok,
window_swat_W2,window_swat_W2/80468/merged/checkpoints/best.pt,7682852,ok,
window_swat_W2,window_swat_W2/80705/baseline/checkpoints/best.pt,7685796,ok,
window_swat_W2,window_swat_W2/80705/baseline/checkpoints/last.pt,7685796,ok,
window_swat_W2,window_swat_W2/80705/finetune_0/checkpoints/best.pt,7685796,ok,
window_swat_W2,window_swat_W2/80705/finetune_0/checkpoints/last.pt,7685796,ok,
window_swat_W2,window_swat_W2/80705/merged/checkpoints/best.pt,7682852,ok,
window_swat_W2,window_swat_W2/80706/baseline/checkpoints/best.pt,7685796,ok,
window_swat_W2,window_swat_W2/80706/baseline/checkpoints/last.pt,7685796,ok,
window_swat_W2,window_swat_W2/80706/finetune_0/checkpoints/best.pt,7685796,ok,
window_swat_W2,window_swat_W2/80706/finetune_0/checkpoints/last.pt,7685796,ok,
window_swat_W2,window_swat_W2/80706/merged/checkpoints/best.pt,7682852,ok,
window_swat_W3,window_swat_W3/80469/baseline/checkpoints/best.pt,7685796,ok,
window_swat_W3,window_swat_W3/80469/baseline/checkpoints/last.pt,7685796,ok,
window_swat_W3,window_swat_W3/80469/finetune_0/checkpoints/best.pt,7685796,ok,
window_swat_W3,window_swat_W3/80469/finetune_0/checkpoints/last.pt,7685796,ok,
window_swat_W3,window_swat_W3/80469/merged/checkpoints/best.pt,7682852,ok,
window_swat_W3,window_swat_W3/80707/baseline/checkpoints/best.pt,7685796,ok,
window_swat_W3,window_swat_W3/80707/baseline/checkpoints/last.pt,7685796,ok,
window_swat_W3,window_swat_W3/80707/finetune_0/checkpoints/best.pt,7685796,ok,
window_swat_W3,window_swat_W3/80707/finetune_0/checkpoints/last.pt,7685796,ok,
window_swat_W3,window_swat_W3/80707/merged/checkpoints/best.pt,7682852,ok,
window_swat_W3,window_swat_W3/80708/baseline/checkpoints/best.pt,7685796,ok,
window_swat_W3,window_swat_W3/80708/baseline/checkpoints/last.pt,7685796,ok,
window_swat_W3,window_swat_W3/80708/finetune_0/checkpoints/best.pt,7685796,ok,
window_swat_W3,window_swat_W3/80708/finetune_0/checkpoints/last.pt,7685796,ok,
window_swat_W3,window_swat_W3/80708/merged/checkpoints/best.pt,7682852,ok,
