experiment,dataset,pipeline,n_segments,of_record,block,metric,n_seeds,seeds,mean,sd,sd_pct
basefrac_etth1_03,EtthForecastDataset,IncrementalTaskArithmeticPipeline,3,,baseline/test,forecast/mae,3,7 42 123,0.679721,0.041129,6.051
basefrac_etth1_03,EtthForecastDataset,IncrementalTaskArithmeticPipeline,3,,baseline/test,forecast/mse,3,7 42 123,0.957182,0.090194,9.423
basefrac_etth1_03,EtthForecastDataset,IncrementalTaskArithmeticPipeline,3,,baseline/test,forecast/rmse,3,7 42 123,0.977617,0.046575,4.764
basefrac_etth1_03,EtthForecastDataset,IncrementalTaskArithmeticPipeline,3,,finetune_0/test,forecast/mae,3,7 42 123,0.625568,0.033331,5.328
basefrac_etth1_03,EtthForecastDataset,IncrementalTaskArithmeticPipeline,3,,finetune_0/test,forecast/mse,3,7 42 123,0.705065,0.057851,8.205
basefrac_etth1_03,EtthForecastDataset,IncrementalTaskArithmeticPipeline,3,,finetune_0/test,forecast/rmse,3,7 42 123,0.839199,0.034863,4.154
basefrac_etth1_03,EtthForecastDataset,IncrementalTaskArithmeticPipeline,3,,finetune_1/test,forecast/mae,3,7 42 123,0.551616,0.025472,4.618
basefrac_etth1_03,EtthForecastDataset,IncrementalTaskArithmeticPipeline,3,,finetune_1/test,forecast/mse,3,7 42 123,0.549278,0.034074,6.203
basefrac_etth1_03,EtthForecastDataset,IncrementalTaskArithmeticPipeline,3,,finetune_1/test,forecast/rmse,3,7 42 123,0.740893,0.023122,3.121
basefrac_etth1_03,EtthForecastDataset,IncrementalTaskArithmeticPipeline,3,,finetune_2/test,forecast/mae,3,7 42 123,0.524567,0.004189,0.799
basefrac_etth1_03,EtthForecastDataset,IncrementalTaskArithmeticPipeline,3,,finetune_2/test,forecast/mse,3,7 42 123,0.567005,0.034698,6.119
basefrac_etth1_03,EtthForecastDataset,IncrementalTaskArithmeticPipeline,3,,finetune_2/test,forecast/rmse,3,7 42 123,0.752762,0.02305,3.062
basefrac_etth1_03,EtthForecastDataset,IncrementalTaskArithmeticPipeline,3,,merged/test,forecast/mae,3,7 42 123,0.831569,0.054115,6.508
basefrac_etth1_03,EtthForecastDataset,IncrementalTaskArithmeticPipeline,3,,merged/test,forecast/mse,3,7 42 123,1.1935,0.215182,18.03
basefrac_etth1_03,EtthForecastDataset,IncrementalTaskArithmeticPipeline,3,,merged/test,forecast/rmse,3,7 42 123,1.089553,0.097781,8.974
basefrac_etth1_03,EtthForecastDataset,IncrementalTaskArithmeticPipeline,3,,merged/val,forecast/mae,3,7 42 123,0.759016,0.014521,1.913
basefrac_etth1_03,EtthForecastDataset,IncrementalTaskArithmeticPipeline,3,,merged/val,forecast/mse,3,7 42 123,0.98977,0.047236,4.772
basefrac_etth1_03,EtthForecastDataset,IncrementalTaskArithmeticPipeline,3,,merged/val,forecast/rmse,3,7 42 123,0.994685,0.023583,2.371
basefrac_etth1_07,EtthForecastDataset,IncrementalTaskArithmeticPipeline,3,,baseline/test,forecast/mae,3,7 42 123,0.556006,0.015293,2.751
basefrac_etth1_07,EtthForecastDataset,IncrementalTaskArithmeticPipeline,3,,baseline/test,forecast/mse,3,7 42 123,0.59078,0.031391,5.313
basefrac_etth1_07,EtthForecastDataset,IncrementalTaskArithmeticPipeline,3,,baseline/test,forecast/rmse,3,7 42 123,0.768444,0.02028,2.639
basefrac_etth1_07,EtthForecastDataset,IncrementalTaskArithmeticPipeline,3,,finetune_0/test,forecast/mae,3,7 42 123,0.531706,0.02551,4.798
basefrac_etth1_07,EtthForecastDataset,IncrementalTaskArithmeticPipeline,3,,finetune_0/test,forecast/mse,3,7 42 123,0.543446,0.048995,9.016
basefrac_etth1_07,EtthForecastDataset,IncrementalTaskArithmeticPipeline,3,,finetune_0/test,forecast/rmse,3,7 42 123,0.736682,0.033451,4.541
basefrac_etth1_07,EtthForecastDataset,IncrementalTaskArithmeticPipeline,3,,finetune_1/test,forecast/mae,3,7 42 123,0.459588,0.005734,1.248
basefrac_etth1_07,EtthForecastDataset,IncrementalTaskArithmeticPipeline,3,,finetune_1/test,forecast/mse,3,7 42 123,0.418415,0.005901,1.41
basefrac_etth1_07,EtthForecastDataset,IncrementalTaskArithmeticPipeline,3,,finetune_1/test,forecast/rmse,3,7 42 123,0.646839,0.004567,0.706
basefrac_etth1_07,EtthForecastDataset,IncrementalTaskArithmeticPipeline,3,,finetune_2/test,forecast/mae,3,7 42 123,0.471726,0.006475,1.373
basefrac_etth1_07,EtthForecastDataset,IncrementalTaskArithmeticPipeline,3,,finetune_2/test,forecast/mse,3,7 42 123,0.427068,0.012508,2.929
basefrac_etth1_07,EtthForecastDataset,IncrementalTaskArithmeticPipeline,3,,finetune_2/test,forecast/rmse,3,7 42 123,0.653458,0.009545,1.461
basefrac_etth1_07,EtthForecastDataset,IncrementalTaskArithmeticPipeline,3,,merged/test,forecast/mae,3,7 42 123,0.53695,0.024647,4.59
basefrac_etth1_07,EtthForecastDataset,IncrementalTaskArithmeticPipeline,3,,merged/test,forecast/mse,3,7 42 123,0.493871,0.027457,5.559
basefrac_etth1_07,EtthForecastDataset,IncrementalTaskArithmeticPipeline,3,,merged/test,forecast/rmse,3,7 42 123,0.702577,0.01964,2.795
basefrac_etth1_07,EtthForecastDataset,IncrementalTaskArithmeticPipeline,3,,merged/val,forecast/mae,3,7 42 123,0.562424,0.026193,4.657
basefrac_etth1_07,EtthForecastDataset,IncrementalTaskArithmeticPipeline,3,,merged/val,forecast/mse,3,7 42 123,0.574582,0.037208,6.476
basefrac_etth1_07,EtthForecastDataset,IncrementalTaskArithmeticPipeline,3,,merged/val,forecast/rmse,3,7 42 123,0.757751,0.024345,3.213
basefrac_exchange_03,ExchangeRateForecastDataset,IncrementalTaskArithmeticPipeline,3,,baseline/test,forecast/mae,3,7 42 123,0.949263,0.035278,3.716
basefrac_exchange_03,ExchangeRateForecastDataset,IncrementalTaskArithmeticPipeline,3,,baseline/test,forecast/mse,3,7 42 123,1.15861,0.063982,5.522
basefrac_exchange_03,ExchangeRateForecastDataset,IncrementalTaskArithmeticPipeline,3,,baseline/test,forecast/rmse,3,7 42 123,1.076112,0.029854,2.774
basefrac_exchange_03,ExchangeRateForecastDataset,IncrementalTaskArithmeticPipeline,3,,finetune_0/test,forecast/mae,3,7 42 123,0.919173,0.0561,6.103
basefrac_exchange_03,ExchangeRateForecastDataset,IncrementalTaskArithmeticPipeline,3,,finetune_0/test,forecast/mse,3,7 42 123,1.103552,0.096103,8.709
basefrac_exchange_03,ExchangeRateForecastDataset,IncrementalTaskArithmeticPipeline,3,,finetune_0/test,forecast/rmse,3,7 42 123,1.04984,0.04563,4.346
basefrac_exchange_03,ExchangeRateForecastDataset,IncrementalTaskArithmeticPipeline,3,,finetune_1/test,forecast/mae,3,7 42 123,1.044551,0.036398,3.485
basefrac_exchange_03,ExchangeRateForecastDataset,IncrementalTaskArithmeticPipeline,3,,finetune_1/test,forecast/mse,3,7 42 123,1.362027,0.120869,8.874
basefrac_exchange_03,ExchangeRateForecastDataset,IncrementalTaskArithmeticPipeline,3,,finetune_1/test,forecast/rmse,3,7 42 123,1.166292,0.051815,4.443
basefrac_exchange_03,ExchangeRateForecastDataset,IncrementalTaskArithmeticPipeline,3,,finetune_2/test,forecast/mae,3,7 42 123,0.539,0.014745,2.736
basefrac_exchange_03,ExchangeRateForecastDataset,IncrementalTaskArithmeticPipeline,3,,finetune_2/test,forecast/mse,3,7 42 123,0.451585,0.055227,12.23
basefrac_exchange_03,ExchangeRateForecastDataset,IncrementalTaskArithmeticPipeline,3,,finetune_2/test,forecast/rmse,3,7 42 123,0.671189,0.040454,6.027
basefrac_exchange_03,ExchangeRateForecastDataset,IncrementalTaskArithmeticPipeline,3,,merged/test,forecast/mae,3,7 42 123,0.657143,0.035256,5.365
basefrac_exchange_03,ExchangeRateForecastDataset,IncrementalTaskArithmeticPipeline,3,,merged/test,forecast/mse,3,7 42 123,0.607335,0.033477,5.512
basefrac_exchange_03,ExchangeRateForecastDataset,IncrementalTaskArithmeticPipeline,3,,merged/test,forecast/rmse,3,7 42 123,0.779122,0.021369,2.743
basefrac_exchange_03,ExchangeRateForecastDataset,IncrementalTaskArithmeticPipeline,3,,merged/val,forecast/mae,3,7 42 123,0.41793,0.013336,3.191
basefrac_exchange_03,ExchangeRateForecastDataset,IncrementalTaskArithmeticPipeline,3,,merged/val,forecast/mse,3,7 42 123,0.265764,0.007809,2.938
basefrac_exchange_03,ExchangeRateForecastDataset,IncrementalTaskArithmeticPipeline,3,,merged/val,forecast/rmse,3,7 42 123,0.515486,0.007592,1.473
basefrac_exchange_07,ExchangeRateForecastDataset,IncrementalTaskArithmeticPipeline,3,,baseline/test,forecast/mae,3,7 42 123,0.747502,0.010841,1.45
basefrac_exchange_07,ExchangeRateForecastDataset,IncrementalTaskArithmeticPipeline,3,,baseline/test,forecast/mse,3,7 42 123,0.873347,0.015527,1.778
basefrac_exchange_07,ExchangeRateForecastDataset,IncrementalTaskArithmeticPipeline,3,,baseline/test,forecast/rmse,3,7 42 123,0.934506,0.008295,0.888
basefrac_exchange_07,ExchangeRateForecastDataset,IncrementalTaskArithmeticPipeline,3,,finetune_0/test,forecast/mae,3,7 42 123,0.714217,0.010689,1.497
basefrac_exchange_07,ExchangeRateForecastDataset,IncrementalTaskArithmeticPipeline,3,,finetune_0/test,forecast/mse,3,7 42 123,0.763601,0.030253,3.962
basefrac_exchange_07,ExchangeRateForecastDataset,IncrementalTaskArithmeticPipeline,3,,finetune_0/test,forecast/rmse,3,7 42 123,0.87373,0.017235,1.973
basefrac_exchange_07,ExchangeRateForecastDataset,IncrementalTaskArithmeticPipeline,3,,finetune_1/test,forecast/mae,3,7 42 123,0.47628,0.008604,1.806
basefrac_exchange_07,ExchangeRateForecastDataset,IncrementalTaskArithmeticPipeline,3,,finetune_1/test,forecast/mse,3,7 42 123,0.305849,0.009979,3.263
basefrac_exchange_07,ExchangeRateForecastDataset,IncrementalTaskArithmeticPipeline,3,,finetune_1/test,forecast/rmse,3,7 42 123,0.552988,0.008982,1.624
basefrac_exchange_07,ExchangeRateForecastDataset,IncrementalTaskArithmeticPipeline,3,,finetune_2/test,forecast/mae,3,7 42 123,0.6806,0.02711,3.983
basefrac_exchange_07,ExchangeRateForecastDataset,IncrementalTaskArithmeticPipeline,3,,finetune_2/test,forecast/mse,3,7 42 123,0.728685,0.050646,6.95
basefrac_exchange_07,ExchangeRateForecastDataset,IncrementalTaskArithmeticPipeline,3,,finetune_2/test,forecast/rmse,3,7 42 123,0.853292,0.029413,3.447
basefrac_exchange_07,ExchangeRateForecastDataset,IncrementalTaskArithmeticPipeline,3,,merged/test,forecast/mae,3,7 42 123,0.537394,0.032673,6.08
basefrac_exchange_07,ExchangeRateForecastDataset,IncrementalTaskArithmeticPipeline,3,,merged/test,forecast/mse,3,7 42 123,0.424314,0.045225,10.658
basefrac_exchange_07,ExchangeRateForecastDataset,IncrementalTaskArithmeticPipeline,3,,merged/test,forecast/rmse,3,7 42 123,0.650767,0.035009,5.38
basefrac_exchange_07,ExchangeRateForecastDataset,IncrementalTaskArithmeticPipeline,3,,merged/val,forecast/mae,3,7 42 123,0.412404,0.032196,7.807
basefrac_exchange_07,ExchangeRateForecastDataset,IncrementalTaskArithmeticPipeline,3,,merged/val,forecast/mse,3,7 42 123,0.242607,0.02787,11.488
basefrac_exchange_07,ExchangeRateForecastDataset,IncrementalTaskArithmeticPipeline,3,,merged/val,forecast/rmse,3,7 42 123,0.492001,0.028507,5.794
continual_etth,EtthForecastDataset,ContinualFineTuningPipeline,3,sequential,baseline/test,forecast/mae,3,7 42 123,0.628217,0.017562,2.795
continual_etth,EtthForecastDataset,ContinualFineTuningPipeline,3,sequential,baseline/test,forecast/mse,3,7 42 123,0.749038,0.034076,4.549
continual_etth,EtthForecastDataset,ContinualFineTuningPipeline,3,sequential,baseline/test,forecast/rmse,3,7 42 123,0.865321,0.019645,2.27
continual_etth,EtthForecastDataset,ContinualFineTuningPipeline,3,sequential,continual_0/test,forecast/mae,3,7 42 123,0.664388,0.003885,0.585
continual_etth,EtthForecastDataset,ContinualFineTuningPipeline,3,sequential,continual_0/test,forecast/mse,3,7 42 123,0.746116,0.006589,0.883
continual_etth,EtthForecastDataset,ContinualFineTuningPipeline,3,sequential,continual_0/test,forecast/rmse,3,7 42 123,0.863774,0.003815,0.442
continual_etth,EtthForecastDataset,ContinualFineTuningPipeline,3,sequential,continual_1/test,forecast/mae,3,7 42 123,0.500839,0.010913,2.179
continual_etth,EtthForecastDataset,ContinualFineTuningPipeline,3,sequential,continual_1/test,forecast/mse,3,7 42 123,0.475531,0.012235,2.573
continual_etth,EtthForecastDataset,ContinualFineTuningPipeline,3,sequential,continual_1/test,forecast/rmse,3,7 42 123,0.689549,0.008905,1.291
continual_etth,EtthForecastDataset,ContinualFineTuningPipeline,3,sequential,continual_2/test,forecast/mae,3,7 42 123,0.459578,0.01204,2.62
continual_etth,EtthForecastDataset,ContinualFineTuningPipeline,3,sequential,continual_2/test,forecast/mse,3,7 42 123,0.414003,0.020059,4.845
continual_etth,EtthForecastDataset,ContinualFineTuningPipeline,3,sequential,continual_2/test,forecast/rmse,3,7 42 123,0.643306,0.015483,2.407
continual_psm,Psm,ContinualFineTuningPipeline,3,sequential,baseline/test,event_f1,3,7 42 123,0.247488,0.040237,16.258
continual_psm,Psm,ContinualFineTuningPipeline,3,sequential,baseline/test,event_fn,3,7 42 123,17.0,3.605551,21.209
continual_psm,Psm,ContinualFineTuningPipeline,3,sequential,baseline/test,event_fp,3,7 42 123,320.666667,85.348306,26.616
continual_psm,Psm,ContinualFineTuningPipeline,3,sequential,baseline/test,event_precision,3,7 42 123,0.148902,0.031097,20.884
continual_psm,Psm,ContinualFineTuningPipeline,3,sequential,baseline/test,event_recall,3,7 42 123,0.760563,0.050782,6.677
continual_psm,Psm,ContinualFineTuningPipeline,3,sequential,baseline/test,event_tp,3,7 42 123,54.0,3.605551,6.677
continual_psm,Psm,ContinualFineTuningPipeline,3,sequential,baseline/test,pa_f1,3,7 42 123,0.788128,0.019037,2.416
continual_psm,Psm,ContinualFineTuningPipeline,3,sequential,baseline/test,pa_precision,3,7 42 123,0.938273,0.039727,4.234
continual_psm,Psm,ContinualFineTuningPipeline,3,sequential,baseline/test,pa_recall,3,7 42 123,0.679834,0.01751,2.576
continual_psm,Psm,ContinualFineTuningPipeline,3,sequential,baseline/test,point_auprc,3,7 42 123,0.557895,0.004159,0.745
continual_psm,Psm,ContinualFineTuningPipeline,3,sequential,baseline/test,point_auroc,3,7 42 123,0.768547,0.005776,0.752
continual_psm,Psm,ContinualFineTuningPipeline,3,sequential,baseline/test,point_f1,3,7 42 123,0.579925,0.006078,1.048
continual_psm,Psm,ContinualFineTuningPipeline,3,sequential,baseline/test,point_precision,3,7 42 123,0.469976,0.015004,3.193
continual_psm,Psm,ContinualFineTuningPipeline,3,sequential,baseline/test,point_recall,3,7 42 123,0.760782,0.05916,7.776
continual_psm,Psm,ContinualFineTuningPipeline,3,sequential,baseline/test,window_auprc,3,7 42 123,0.632514,0.002677,0.423
continual_psm,Psm,ContinualFineTuningPipeline,3,sequential,baseline/test,window_auroc,3,7 42 123,0.770595,0.00758,0.984
continual_psm,Psm,ContinualFineTuningPipeline,3,sequential,baseline/test,window_f1,3,7 42 123,0.632656,0.01238,1.957
continual_psm,Psm,ContinualFineTuningPipeline,3,sequential,baseline/test,window_precision,3,7 42 123,0.533158,0.013631,2.557
continual_psm,Psm,ContinualFineTuningPipeline,3,sequential,baseline/test,window_recall,3,7 42 123,0.781436,0.063717,8.154
continual_psm,Psm,ContinualFineTuningPipeline,3,sequential,continual_0/test,event_f1,3,7 42 123,0.30791,0.026572,8.63
continual_psm,Psm,ContinualFineTuningPipeline,3,sequential,continual_0/test,event_fn,3,7 42 123,15.0,3.0,20.0
continual_psm,Psm,ContinualFineTuningPipeline,3,sequential,continual_0/test,event_fp,3,7 42 123,239.333333,45.709226,19.099
continual_psm,Psm,ContinualFineTuningPipeline,3,sequential,continual_0/test,event_precision,3,7 42 123,0.191881,0.02168,11.299
continual_psm,Psm,ContinualFineTuningPipeline,3,sequential,continual_0/test,event_recall,3,7 42 123,0.788732,0.042254,5.357
continual_psm,Psm,ContinualFineTuningPipeline,3,sequential,continual_0/test,event_tp,3,7 42 123,56.0,3.0,5.357
continual_psm,Psm,ContinualFineTuningPipeline,3,sequential,continual_0/test,pa_f1,3,7 42 123,0.766788,0.00018,0.023
continual_psm,Psm,ContinualFineTuningPipeline,3,sequential,continual_0/test,pa_precision,3,7 42 123,0.665066,0.002476,0.372
continual_psm,Psm,ContinualFineTuningPipeline,3,sequential,continual_0/test,pa_recall,3,7 42 123,0.90527,0.004074,0.45
continual_psm,Psm,ContinualFineTuningPipeline,3,sequential,continual_0/test,point_auprc,3,7 42 123,0.553898,0.002616,0.472
continual_psm,Psm,ContinualFineTuningPipeline,3,sequential,continual_0/test,point_auroc,3,7 42 123,0.773752,0.007354,0.95
continual_psm,Psm,ContinualFineTuningPipeline,3,sequential,continual_0/test,point_f1,3,7 42 123,0.589225,0.01199,2.035
continual_psm,Psm,ContinualFineTuningPipeline,3,sequential,continual_0/test,point_precision,3,7 42 123,0.492653,0.009855,2.0
continual_psm,Psm,ContinualFineTuningPipeline,3,sequential,continual_0/test,point_recall,3,7 42 123,0.732901,0.015683,2.14
continual_psm,Psm,ContinualFineTuningPipeline,3,sequential,continual_0/test,window_auprc,3,7 42 123,0.634354,0.00506,0.798
continual_psm,Psm,ContinualFineTuningPipeline,3,sequential,continual_0/test,window_auroc,3,7 42 123,0.778451,0.009678,1.243
continual_psm,Psm,ContinualFineTuningPipeline,3,sequential,continual_0/test,window_f1,3,7 42 123,0.643745,0.013386,2.079
continual_psm,Psm,ContinualFineTuningPipeline,3,sequential,continual_0/test,window_precision,3,7 42 123,0.580565,0.01087,1.872
continual_psm,Psm,ContinualFineTuningPipeline,3,sequential,continual_0/test,window_recall,3,7 42 123,0.722363,0.016955,2.347
continual_psm,Psm,ContinualFineTuningPipeline,3,sequential,continual_1/test,event_f1,3,7 42 123,0.29209,0.076661,26.246
continual_psm,Psm,ContinualFineTuningPipeline,3,sequential,continual_1/test,event_fn,3,7 42 123,14.0,4.358899,31.135
continual_psm,Psm,ContinualFineTuningPipeline,3,sequential,continual_1/test,event_fp,3,7 42 123,290.333333,156.691842,53.97
continual_psm,Psm,ContinualFineTuningPipeline,3,sequential,continual_1/test,event_precision,3,7 42 123,0.182028,0.058426,32.097
continual_psm,Psm,ContinualFineTuningPipeline,3,sequential,continual_1/test,event_recall,3,7 42 123,0.802817,0.061393,7.647
continual_psm,Psm,ContinualFineTuningPipeline,3,sequential,continual_1/test,event_tp,3,7 42 123,57.0,4.358899,7.647
continual_psm,Psm,ContinualFineTuningPipeline,3,sequential,continual_1/test,pa_f1,3,7 42 123,0.767958,0.001018,0.133
continual_psm,Psm,ContinualFineTuningPipeline,3,sequential,continual_1/test,pa_precision,3,7 42 123,0.65709,0.009442,1.437
continual_psm,Psm,ContinualFineTuningPipeline,3,sequential,continual_1/test,pa_recall,3,7 42 123,0.924317,0.020569,2.225
continual_psm,Psm,ContinualFineTuningPipeline,3,sequential,continual_1/test,point_auprc,3,7 42 123,0.561774,0.002051,0.365
continual_psm,Psm,ContinualFineTuningPipeline,3,sequential,continual_1/test,point_auroc,3,7 42 123,0.790362,0.007938,1.004
continual_psm,Psm,ContinualFineTuningPipeline,3,sequential,continual_1/test,point_f1,3,7 42 123,0.601258,0.01169,1.944
continual_psm,Psm,ContinualFineTuningPipeline,3,sequential,continual_1/test,point_precision,3,7 42 123,0.49258,0.020172,4.095
continual_psm,Psm,ContinualFineTuningPipeline,3,sequential,continual_1/test,point_recall,3,7 42 123,0.775152,0.058864,7.594
continual_psm,Psm,ContinualFineTuningPipeline,3,sequential,continual_1/test,window_auprc,3,7 42 123,0.642683,0.005648,0.879
continual_psm,Psm,ContinualFineTuningPipeline,3,sequential,continual_1/test,window_auroc,3,7 42 123,0.792505,0.009615,1.213
continual_psm,Psm,ContinualFineTuningPipeline,3,sequential,continual_1/test,window_f1,3,7 42 123,0.65781,0.012467,1.895
continual_psm,Psm,ContinualFineTuningPipeline,3,sequential,continual_1/test,window_precision,3,7 42 123,0.581721,0.015841,2.723
continual_psm,Psm,ContinualFineTuningPipeline,3,sequential,continual_1/test,window_recall,3,7 42 123,0.758268,0.040463,5.336
continual_psm,Psm,ContinualFineTuningPipeline,3,sequential,continual_2/test,event_f1,3,7 42 123,0.261961,0.019353,7.388
continual_psm,Psm,ContinualFineTuningPipeline,3,sequential,continual_2/test,event_fn,3,7 42 123,10.666667,1.154701,10.825
continual_psm,Psm,ContinualFineTuningPipeline,3,sequential,continual_2/test,event_fp,3,7 42 123,331.333333,40.278199,12.156
continual_psm,Psm,ContinualFineTuningPipeline,3,sequential,continual_2/test,event_precision,3,7 42 123,0.155043,0.014195,9.155
continual_psm,Psm,ContinualFineTuningPipeline,3,sequential,continual_2/test,event_recall,3,7 42 123,0.849765,0.016263,1.914
continual_psm,Psm,ContinualFineTuningPipeline,3,sequential,continual_2/test,event_tp,3,7 42 123,60.333333,1.154701,1.914
continual_psm,Psm,ContinualFineTuningPipeline,3,sequential,continual_2/test,pa_f1,3,7 42 123,0.768908,0.001552,0.202
continual_psm,Psm,ContinualFineTuningPipeline,3,sequential,continual_2/test,pa_precision,3,7 42 123,0.658488,0.008358,1.269
continual_psm,Psm,ContinualFineTuningPipeline,3,sequential,continual_2/test,pa_recall,3,7 42 123,0.924262,0.020557,2.224
continual_psm,Psm,ContinualFineTuningPipeline,3,sequential,continual_2/test,point_auprc,3,7 42 123,0.565048,0.003149,0.557
continual_psm,Psm,ContinualFineTuningPipeline,3,sequential,continual_2/test,point_auroc,3,7 42 123,0.796706,0.007814,0.981
continual_psm,Psm,ContinualFineTuningPipeline,3,sequential,continual_2/test,point_f1,3,7 42 123,0.615737,0.016418,2.666
continual_psm,Psm,ContinualFineTuningPipeline,3,sequential,continual_2/test,point_precision,3,7 42 123,0.478883,0.021696,4.531
continual_psm,Psm,ContinualFineTuningPipeline,3,sequential,continual_2/test,point_recall,3,7 42 123,0.863483,0.020998,2.432
continual_psm,Psm,ContinualFineTuningPipeline,3,sequential,continual_2/test,window_auprc,3,7 42 123,0.644962,0.006322,0.98
continual_psm,Psm,ContinualFineTuningPipeline,3,sequential,continual_2/test,window_auroc,3,7 42 123,0.796863,0.009371,1.176
continual_psm,Psm,ContinualFineTuningPipeline,3,sequential,continual_2/test,window_f1,3,7 42 123,0.669663,0.016196,2.419
continual_psm,Psm,ContinualFineTuningPipeline,3,sequential,continual_2/test,window_precision,3,7 42 123,0.56019,0.024843,4.435
continual_psm,Psm,ContinualFineTuningPipeline,3,sequential,continual_2/test,window_recall,3,7 42 123,0.833452,0.018683,2.242
continual_swat,Swat,ContinualFineTuningPipeline,3,sequential,baseline/test,event_f1,3,7 42 123,0.297308,0.03553,11.951
continual_swat,Swat,ContinualFineTuningPipeline,3,sequential,baseline/test,event_fn,3,7 42 123,27.333333,0.57735,2.112
continual_swat,Swat,ContinualFineTuningPipeline,3,sequential,baseline/test,event_fp,3,7 42 123,9.666667,9.073772,93.867
continual_swat,Swat,ContinualFineTuningPipeline,3,sequential,baseline/test,event_precision,3,7 42 123,0.576248,0.371331,64.439
continual_swat,Swat,ContinualFineTuningPipeline,3,sequential,baseline/test,event_recall,3,7 42 123,0.219048,0.016496,7.531
continual_swat,Swat,ContinualFineTuningPipeline,3,sequential,baseline/test,event_tp,3,7 42 123,7.666667,0.57735,7.531
continual_swat,Swat,ContinualFineTuningPipeline,3,sequential,baseline/test,pa_f1,3,7 42 123,0.839255,0.00775,0.923
continual_swat,Swat,ContinualFineTuningPipeline,3,sequential,baseline/test,pa_precision,3,7 42 123,0.932744,0.016469,1.766
continual_swat,Swat,ContinualFineTuningPipeline,3,sequential,baseline/test,pa_recall,3,7 42 123,0.762875,0.005274,0.691
continual_swat,Swat,ContinualFineTuningPipeline,3,sequential,baseline/test,point_auprc,3,7 42 123,0.706279,0.00472,0.668
continual_swat,Swat,ContinualFineTuningPipeline,3,sequential,baseline/test,point_auroc,3,7 42 123,0.815756,0.001581,0.194
continual_swat,Swat,ContinualFineTuningPipeline,3,sequential,baseline/test,point_f1,3,7 42 123,0.765822,0.001823,0.238
continual_swat,Swat,ContinualFineTuningPipeline,3,sequential,baseline/test,point_precision,3,7 42 123,0.980106,0.001776,0.181
continual_swat,Swat,ContinualFineTuningPipeline,3,sequential,baseline/test,point_recall,3,7 42 123,0.628434,0.003135,0.499
continual_swat,Swat,ContinualFineTuningPipeline,3,sequential,baseline/test,window_auprc,3,7 42 123,0.70229,0.001416,0.202
continual_swat,Swat,ContinualFineTuningPipeline,3,sequential,baseline/test,window_auroc,3,7 42 123,0.80034,0.001503,0.188
continual_swat,Swat,ContinualFineTuningPipeline,3,sequential,baseline/test,window_f1,3,7 42 123,0.749128,0.002195,0.293
continual_swat,Swat,ContinualFineTuningPipeline,3,sequential,baseline/test,window_precision,3,7 42 123,0.989512,0.007724,0.781
continual_swat,Swat,ContinualFineTuningPipeline,3,sequential,baseline/test,window_recall,3,7 42 123,0.602721,4.6e-05,0.008
continual_swat,Swat,ContinualFineTuningPipeline,3,sequential,continual_0/test,event_f1,3,7 42 123,0.282215,0.055863,19.794
continual_swat,Swat,ContinualFineTuningPipeline,3,sequential,continual_0/test,event_fn,3,7 42 123,27.333333,0.57735,2.112
continual_swat,Swat,ContinualFineTuningPipeline,3,sequential,continual_0/test,event_fp,3,7 42 123,13.666667,14.843629,108.612
continual_swat,Swat,ContinualFineTuningPipeline,3,sequential,continual_0/test,event_precision,3,7 42 123,0.50999,0.337051,66.09
continual_swat,Swat,ContinualFineTuningPipeline,3,sequential,continual_0/test,event_recall,3,7 42 123,0.219048,0.016496,7.531
continual_swat,Swat,ContinualFineTuningPipeline,3,sequential,continual_0/test,event_tp,3,7 42 123,7.666667,0.57735,7.531
continual_swat,Swat,ContinualFineTuningPipeline,3,sequential,continual_0/test,pa_f1,3,7 42 123,0.83909,0.007746,0.923
continual_swat,Swat,ContinualFineTuningPipeline,3,sequential,continual_0/test,pa_precision,3,7 42 123,0.932339,0.016627,1.783
continual_swat,Swat,ContinualFineTuningPipeline,3,sequential,continual_0/test,pa_recall,3,7 42 123,0.762875,0.005274,0.691
continual_swat,Swat,ContinualFineTuningPipeline,3,sequential,continual_0/test,point_auprc,3,7 42 123,0.705808,0.003714,0.526
continual_swat,Swat,ContinualFineTuningPipeline,3,sequential,continual_0/test,point_auroc,3,7 42 123,0.814529,0.001733,0.213
continual_swat,Swat,ContinualFineTuningPipeline,3,sequential,continual_0/test,point_f1,3,7 42 123,0.765763,0.001834,0.24
continual_swat,Swat,ContinualFineTuningPipeline,3,sequential,continual_0/test,point_precision,3,7 42 123,0.97993,0.00203,0.207
continual_swat,Swat,ContinualFineTuningPipeline,3,sequential,continual_0/test,point_recall,3,7 42 123,0.628427,0.003161,0.503
continual_swat,Swat,ContinualFineTuningPipeline,3,sequential,continual_0/test,window_auprc,3,7 42 123,0.702047,0.00153,0.218
continual_swat,Swat,ContinualFineTuningPipeline,3,sequential,continual_0/test,window_auroc,3,7 42 123,0.799011,0.001667,0.209
continual_swat,Swat,ContinualFineTuningPipeline,3,sequential,continual_0/test,window_f1,3,7 42 123,0.748967,0.00239,0.319
continual_swat,Swat,ContinualFineTuningPipeline,3,sequential,continual_0/test,window_precision,3,7 42 123,0.994469,0.00143,0.144
continual_swat,Swat,ContinualFineTuningPipeline,3,sequential,continual_0/test,window_recall,3,7 42 123,0.600686,0.003479,0.579
continual_swat,Swat,ContinualFineTuningPipeline,3,sequential,continual_1/test,event_f1,3,7 42 123,0.277849,0.056964,20.502
continual_swat,Swat,ContinualFineTuningPipeline,3,sequential,continual_1/test,event_fn,3,7 42 123,26.666667,0.57735,2.165
continual_swat,Swat,ContinualFineTuningPipeline,3,sequential,continual_1/test,event_fp,3,7 42 123,19.0,17.058722,89.783
continual_swat,Swat,ContinualFineTuningPipeline,3,sequential,continual_1/test,event_precision,3,7 42 123,0.39017,0.21319,54.64
continual_swat,Swat,ContinualFineTuningPipeline,3,sequential,continual_1/test,event_recall,3,7 42 123,0.238095,0.016496,6.928
continual_swat,Swat,ContinualFineTuningPipeline,3,sequential,continual_1/test,event_tp,3,7 42 123,8.333333,0.57735,6.928
continual_swat,Swat,ContinualFineTuningPipeline,3,sequential,continual_1/test,pa_f1,3,7 42 123,0.8397,0.0082,0.977
continual_swat,Swat,ContinualFineTuningPipeline,3,sequential,continual_1/test,pa_precision,3,7 42 123,0.937944,0.018809,2.005
continual_swat,Swat,ContinualFineTuningPipeline,3,sequential,continual_1/test,pa_recall,3,7 42 123,0.760166,0.001015,0.133
continual_swat,Swat,ContinualFineTuningPipeline,3,sequential,continual_1/test,point_auprc,3,7 42 123,0.705751,0.003574,0.506
continual_swat,Swat,ContinualFineTuningPipeline,3,sequential,continual_1/test,point_auroc,3,7 42 123,0.816597,0.001549,0.19
continual_swat,Swat,ContinualFineTuningPipeline,3,sequential,continual_1/test,point_f1,3,7 42 123,0.766097,0.001678,0.219
continual_swat,Swat,ContinualFineTuningPipeline,3,sequential,continual_1/test,point_precision,3,7 42 123,0.976635,0.005566,0.57
continual_swat,Swat,ContinualFineTuningPipeline,3,sequential,continual_1/test,point_recall,3,7 42 123,0.63024,8.5e-05,0.013
continual_swat,Swat,ContinualFineTuningPipeline,3,sequential,continual_1/test,window_auprc,3,7 42 123,0.702402,0.001529,0.218
continual_swat,Swat,ContinualFineTuningPipeline,3,sequential,continual_1/test,window_auroc,3,7 42 123,0.801188,0.001483,0.185
continual_swat,Swat,ContinualFineTuningPipeline,3,sequential,continual_1/test,window_f1,3,7 42 123,0.749652,0.00158,0.211
continual_swat,Swat,ContinualFineTuningPipeline,3,sequential,continual_1/test,window_precision,3,7 42 123,0.99153,0.005555,0.56
continual_swat,Swat,ContinualFineTuningPipeline,3,sequential,continual_1/test,window_recall,3,7 42 123,0.602646,0.000147,0.024
continual_swat,Swat,ContinualFineTuningPipeline,3,sequential,continual_2/test,event_f1,3,7 42 123,0.313228,0.035756,11.415
continual_swat,Swat,ContinualFineTuningPipeline,3,sequential,continual_2/test,event_fn,3,7 42 123,26.666667,0.57735,2.165
continual_swat,Swat,ContinualFineTuningPipeline,3,sequential,continual_2/test,event_fp,3,7 42 123,10.666667,9.865766,92.492
continual_swat,Swat,ContinualFineTuningPipeline,3,sequential,continual_2/test,event_precision,3,7 42 123,0.509473,0.195672,38.407
continual_swat,Swat,ContinualFineTuningPipeline,3,sequential,continual_2/test,event_recall,3,7 42 123,0.238095,0.016496,6.928
continual_swat,Swat,ContinualFineTuningPipeline,3,sequential,continual_2/test,event_tp,3,7 42 123,8.333333,0.57735,6.928
continual_swat,Swat,ContinualFineTuningPipeline,3,sequential,continual_2/test,pa_f1,3,7 42 123,0.838954,0.00778,0.927
continual_swat,Swat,ContinualFineTuningPipeline,3,sequential,continual_2/test,pa_precision,3,7 42 123,0.931996,0.016365,1.756
continual_swat,Swat,ContinualFineTuningPipeline,3,sequential,continual_2/test,pa_recall,3,7 42 123,0.762875,0.005274,0.691
continual_swat,Swat,ContinualFineTuningPipeline,3,sequential,continual_2/test,point_auprc,3,7 42 123,0.705811,0.003227,0.457
continual_swat,Swat,ContinualFineTuningPipeline,3,sequential,continual_2/test,point_auroc,3,7 42 123,0.818708,0.001342,0.164
continual_swat,Swat,ContinualFineTuningPipeline,3,sequential,continual_2/test,point_f1,3,7 42 123,0.766474,0.001333,0.174
continual_swat,Swat,ContinualFineTuningPipeline,3,sequential,continual_2/test,point_precision,3,7 42 123,0.977974,0.004119,0.421
continual_swat,Swat,ContinualFineTuningPipeline,3,sequential,continual_2/test,point_recall,3,7 42 123,0.630191,9e-05,0.014
continual_swat,Swat,ContinualFineTuningPipeline,3,sequential,continual_2/test,window_auprc,3,7 42 123,0.702757,0.00138,0.196
continual_swat,Swat,ContinualFineTuningPipeline,3,sequential,continual_2/test,window_auroc,3,7 42 123,0.80369,0.001326,0.165
continual_swat,Swat,ContinualFineTuningPipeline,3,sequential,continual_2/test,window_f1,3,7 42 123,0.750019,0.001273,0.17
continual_swat,Swat,ContinualFineTuningPipeline,3,sequential,continual_2/test,window_precision,3,7 42 123,0.992623,0.004664,0.47
continual_swat,Swat,ContinualFineTuningPipeline,3,sequential,continual_2/test,window_recall,3,7 42 123,0.602715,0.000105,0.017
etth2_continual_n2,Etth2ForecastDataset,ContinualFineTuningPipeline,2,sequential,baseline/test,forecast/mae,3,7 42 123,0.672581,0.030222,4.493
etth2_continual_n2,Etth2ForecastDataset,ContinualFineTuningPipeline,2,sequential,baseline/test,forecast/mse,3,7 42 123,0.843281,0.053999,6.403
etth2_continual_n2,Etth2ForecastDataset,ContinualFineTuningPipeline,2,sequential,baseline/test,forecast/rmse,3,7 42 123,0.917989,0.029423,3.205
etth2_continual_n2,Etth2ForecastDataset,ContinualFineTuningPipeline,2,sequential,continual_0/test,forecast/mae,3,7 42 123,0.539141,0.072756,13.495
etth2_continual_n2,Etth2ForecastDataset,ContinualFineTuningPipeline,2,sequential,continual_0/test,forecast/mse,3,7 42 123,0.610539,0.121689,19.931
etth2_continual_n2,Etth2ForecastDataset,ContinualFineTuningPipeline,2,sequential,continual_0/test,forecast/rmse,3,7 42 123,0.778875,0.076413,9.811
etth2_continual_n2,Etth2ForecastDataset,ContinualFineTuningPipeline,2,sequential,continual_1/test,forecast/mae,3,7 42 123,0.378138,0.023232,6.144
etth2_continual_n2,Etth2ForecastDataset,ContinualFineTuningPipeline,2,sequential,continual_1/test,forecast/mse,3,7 42 123,0.233216,0.028506,12.223
etth2_continual_n2,Etth2ForecastDataset,ContinualFineTuningPipeline,2,sequential,continual_1/test,forecast/rmse,3,7 42 123,0.482336,0.029181,6.05
etth2_continual_n3,Etth2ForecastDataset,ContinualFineTuningPipeline,3,sequential,baseline/test,forecast/mae,3,7 42 123,0.677699,0.048044,7.089
etth2_continual_n3,Etth2ForecastDataset,ContinualFineTuningPipeline,3,sequential,baseline/test,forecast/mse,3,7 42 123,0.857512,0.094954,11.073
etth2_continual_n3,Etth2ForecastDataset,ContinualFineTuningPipeline,3,sequential,baseline/test,forecast/rmse,3,7 42 123,0.925094,0.050686,5.479
etth2_continual_n3,Etth2ForecastDataset,ContinualFineTuningPipeline,3,sequential,continual_0/test,forecast/mae,3,7 42 123,0.459914,0.022551,4.903
etth2_continual_n3,Etth2ForecastDataset,ContinualFineTuningPipeline,3,sequential,continual_0/test,forecast/mse,3,7 42 123,0.36687,0.050022,13.635
etth2_continual_n3,Etth2ForecastDataset,ContinualFineTuningPipeline,3,sequential,continual_0/test,forecast/rmse,3,7 42 123,0.604746,0.041566,6.873
etth2_continual_n3,Etth2ForecastDataset,ContinualFineTuningPipeline,3,sequential,continual_1/test,forecast/mae,3,7 42 123,0.317404,0.010478,3.301
etth2_continual_n3,Etth2ForecastDataset,ContinualFineTuningPipeline,3,sequential,continual_1/test,forecast/mse,3,7 42 123,0.17218,0.009344,5.427
etth2_continual_n3,Etth2ForecastDataset,ContinualFineTuningPipeline,3,sequential,continual_1/test,forecast/rmse,3,7 42 123,0.414844,0.011309,2.726
etth2_continual_n3,Etth2ForecastDataset,ContinualFineTuningPipeline,3,sequential,continual_2/test,forecast/mae,3,7 42 123,0.33775,0.014042,4.157
etth2_continual_n3,Etth2ForecastDataset,ContinualFineTuningPipeline,3,sequential,continual_2/test,forecast/mse,3,7 42 123,0.196985,0.010023,5.088
etth2_continual_n3,Etth2ForecastDataset,ContinualFineTuningPipeline,3,sequential,continual_2/test,forecast/rmse,3,7 42 123,0.443732,0.011362,2.56
etth2_continual_n5,Etth2ForecastDataset,ContinualFineTuningPipeline,5,sequential,baseline/test,forecast/mae,3,7 42 123,0.68,0.04585,6.743
etth2_continual_n5,Etth2ForecastDataset,ContinualFineTuningPipeline,5,sequential,baseline/test,forecast/mse,3,7 42 123,0.857399,0.095086,11.09
etth2_continual_n5,Etth2ForecastDataset,ContinualFineTuningPipeline,5,sequential,baseline/test,forecast/rmse,3,7 42 123,0.92503,0.050761,5.488
etth2_continual_n5,Etth2ForecastDataset,ContinualFineTuningPipeline,5,sequential,continual_0/test,forecast/mae,3,7 42 123,0.476333,0.013693,2.875
etth2_continual_n5,Etth2ForecastDataset,ContinualFineTuningPipeline,5,sequential,continual_0/test,forecast/mse,3,7 42 123,0.375029,0.026364,7.03
etth2_continual_n5,Etth2ForecastDataset,ContinualFineTuningPipeline,5,sequential,continual_0/test,forecast/rmse,3,7 42 123,0.612148,0.021328,3.484
etth2_continual_n5,Etth2ForecastDataset,ContinualFineTuningPipeline,5,sequential,continual_1/test,forecast/mae,3,7 42 123,0.325608,0.00818,2.512
etth2_continual_n5,Etth2ForecastDataset,ContinualFineTuningPipeline,5,sequential,continual_1/test,forecast/mse,3,7 42 123,0.194864,0.012622,6.478
etth2_continual_n5,Etth2ForecastDataset,ContinualFineTuningPipeline,5,sequential,continual_1/test,forecast/rmse,3,7 42 123,0.441281,0.014187,3.215
etth2_continual_n5,Etth2ForecastDataset,ContinualFineTuningPipeline,5,sequential,continual_2/test,forecast/mae,3,7 42 123,0.35259,0.008433,2.392
etth2_continual_n5,Etth2ForecastDataset,ContinualFineTuningPipeline,5,sequential,continual_2/test,forecast/mse,3,7 42 123,0.205421,0.00763,3.714
etth2_continual_n5,Etth2ForecastDataset,ContinualFineTuningPipeline,5,sequential,continual_2/test,forecast/rmse,3,7 42 123,0.453182,0.008392,1.852
etth2_continual_n5,Etth2ForecastDataset,ContinualFineTuningPipeline,5,sequential,continual_3/test,forecast/mae,3,7 42 123,0.357864,0.00758,2.118
etth2_continual_n5,Etth2ForecastDataset,ContinualFineTuningPipeline,5,sequential,continual_3/test,forecast/mse,3,7 42 123,0.216824,0.015226,7.022
etth2_continual_n5,Etth2ForecastDataset,ContinualFineTuningPipeline,5,sequential,continual_3/test,forecast/rmse,3,7 42 123,0.465449,0.01649,3.543
etth2_continual_n5,Etth2ForecastDataset,ContinualFineTuningPipeline,5,sequential,continual_4/test,forecast/mae,3,7 42 123,0.394596,0.02905,7.362
etth2_continual_n5,Etth2ForecastDataset,ContinualFineTuningPipeline,5,sequential,continual_4/test,forecast/mse,3,7 42 123,0.249455,0.039164,15.7
etth2_continual_n5,Etth2ForecastDataset,ContinualFineTuningPipeline,5,sequential,continual_4/test,forecast/rmse,3,7 42 123,0.498454,0.038714,7.767
etth2_gate_base,Etth2ForecastDataset,IncrementalTaskArithmeticPipeline,0,,baseline/test,forecast/mae,3,7 42 123,0.674075,0.028457,4.222
etth2_gate_base,Etth2ForecastDataset,IncrementalTaskArithmeticPipeline,0,,baseline/test,forecast/mse,3,7 42 123,0.841485,0.056725,6.741
etth2_gate_base,Etth2ForecastDataset,IncrementalTaskArithmeticPipeline,0,,baseline/test,forecast/rmse,3,7 42 123,0.916976,0.030968,3.377
etth2_gate_joint,Etth2ForecastDataset,StandardPipeline,0,joint,train/test,forecast/mae,3,7 42 123,0.268997,0.022053,8.198
etth2_gate_joint,Etth2ForecastDataset,StandardPipeline,0,joint,train/test,forecast/mse,3,7 42 123,0.136248,0.013006,9.546
etth2_gate_joint,Etth2ForecastDataset,StandardPipeline,0,joint,train/test,forecast/rmse,3,7 42 123,0.368843,0.017431,4.726
etth2_merge_n2,Etth2ForecastDataset,IncrementalTaskArithmeticPipeline,2,merge,baseline/test,forecast/mae,3,7 42 123,0.645699,0.025978,4.023
etth2_merge_n2,Etth2ForecastDataset,IncrementalTaskArithmeticPipeline,2,merge,baseline/test,forecast/mse,3,7 42 123,0.788477,0.053024,6.725
etth2_merge_n2,Etth2ForecastDataset,IncrementalTaskArithmeticPipeline,2,merge,baseline/test,forecast/rmse,3,7 42 123,0.887633,0.029638,3.339
etth2_merge_n2,Etth2ForecastDataset,IncrementalTaskArithmeticPipeline,2,merge,finetune_0/test,forecast/mae,3,7 42 123,0.516262,0.076205,14.761
etth2_merge_n2,Etth2ForecastDataset,IncrementalTaskArithmeticPipeline,2,merge,finetune_0/test,forecast/mse,3,7 42 123,0.516202,0.202218,39.174
etth2_merge_n2,Etth2ForecastDataset,IncrementalTaskArithmeticPipeline,2,merge,finetune_0/test,forecast/rmse,3,7 42 123,0.70877,0.14412,20.334
etth2_merge_n2,Etth2ForecastDataset,IncrementalTaskArithmeticPipeline,2,merge,finetune_1/test,forecast/mae,3,7 42 123,0.425182,0.016153,3.799
etth2_merge_n2,Etth2ForecastDataset,IncrementalTaskArithmeticPipeline,2,merge,finetune_1/test,forecast/mse,3,7 42 123,0.290187,0.017965,6.191
etth2_merge_n2,Etth2ForecastDataset,IncrementalTaskArithmeticPipeline,2,merge,finetune_1/test,forecast/rmse,3,7 42 123,0.53852,0.01656,3.075
etth2_merge_n2,Etth2ForecastDataset,IncrementalTaskArithmeticPipeline,2,merge,merged/test,forecast/mae,3,7 42 123,0.394711,0.019137,4.848
etth2_merge_n2,Etth2ForecastDataset,IncrementalTaskArithmeticPipeline,2,merge,merged/test,forecast/mse,3,7 42 123,0.261224,0.045197,17.302
etth2_merge_n2,Etth2ForecastDataset,IncrementalTaskArithmeticPipeline,2,merge,merged/test,forecast/rmse,3,7 42 123,0.509831,0.044099,8.65
etth2_merge_n2,Etth2ForecastDataset,IncrementalTaskArithmeticPipeline,2,merge,merged/val,forecast/mae,3,7 42 123,0.410558,0.018031,4.392
etth2_merge_n2,Etth2ForecastDataset,IncrementalTaskArithmeticPipeline,2,merge,merged/val,forecast/mse,3,7 42 123,0.41782,0.017376,4.159
etth2_merge_n2,Etth2ForecastDataset,IncrementalTaskArithmeticPipeline,2,merge,merged/val,forecast/rmse,3,7 42 123,0.646297,0.013388,2.071
etth2_merge_n2,Etth2ForecastDataset,IncrementalTaskArithmeticPipeline,2,merge,merged/val,merge_scale/selected,3,7 42 123,0.483333,0.175594,36.33
etth2_merge_n3,Etth2ForecastDataset,IncrementalTaskArithmeticPipeline,3,merge,baseline/test,forecast/mae,3,7 42 123,0.708471,0.028135,3.971
etth2_merge_n3,Etth2ForecastDataset,IncrementalTaskArithmeticPipeline,3,merge,baseline/test,forecast/mse,3,7 42 123,0.912174,0.056826,6.23
etth2_merge_n3,Etth2ForecastDataset,IncrementalTaskArithmeticPipeline,3,merge,baseline/test,forecast/rmse,3,7 42 123,0.954774,0.029533,3.093
etth2_merge_n3,Etth2ForecastDataset,IncrementalTaskArithmeticPipeline,3,merge,finetune_0/test,forecast/mae,3,7 42 123,0.445302,0.021024,4.721
etth2_merge_n3,Etth2ForecastDataset,IncrementalTaskArithmeticPipeline,3,merge,finetune_0/test,forecast/mse,3,7 42 123,0.353793,0.072681,20.543
etth2_merge_n3,Etth2ForecastDataset,IncrementalTaskArithmeticPipeline,3,merge,finetune_0/test,forecast/rmse,3,7 42 123,0.592811,0.059602,10.054
etth2_merge_n3,Etth2ForecastDataset,IncrementalTaskArithmeticPipeline,3,merge,finetune_1/test,forecast/mae,3,7 42 123,0.316784,0.005648,1.783
etth2_merge_n3,Etth2ForecastDataset,IncrementalTaskArithmeticPipeline,3,merge,finetune_1/test,forecast/mse,3,7 42 123,0.177137,0.006051,3.416
etth2_merge_n3,Etth2ForecastDataset,IncrementalTaskArithmeticPipeline,3,merge,finetune_1/test,forecast/rmse,3,7 42 123,0.420836,0.007163,1.702
etth2_merge_n3,Etth2ForecastDataset,IncrementalTaskArithmeticPipeline,3,merge,finetune_2/test,forecast/mae,3,7 42 123,0.478777,0.025173,5.258
etth2_merge_n3,Etth2ForecastDataset,IncrementalTaskArithmeticPipeline,3,merge,finetune_2/test,forecast/mse,3,7 42 123,0.360102,0.024978,6.936
etth2_merge_n3,Etth2ForecastDataset,IncrementalTaskArithmeticPipeline,3,merge,finetune_2/test,forecast/rmse,3,7 42 123,0.59984,0.02099,3.499
etth2_merge_n3,Etth2ForecastDataset,IncrementalTaskArithmeticPipeline,3,merge,merged/test,forecast/mae,3,7 42 123,0.362542,0.004716,1.301
etth2_merge_n3,Etth2ForecastDataset,IncrementalTaskArithmeticPipeline,3,merge,merged/test,forecast/mse,3,7 42 123,0.215281,0.018391,8.543
etth2_merge_n3,Etth2ForecastDataset,IncrementalTaskArithmeticPipeline,3,merge,merged/test,forecast/rmse,3,7 42 123,0.463696,0.02003,4.32
etth2_merge_n3,Etth2ForecastDataset,IncrementalTaskArithmeticPipeline,3,merge,merged/val,forecast/mae,3,7 42 123,0.419635,0.017707,4.22
etth2_merge_n3,Etth2ForecastDataset,IncrementalTaskArithmeticPipeline,3,merge,merged/val,forecast/mse,3,7 42 123,0.437104,0.013182,3.016
etth2_merge_n3,Etth2ForecastDataset,IncrementalTaskArithmeticPipeline,3,merge,merged/val,forecast/rmse,3,7 42 123,0.661089,0.009982,1.51
etth2_merge_n3,Etth2ForecastDataset,IncrementalTaskArithmeticPipeline,3,merge,merged/val,merge_scale/selected,3,7 42 123,0.266667,0.028868,10.825
etth2_merge_n5,Etth2ForecastDataset,IncrementalTaskArithmeticPipeline,5,merge,baseline/test,forecast/mae,3,7 42 123,0.681731,0.025018,3.67
etth2_merge_n5,Etth2ForecastDataset,IncrementalTaskArithmeticPipeline,5,merge,baseline/test,forecast/mse,3,7 42 123,0.862824,0.049262,5.709
etth2_merge_n5,Etth2ForecastDataset,IncrementalTaskArithmeticPipeline,5,merge,baseline/test,forecast/rmse,3,7 42 123,0.928633,0.026406,2.844
etth2_merge_n5,Etth2ForecastDataset,IncrementalTaskArithmeticPipeline,5,merge,finetune_0/test,forecast/mae,3,7 42 123,0.52346,0.067414,12.878
etth2_merge_n5,Etth2ForecastDataset,IncrementalTaskArithmeticPipeline,5,merge,finetune_0/test,forecast/mse,3,7 42 123,0.454911,0.113522,24.955
etth2_merge_n5,Etth2ForecastDataset,IncrementalTaskArithmeticPipeline,5,merge,finetune_0/test,forecast/rmse,3,7 42 123,0.671067,0.082877,12.35
etth2_merge_n5,Etth2ForecastDataset,IncrementalTaskArithmeticPipeline,5,merge,finetune_1/test,forecast/mae,3,7 42 123,0.340184,0.007903,2.323
etth2_merge_n5,Etth2ForecastDataset,IncrementalTaskArithmeticPipeline,5,merge,finetune_1/test,forecast/mse,3,7 42 123,0.215975,0.014824,6.864
etth2_merge_n5,Etth2ForecastDataset,IncrementalTaskArithmeticPipeline,5,merge,finetune_1/test,forecast/rmse,3,7 42 123,0.464547,0.015991,3.442
etth2_merge_n5,Etth2ForecastDataset,IncrementalTaskArithmeticPipeline,5,merge,finetune_2/test,forecast/mae,3,7 42 123,0.413245,0.004724,1.143
etth2_merge_n5,Etth2ForecastDataset,IncrementalTaskArithmeticPipeline,5,merge,finetune_2/test,forecast/mse,3,7 42 123,0.265174,0.0041,1.546
etth2_merge_n5,Etth2ForecastDataset,IncrementalTaskArithmeticPipeline,5,merge,finetune_2/test,forecast/rmse,3,7 42 123,0.51494,0.003987,0.774
etth2_merge_n5,Etth2ForecastDataset,IncrementalTaskArithmeticPipeline,5,merge,finetune_3/test,forecast/mae,3,7 42 123,0.478302,0.028132,5.882
etth2_merge_n5,Etth2ForecastDataset,IncrementalTaskArithmeticPipeline,5,merge,finetune_3/test,forecast/mse,3,7 42 123,0.356521,0.034915,9.793
etth2_merge_n5,Etth2ForecastDataset,IncrementalTaskArithmeticPipeline,5,merge,finetune_3/test,forecast/rmse,3,7 42 123,0.596612,0.029377,4.924
etth2_merge_n5,Etth2ForecastDataset,IncrementalTaskArithmeticPipeline,5,merge,finetune_4/test,forecast/mae,3,7 42 123,0.492147,0.02241,4.554
etth2_merge_n5,Etth2ForecastDataset,IncrementalTaskArithmeticPipeline,5,merge,finetune_4/test,forecast/mse,3,7 42 123,0.369077,0.038187,10.347
etth2_merge_n5,Etth2ForecastDataset,IncrementalTaskArithmeticPipeline,5,merge,finetune_4/test,forecast/rmse,3,7 42 123,0.606989,0.031022,5.111
etth2_merge_n5,Etth2ForecastDataset,IncrementalTaskArithmeticPipeline,5,merge,merged/test,forecast/mae,3,7 42 123,0.394683,0.012574,3.186
etth2_merge_n5,Etth2ForecastDataset,IncrementalTaskArithmeticPipeline,5,merge,merged/test,forecast/mse,3,7 42 123,0.26692,0.030245,11.331
etth2_merge_n5,Etth2ForecastDataset,IncrementalTaskArithmeticPipeline,5,merge,merged/test,forecast/rmse,3,7 42 123,0.516073,0.029729,5.761
etth2_merge_n5,Etth2ForecastDataset,IncrementalTaskArithmeticPipeline,5,merge,merged/val,forecast/mae,3,7 42 123,0.436602,0.016793,3.846
etth2_merge_n5,Etth2ForecastDataset,IncrementalTaskArithmeticPipeline,5,merge,merged/val,forecast/mse,3,7 42 123,0.497352,0.031222,6.278
etth2_merge_n5,Etth2ForecastDataset,IncrementalTaskArithmeticPipeline,5,merge,merged/val,forecast/rmse,3,7 42 123,0.704999,0.022182,3.146
etth2_merge_n5,Etth2ForecastDataset,IncrementalTaskArithmeticPipeline,5,merge,merged/val,merge_scale/selected,3,7 42 123,0.15,0.0,0.0
etth2_n1,Etth2ForecastDataset,IncrementalTaskArithmeticPipeline,1,,baseline/test,forecast/mae,3,7 42 123,0.661029,0.010895,1.648
etth2_n1,Etth2ForecastDataset,IncrementalTaskArithmeticPipeline,1,,baseline/test,forecast/mse,3,7 42 123,0.818442,0.023592,2.883
etth2_n1,Etth2ForecastDataset,IncrementalTaskArithmeticPipeline,1,,baseline/test,forecast/rmse,3,7 42 123,0.904615,0.013085,1.447
etth2_n1,Etth2ForecastDataset,IncrementalTaskArithmeticPipeline,1,,finetune_0/test,forecast/mae,3,7 42 123,0.295429,0.012586,4.26
etth2_n1,Etth2ForecastDataset,IncrementalTaskArithmeticPipeline,1,,finetune_0/test,forecast/mse,3,7 42 123,0.163209,0.0112,6.863
etth2_n1,Etth2ForecastDataset,IncrementalTaskArithmeticPipeline,1,,finetune_0/test,forecast/rmse,3,7 42 123,0.403829,0.014003,3.468
etth2_n1,Etth2ForecastDataset,IncrementalTaskArithmeticPipeline,1,,merged/test,forecast/mae,3,7 42 123,0.295429,0.012586,4.26
etth2_n1,Etth2ForecastDataset,IncrementalTaskArithmeticPipeline,1,,merged/test,forecast/mse,3,7 42 123,0.163209,0.0112,6.863
etth2_n1,Etth2ForecastDataset,IncrementalTaskArithmeticPipeline,1,,merged/test,forecast/rmse,3,7 42 123,0.403829,0.014003,3.468
etth2_n1,Etth2ForecastDataset,IncrementalTaskArithmeticPipeline,1,,merged/val,forecast/mae,3,7 42 123,0.366963,0.01295,3.529
etth2_n1,Etth2ForecastDataset,IncrementalTaskArithmeticPipeline,1,,merged/val,forecast/mse,3,7 42 123,0.33922,0.012381,3.65
etth2_n1,Etth2ForecastDataset,IncrementalTaskArithmeticPipeline,1,,merged/val,forecast/rmse,3,7 42 123,0.582361,0.010667,1.832
etth2_window_W1,Etth2ForecastDataset,IncrementalTaskArithmeticPipeline,1,,baseline/test,forecast/mae,3,7 42 123,0.70479,0.084054,11.926
etth2_window_W1,Etth2ForecastDataset,IncrementalTaskArithmeticPipeline,1,,baseline/test,forecast/mse,3,7 42 123,0.915357,0.158253,17.289
etth2_window_W1,Etth2ForecastDataset,IncrementalTaskArithmeticPipeline,1,,baseline/test,forecast/rmse,3,7 42 123,0.954423,0.081546,8.544
etth2_window_W1,Etth2ForecastDataset,IncrementalTaskArithmeticPipeline,1,,finetune_0/test,forecast/mae,3,7 42 123,0.533217,0.041409,7.766
etth2_window_W1,Etth2ForecastDataset,IncrementalTaskArithmeticPipeline,1,,finetune_0/test,forecast/mse,3,7 42 123,0.447546,0.068553,15.318
etth2_window_W1,Etth2ForecastDataset,IncrementalTaskArithmeticPipeline,1,,finetune_0/test,forecast/rmse,3,7 42 123,0.667729,0.05025,7.525
etth2_window_W1,Etth2ForecastDataset,IncrementalTaskArithmeticPipeline,1,,merged/test,forecast/mae,3,7 42 123,0.533217,0.041409,7.766
etth2_window_W1,Etth2ForecastDataset,IncrementalTaskArithmeticPipeline,1,,merged/test,forecast/mse,3,7 42 123,0.447546,0.068553,15.318
etth2_window_W1,Etth2ForecastDataset,IncrementalTaskArithmeticPipeline,1,,merged/test,forecast/rmse,3,7 42 123,0.667729,0.05025,7.525
etth2_window_W1,Etth2ForecastDataset,IncrementalTaskArithmeticPipeline,1,,merged/val,forecast/mae,3,7 42 123,0.668117,0.073897,11.061
etth2_window_W1,Etth2ForecastDataset,IncrementalTaskArithmeticPipeline,1,,merged/val,forecast/mse,3,7 42 123,0.865579,0.127069,14.68
etth2_window_W1,Etth2ForecastDataset,IncrementalTaskArithmeticPipeline,1,,merged/val,forecast/rmse,3,7 42 123,0.928708,0.067973,7.319
etth2_window_W2,Etth2ForecastDataset,IncrementalTaskArithmeticPipeline,1,,baseline/test,forecast/mae,3,7 42 123,0.668856,0.03707,5.542
etth2_window_W2,Etth2ForecastDataset,IncrementalTaskArithmeticPipeline,1,,baseline/test,forecast/mse,3,7 42 123,0.839913,0.058807,7.002
etth2_window_W2,Etth2ForecastDataset,IncrementalTaskArithmeticPipeline,1,,baseline/test,forecast/rmse,3,7 42 123,0.916087,0.03235,3.531
etth2_window_W2,Etth2ForecastDataset,IncrementalTaskArithmeticPipeline,1,,finetune_0/test,forecast/mae,3,7 42 123,0.492359,0.028081,5.703
etth2_window_W2,Etth2ForecastDataset,IncrementalTaskArithmeticPipeline,1,,finetune_0/test,forecast/mse,3,7 42 123,0.364381,0.030991,8.505
etth2_window_W2,Etth2ForecastDataset,IncrementalTaskArithmeticPipeline,1,,finetune_0/test,forecast/rmse,3,7 42 123,0.603275,0.025721,4.264
etth2_window_W2,Etth2ForecastDataset,IncrementalTaskArithmeticPipeline,1,,merged/test,forecast/mae,3,7 42 123,0.492359,0.028081,5.703
etth2_window_W2,Etth2ForecastDataset,IncrementalTaskArithmeticPipeline,1,,merged/test,forecast/mse,3,7 42 123,0.364381,0.030991,8.505
etth2_window_W2,Etth2ForecastDataset,IncrementalTaskArithmeticPipeline,1,,merged/test,forecast/rmse,3,7 42 123,0.603275,0.025721,4.264
etth2_window_W2,Etth2ForecastDataset,IncrementalTaskArithmeticPipeline,1,,merged/val,forecast/mae,3,7 42 123,0.483241,0.050501,10.451
etth2_window_W2,Etth2ForecastDataset,IncrementalTaskArithmeticPipeline,1,,merged/val,forecast/mse,3,7 42 123,0.573955,0.05491,9.567
etth2_window_W2,Etth2ForecastDataset,IncrementalTaskArithmeticPipeline,1,,merged/val,forecast/rmse,3,7 42 123,0.757019,0.036287,4.793
etth2_window_W3,Etth2ForecastDataset,IncrementalTaskArithmeticPipeline,1,,baseline/test,forecast/mae,3,7 42 123,0.670822,0.034843,5.194
etth2_window_W3,Etth2ForecastDataset,IncrementalTaskArithmeticPipeline,1,,baseline/test,forecast/mse,3,7 42 123,0.826937,0.069067,8.352
etth2_window_W3,Etth2ForecastDataset,IncrementalTaskArithmeticPipeline,1,,baseline/test,forecast/rmse,3,7 42 123,0.90883,0.038027,4.184
etth2_window_W3,Etth2ForecastDataset,IncrementalTaskArithmeticPipeline,1,,finetune_0/test,forecast/mae,3,7 42 123,0.427596,0.01478,3.456
etth2_window_W3,Etth2ForecastDataset,IncrementalTaskArithmeticPipeline,1,,finetune_0/test,forecast/mse,3,7 42 123,0.295173,0.020964,7.102
etth2_window_W3,Etth2ForecastDataset,IncrementalTaskArithmeticPipeline,1,,finetune_0/test,forecast/rmse,3,7 42 123,0.543067,0.019436,3.579
etth2_window_W3,Etth2ForecastDataset,IncrementalTaskArithmeticPipeline,1,,merged/test,forecast/mae,3,7 42 123,0.427596,0.01478,3.456
etth2_window_W3,Etth2ForecastDataset,IncrementalTaskArithmeticPipeline,1,,merged/test,forecast/mse,3,7 42 123,0.295173,0.020964,7.102
etth2_window_W3,Etth2ForecastDataset,IncrementalTaskArithmeticPipeline,1,,merged/test,forecast/rmse,3,7 42 123,0.543067,0.019436,3.579
etth2_window_W3,Etth2ForecastDataset,IncrementalTaskArithmeticPipeline,1,,merged/val,forecast/mae,3,7 42 123,0.398355,0.00584,1.466
etth2_window_W3,Etth2ForecastDataset,IncrementalTaskArithmeticPipeline,1,,merged/val,forecast/mse,3,7 42 123,0.479013,0.003102,0.648
etth2_window_W3,Etth2ForecastDataset,IncrementalTaskArithmeticPipeline,1,,merged/val,forecast/rmse,3,7 42 123,0.692105,0.002242,0.324
etth_vf15_regsweep,EtthForecastDataset,IncrementalTaskArithmeticPipeline,3,,baseline/test,forecast/mae,1,42,0.613071,0.0,0.0
etth_vf15_regsweep,EtthForecastDataset,IncrementalTaskArithmeticPipeline,3,,baseline/test,forecast/mse,1,42,0.702315,0.0,0.0
etth_vf15_regsweep,EtthForecastDataset,IncrementalTaskArithmeticPipeline,3,,baseline/test,forecast/rmse,1,42,0.838042,0.0,0.0
etth_vf15_regsweep,EtthForecastDataset,IncrementalTaskArithmeticPipeline,3,,finetune_0/test,forecast/mae,1,42,0.68569,0.0,0.0
etth_vf15_regsweep,EtthForecastDataset,IncrementalTaskArithmeticPipeline,3,,finetune_0/test,forecast/mse,1,42,0.780485,0.0,0.0
etth_vf15_regsweep,EtthForecastDataset,IncrementalTaskArithmeticPipeline,3,,finetune_0/test,forecast/rmse,1,42,0.883451,0.0,0.0
etth_vf15_regsweep,EtthForecastDataset,IncrementalTaskArithmeticPipeline,3,,finetune_1/test,forecast/mae,1,42,0.518504,0.0,0.0
etth_vf15_regsweep,EtthForecastDataset,IncrementalTaskArithmeticPipeline,3,,finetune_1/test,forecast/mse,1,42,0.507035,0.0,0.0
etth_vf15_regsweep,EtthForecastDataset,IncrementalTaskArithmeticPipeline,3,,finetune_1/test,forecast/rmse,1,42,0.712064,0.0,0.0
etth_vf15_regsweep,EtthForecastDataset,IncrementalTaskArithmeticPipeline,3,,finetune_2/test,forecast/mae,1,42,0.492061,0.0,0.0
etth_vf15_regsweep,EtthForecastDataset,IncrementalTaskArithmeticPipeline,3,,finetune_2/test,forecast/mse,1,42,0.472475,0.0,0.0
etth_vf15_regsweep,EtthForecastDataset,IncrementalTaskArithmeticPipeline,3,,finetune_2/test,forecast/rmse,1,42,0.687368,0.0,0.0
etth_vf15_regsweep,EtthForecastDataset,IncrementalTaskArithmeticPipeline,3,,merged/test,forecast/mae,1,42,0.565536,0.0,0.0
etth_vf15_regsweep,EtthForecastDataset,IncrementalTaskArithmeticPipeline,3,,merged/test,forecast/mse,1,42,0.604224,0.0,0.0
etth_vf15_regsweep,EtthForecastDataset,IncrementalTaskArithmeticPipeline,3,,merged/test,forecast/rmse,1,42,0.777319,0.0,0.0
etth_vf15_regsweep,EtthForecastDataset,IncrementalTaskArithmeticPipeline,3,,merged/val,forecast/mae,1,42,0.532268,0.0,0.0
etth_vf15_regsweep,EtthForecastDataset,IncrementalTaskArithmeticPipeline,3,,merged/val,forecast/mse,1,42,0.518254,0.0,0.0
etth_vf15_regsweep,EtthForecastDataset,IncrementalTaskArithmeticPipeline,3,,merged/val,forecast/rmse,1,42,0.719899,0.0,0.0
ettm2_continual_n2,Ettm2ForecastDataset,ContinualFineTuningPipeline,2,sequential,baseline/test,forecast/mae,3,7 42 123,0.540121,0.05179,9.589
ettm2_continual_n2,Ettm2ForecastDataset,ContinualFineTuningPipeline,2,sequential,baseline/test,forecast/mse,3,7 42 123,0.565528,0.074388,13.154
ettm2_continual_n2,Ettm2ForecastDataset,ContinualFineTuningPipeline,2,sequential,baseline/test,forecast/rmse,3,7 42 123,0.750955,0.048904,6.512
ettm2_continual_n2,Ettm2ForecastDataset,ContinualFineTuningPipeline,2,sequential,continual_0/test,forecast/mae,3,7 42 123,0.287431,0.012432,4.325
ettm2_continual_n2,Ettm2ForecastDataset,ContinualFineTuningPipeline,2,sequential,continual_0/test,forecast/mse,3,7 42 123,0.172853,0.019229,11.124
ettm2_continual_n2,Ettm2ForecastDataset,ContinualFineTuningPipeline,2,sequential,continual_0/test,forecast/rmse,3,7 42 123,0.415334,0.022944,5.524
ettm2_continual_n2,Ettm2ForecastDataset,ContinualFineTuningPipeline,2,sequential,continual_1/test,forecast/mae,3,7 42 123,0.229444,0.01434,6.25
ettm2_continual_n2,Ettm2ForecastDataset,ContinualFineTuningPipeline,2,sequential,continual_1/test,forecast/mse,3,7 42 123,0.095237,0.009936,10.432
ettm2_continual_n2,Ettm2ForecastDataset,ContinualFineTuningPipeline,2,sequential,continual_1/test,forecast/rmse,3,7 42 123,0.308331,0.015924,5.165
ettm2_continual_n3,Ettm2ForecastDataset,ContinualFineTuningPipeline,3,sequential,baseline/test,forecast/mae,3,7 42 123,0.544243,0.048043,8.828
ettm2_continual_n3,Ettm2ForecastDataset,ContinualFineTuningPipeline,3,sequential,baseline/test,forecast/mse,3,7 42 123,0.566811,0.076123,13.43
ettm2_continual_n3,Ettm2ForecastDataset,ContinualFineTuningPipeline,3,sequential,baseline/test,forecast/rmse,3,7 42 123,0.751745,0.050364,6.7
ettm2_continual_n3,Ettm2ForecastDataset,ContinualFineTuningPipeline,3,sequential,continual_0/test,forecast/mae,3,7 42 123,0.289535,0.006996,2.416
ettm2_continual_n3,Ettm2ForecastDataset,ContinualFineTuningPipeline,3,sequential,continual_0/test,forecast/mse,3,7 42 123,0.173589,0.015858,9.136
ettm2_continual_n3,Ettm2ForecastDataset,ContinualFineTuningPipeline,3,sequential,continual_0/test,forecast/rmse,3,7 42 123,0.416348,0.019113,4.591
ettm2_continual_n3,Ettm2ForecastDataset,ContinualFineTuningPipeline,3,sequential,continual_1/test,forecast/mae,3,7 42 123,0.212951,0.004802,2.255
ettm2_continual_n3,Ettm2ForecastDataset,ContinualFineTuningPipeline,3,sequential,continual_1/test,forecast/mse,3,7 42 123,0.086888,0.002246,2.585
ettm2_continual_n3,Ettm2ForecastDataset,ContinualFineTuningPipeline,3,sequential,continual_1/test,forecast/rmse,3,7 42 123,0.294752,0.003801,1.29
ettm2_continual_n3,Ettm2ForecastDataset,ContinualFineTuningPipeline,3,sequential,continual_2/test,forecast/mae,3,7 42 123,0.226527,0.014509,6.405
ettm2_continual_n3,Ettm2ForecastDataset,ContinualFineTuningPipeline,3,sequential,continual_2/test,forecast/mse,3,7 42 123,0.091969,0.010229,11.123
ettm2_continual_n3,Ettm2ForecastDataset,ContinualFineTuningPipeline,3,sequential,continual_2/test,forecast/rmse,3,7 42 123,0.302959,0.016664,5.5
ettm2_continual_n5,Ettm2ForecastDataset,ContinualFineTuningPipeline,5,sequential,baseline/test,forecast/mae,3,7 42 123,0.540246,0.049912,9.239
ettm2_continual_n5,Ettm2ForecastDataset,ContinualFineTuningPipeline,5,sequential,baseline/test,forecast/mse,3,7 42 123,0.562157,0.077407,13.77
ettm2_continual_n5,Ettm2ForecastDataset,ContinualFineTuningPipeline,5,sequential,baseline/test,forecast/rmse,3,7 42 123,0.748608,0.051136,6.831
ettm2_continual_n5,Ettm2ForecastDataset,ContinualFineTuningPipeline,5,sequential,continual_0/test,forecast/mae,3,7 42 123,0.345696,0.009425,2.726
ettm2_continual_n5,Ettm2ForecastDataset,ContinualFineTuningPipeline,5,sequential,continual_0/test,forecast/mse,3,7 42 123,0.242768,0.01486,6.121
ettm2_continual_n5,Ettm2ForecastDataset,ContinualFineTuningPipeline,5,sequential,continual_0/test,forecast/rmse,3,7 42 123,0.492563,0.015005,3.046
ettm2_continual_n5,Ettm2ForecastDataset,ContinualFineTuningPipeline,5,sequential,continual_1/test,forecast/mae,3,7 42 123,0.306842,0.014098,4.594
ettm2_continual_n5,Ettm2ForecastDataset,ContinualFineTuningPipeline,5,sequential,continual_1/test,forecast/mse,3,7 42 123,0.205497,0.01874,9.119
ettm2_continual_n5,Ettm2ForecastDataset,ContinualFineTuningPipeline,5,sequential,continual_1/test,forecast/rmse,3,7 42 123,0.45301,0.020439,4.512
ettm2_continual_n5,Ettm2ForecastDataset,ContinualFineTuningPipeline,5,sequential,continual_2/test,forecast/mae,3,7 42 123,0.25469,0.008069,3.168
ettm2_continual_n5,Ettm2ForecastDataset,ContinualFineTuningPipeline,5,sequential,continual_2/test,forecast/mse,3,7 42 123,0.123363,0.005971,4.84
ettm2_continual_n5,Ettm2ForecastDataset,ContinualFineTuningPipeline,5,sequential,continual_2/test,forecast/rmse,3,7 42 123,0.351162,0.00856,2.438
ettm2_continual_n5,Ettm2ForecastDataset,ContinualFineTuningPipeline,5,sequential,continual_3/test,forecast/mae,3,7 42 123,0.264723,0.046559,17.588
ettm2_continual_n5,Ettm2ForecastDataset,ContinualFineTuningPipeline,5,sequential,continual_3/test,forecast/mse,3,7 42 123,0.122707,0.036545,29.782
ettm2_continual_n5,Ettm2ForecastDataset,ContinualFineTuningPipeline,5,sequential,continual_3/test,forecast/rmse,3,7 42 123,0.34775,0.051629,14.847
ettm2_continual_n5,Ettm2ForecastDataset,ContinualFineTuningPipeline,5,sequential,continual_4/test,forecast/mae,3,7 42 123,0.331091,0.024237,7.32
ettm2_continual_n5,Ettm2ForecastDataset,ContinualFineTuningPipeline,5,sequential,continual_4/test,forecast/mse,3,7 42 123,0.183852,0.025674,13.964
ettm2_continual_n5,Ettm2ForecastDataset,ContinualFineTuningPipeline,5,sequential,continual_4/test,forecast/rmse,3,7 42 123,0.428095,0.029682,6.934
ettm2_gate_base,Ettm2ForecastDataset,IncrementalTaskArithmeticPipeline,0,,baseline/test,forecast/mae,3,7 42 123,0.53817,0.052317,9.721
ettm2_gate_base,Ettm2ForecastDataset,IncrementalTaskArithmeticPipeline,0,,baseline/test,forecast/mse,3,7 42 123,0.560838,0.079117,14.107
ettm2_gate_base,Ettm2ForecastDataset,IncrementalTaskArithmeticPipeline,0,,baseline/test,forecast/rmse,3,7 42 123,0.747669,0.05237,7.004
ettm2_gate_joint,Ettm2ForecastDataset,StandardPipeline,0,joint,train/test,forecast/mae,3,7 42 123,0.193952,0.007193,3.708
ettm2_gate_joint,Ettm2ForecastDataset,StandardPipeline,0,joint,train/test,forecast/mse,3,7 42 123,0.075037,0.004033,5.375
ettm2_gate_joint,Ettm2ForecastDataset,StandardPipeline,0,joint,train/test,forecast/rmse,3,7 42 123,0.273863,0.007308,2.669
ettm2_merge_n2,Ettm2ForecastDataset,IncrementalTaskArithmeticPipeline,2,merge,baseline/test,forecast/mae,3,7 42 123,0.553744,0.061705,11.143
ettm2_merge_n2,Ettm2ForecastDataset,IncrementalTaskArithmeticPipeline,2,merge,baseline/test,forecast/mse,3,7 42 123,0.572725,0.082753,14.449
ettm2_merge_n2,Ettm2ForecastDataset,IncrementalTaskArithmeticPipeline,2,merge,baseline/test,forecast/rmse,3,7 42 123,0.755429,0.055488,7.345
ettm2_merge_n2,Ettm2ForecastDataset,IncrementalTaskArithmeticPipeline,2,merge,finetune_0/test,forecast/mae,3,7 42 123,0.282454,0.00659,2.333
ettm2_merge_n2,Ettm2ForecastDataset,IncrementalTaskArithmeticPipeline,2,merge,finetune_0/test,forecast/mse,3,7 42 123,0.167315,0.011947,7.141
ettm2_merge_n2,Ettm2ForecastDataset,IncrementalTaskArithmeticPipeline,2,merge,finetune_0/test,forecast/rmse,3,7 42 123,0.408865,0.014735,3.604
ettm2_merge_n2,Ettm2ForecastDataset,IncrementalTaskArithmeticPipeline,2,merge,finetune_1/test,forecast/mae,3,7 42 123,0.262961,0.003786,1.44
ettm2_merge_n2,Ettm2ForecastDataset,IncrementalTaskArithmeticPipeline,2,merge,finetune_1/test,forecast/mse,3,7 42 123,0.115032,0.003321,2.887
ettm2_merge_n2,Ettm2ForecastDataset,IncrementalTaskArithmeticPipeline,2,merge,finetune_1/test,forecast/rmse,3,7 42 123,0.339141,0.004916,1.449
ettm2_merge_n2,Ettm2ForecastDataset,IncrementalTaskArithmeticPipeline,2,merge,merged/test,forecast/mae,3,7 42 123,0.270921,0.011573,4.272
ettm2_merge_n2,Ettm2ForecastDataset,IncrementalTaskArithmeticPipeline,2,merge,merged/test,forecast/mse,3,7 42 123,0.123973,0.007642,6.164
ettm2_merge_n2,Ettm2ForecastDataset,IncrementalTaskArithmeticPipeline,2,merge,merged/test,forecast/rmse,3,7 42 123,0.351984,0.010941,3.108
ettm2_merge_n2,Ettm2ForecastDataset,IncrementalTaskArithmeticPipeline,2,merge,merged/val,forecast/mae,3,7 42 123,0.33164,0.008255,2.489
ettm2_merge_n2,Ettm2ForecastDataset,IncrementalTaskArithmeticPipeline,2,merge,merged/val,forecast/mse,3,7 42 123,0.270759,0.005653,2.088
ettm2_merge_n2,Ettm2ForecastDataset,IncrementalTaskArithmeticPipeline,2,merge,merged/val,forecast/rmse,3,7 42 123,0.520326,0.00544,1.045
ettm2_merge_n2,Ettm2ForecastDataset,IncrementalTaskArithmeticPipeline,2,merge,merged/val,merge_scale/selected,3,7 42 123,0.383333,0.028868,7.531
ettm2_merge_n3,Ettm2ForecastDataset,IncrementalTaskArithmeticPipeline,3,merge,baseline/test,forecast/mae,3,7 42 123,0.557494,0.059446,10.663
ettm2_merge_n3,Ettm2ForecastDataset,IncrementalTaskArithmeticPipeline,3,merge,baseline/test,forecast/mse,3,7 42 123,0.57878,0.100334,17.335
ettm2_merge_n3,Ettm2ForecastDataset,IncrementalTaskArithmeticPipeline,3,merge,baseline/test,forecast/rmse,3,7 42 123,0.758872,0.065887,8.682
ettm2_merge_n3,Ettm2ForecastDataset,IncrementalTaskArithmeticPipeline,3,merge,finetune_0/test,forecast/mae,3,7 42 123,0.29207,0.010305,3.528
ettm2_merge_n3,Ettm2ForecastDataset,IncrementalTaskArithmeticPipeline,3,merge,finetune_0/test,forecast/mse,3,7 42 123,0.180425,0.021692,12.023
ettm2_merge_n3,Ettm2ForecastDataset,IncrementalTaskArithmeticPipeline,3,merge,finetune_0/test,forecast/rmse,3,7 42 123,0.424233,0.02602,6.133
ettm2_merge_n3,Ettm2ForecastDataset,IncrementalTaskArithmeticPipeline,3,merge,finetune_1/test,forecast/mae,3,7 42 123,0.230707,0.003846,1.667
ettm2_merge_n3,Ettm2ForecastDataset,IncrementalTaskArithmeticPipeline,3,merge,finetune_1/test,forecast/mse,3,7 42 123,0.098921,0.002352,2.378
ettm2_merge_n3,Ettm2ForecastDataset,IncrementalTaskArithmeticPipeline,3,merge,finetune_1/test,forecast/rmse,3,7 42 123,0.314503,0.003739,1.189
ettm2_merge_n3,Ettm2ForecastDataset,IncrementalTaskArithmeticPipeline,3,merge,finetune_2/test,forecast/mae,3,7 42 123,0.324874,0.03058,9.413
ettm2_merge_n3,Ettm2ForecastDataset,IncrementalTaskArithmeticPipeline,3,merge,finetune_2/test,forecast/mse,3,7 42 123,0.180097,0.034411,19.107
ettm2_merge_n3,Ettm2ForecastDataset,IncrementalTaskArithmeticPipeline,3,merge,finetune_2/test,forecast/rmse,3,7 42 123,0.423049,0.041106,9.717
ettm2_merge_n3,Ettm2ForecastDataset,IncrementalTaskArithmeticPipeline,3,merge,merged/test,forecast/mae,3,7 42 123,0.258579,0.017684,6.839
ettm2_merge_n3,Ettm2ForecastDataset,IncrementalTaskArithmeticPipeline,3,merge,merged/test,forecast/mse,3,7 42 123,0.112149,0.013002,11.593
ettm2_merge_n3,Ettm2ForecastDataset,IncrementalTaskArithmeticPipeline,3,merge,merged/test,forecast/rmse,3,7 42 123,0.334506,0.019575,5.852
ettm2_merge_n3,Ettm2ForecastDataset,IncrementalTaskArithmeticPipeline,3,merge,merged/val,forecast/mae,3,7 42 123,0.311451,0.009648,3.098
ettm2_merge_n3,Ettm2ForecastDataset,IncrementalTaskArithmeticPipeline,3,merge,merged/val,forecast/mse,3,7 42 123,0.260329,0.009362,3.596
ettm2_merge_n3,Ettm2ForecastDataset,IncrementalTaskArithmeticPipeline,3,merge,merged/val,forecast/rmse,3,7 42 123,0.51017,0.009139,1.791
ettm2_merge_n3,Ettm2ForecastDataset,IncrementalTaskArithmeticPipeline,3,merge,merged/val,merge_scale/selected,3,7 42 123,0.266667,0.028868,10.825
ettm2_merge_n5,Ettm2ForecastDataset,IncrementalTaskArithmeticPipeline,5,merge,baseline/test,forecast/mae,3,7 42 123,0.557194,0.046973,8.43
ettm2_merge_n5,Ettm2ForecastDataset,IncrementalTaskArithmeticPipeline,5,merge,baseline/test,forecast/mse,3,7 42 123,0.569494,0.069085,12.131
ettm2_merge_n5,Ettm2ForecastDataset,IncrementalTaskArithmeticPipeline,5,merge,baseline/test,forecast/rmse,3,7 42 123,0.753702,0.046256,6.137
ettm2_merge_n5,Ettm2ForecastDataset,IncrementalTaskArithmeticPipeline,5,merge,finetune_0/test,forecast/mae,3,7 42 123,0.359272,0.022702,6.319
ettm2_merge_n5,Ettm2ForecastDataset,IncrementalTaskArithmeticPipeline,5,merge,finetune_0/test,forecast/mse,3,7 42 123,0.2787,0.028678,10.29
ettm2_merge_n5,Ettm2ForecastDataset,IncrementalTaskArithmeticPipeline,5,merge,finetune_0/test,forecast/rmse,3,7 42 123,0.527445,0.027439,5.202
ettm2_merge_n5,Ettm2ForecastDataset,IncrementalTaskArithmeticPipeline,5,merge,finetune_1/test,forecast/mae,3,7 42 123,0.320354,0.015639,4.882
ettm2_merge_n5,Ettm2ForecastDataset,IncrementalTaskArithmeticPipeline,5,merge,finetune_1/test,forecast/mse,3,7 42 123,0.202513,0.030451,15.037
ettm2_merge_n5,Ettm2ForecastDataset,IncrementalTaskArithmeticPipeline,5,merge,finetune_1/test,forecast/rmse,3,7 42 123,0.449161,0.033939,7.556
ettm2_merge_n5,Ettm2ForecastDataset,IncrementalTaskArithmeticPipeline,5,merge,finetune_2/test,forecast/mae,3,7 42 123,0.277034,0.007192,2.596
ettm2_merge_n5,Ettm2ForecastDataset,IncrementalTaskArithmeticPipeline,5,merge,finetune_2/test,forecast/mse,3,7 42 123,0.133382,0.005955,4.465
ettm2_merge_n5,Ettm2ForecastDataset,IncrementalTaskArithmeticPipeline,5,merge,finetune_2/test,forecast/rmse,3,7 42 123,0.365153,0.008198,2.245
ettm2_merge_n5,Ettm2ForecastDataset,IncrementalTaskArithmeticPipeline,5,merge,finetune_3/test,forecast/mae,3,7 42 123,0.390927,0.044427,11.365
ettm2_merge_n5,Ettm2ForecastDataset,IncrementalTaskArithmeticPipeline,5,merge,finetune_3/test,forecast/mse,3,7 42 123,0.237421,0.038418,16.181
ettm2_merge_n5,Ettm2ForecastDataset,IncrementalTaskArithmeticPipeline,5,merge,finetune_3/test,forecast/rmse,3,7 42 123,0.48614,0.040409,8.312
ettm2_merge_n5,Ettm2ForecastDataset,IncrementalTaskArithmeticPipeline,5,merge,finetune_4/test,forecast/mae,3,7 42 123,0.314089,0.015653,4.983
ettm2_merge_n5,Ettm2ForecastDataset,IncrementalTaskArithmeticPipeline,5,merge,finetune_4/test,forecast/mse,3,7 42 123,0.157201,0.016311,10.376
ettm2_merge_n5,Ettm2ForecastDataset,IncrementalTaskArithmeticPipeline,5,merge,finetune_4/test,forecast/rmse,3,7 42 123,0.396135,0.020414,5.153
ettm2_merge_n5,Ettm2ForecastDataset,IncrementalTaskArithmeticPipeline,5,merge,merged/test,forecast/mae,3,7 42 123,0.296712,0.011514,3.88
ettm2_merge_n5,Ettm2ForecastDataset,IncrementalTaskArithmeticPipeline,5,merge,merged/test,forecast/mse,3,7 42 123,0.138523,0.008026,5.794
ettm2_merge_n5,Ettm2ForecastDataset,IncrementalTaskArithmeticPipeline,5,merge,merged/test,forecast/rmse,3,7 42 123,0.372084,0.01073,2.884
ettm2_merge_n5,Ettm2ForecastDataset,IncrementalTaskArithmeticPipeline,5,merge,merged/val,forecast/mae,3,7 42 123,0.30678,0.012046,3.927
ettm2_merge_n5,Ettm2ForecastDataset,IncrementalTaskArithmeticPipeline,5,merge,merged/val,forecast/mse,3,7 42 123,0.267586,0.008749,3.27
ettm2_merge_n5,Ettm2ForecastDataset,IncrementalTaskArithmeticPipeline,5,merge,merged/val,forecast/rmse,3,7 42 123,0.517241,0.008437,1.631
ettm2_merge_n5,Ettm2ForecastDataset,IncrementalTaskArithmeticPipeline,5,merge,merged/val,merge_scale/selected,3,7 42 123,0.15,0.0,0.0
ettm2_n1,Ettm2ForecastDataset,IncrementalTaskArithmeticPipeline,1,,baseline/test,forecast/mae,3,7 42 123,0.536827,0.037053,6.902
ettm2_n1,Ettm2ForecastDataset,IncrementalTaskArithmeticPipeline,1,,baseline/test,forecast/mse,3,7 42 123,0.563293,0.078926,14.012
ettm2_n1,Ettm2ForecastDataset,IncrementalTaskArithmeticPipeline,1,,baseline/test,forecast/rmse,3,7 42 123,0.749319,0.052177,6.963
ettm2_n1,Ettm2ForecastDataset,IncrementalTaskArithmeticPipeline,1,,finetune_0/test,forecast/mae,3,7 42 123,0.188334,0.002281,1.211
ettm2_n1,Ettm2ForecastDataset,IncrementalTaskArithmeticPipeline,1,,finetune_0/test,forecast/mse,3,7 42 123,0.072369,0.001148,1.587
ettm2_n1,Ettm2ForecastDataset,IncrementalTaskArithmeticPipeline,1,,finetune_0/test,forecast/rmse,3,7 42 123,0.269008,0.002131,0.792
ettm2_n1,Ettm2ForecastDataset,IncrementalTaskArithmeticPipeline,1,,merged/test,forecast/mae,3,7 42 123,0.188334,0.002281,1.211
ettm2_n1,Ettm2ForecastDataset,IncrementalTaskArithmeticPipeline,1,,merged/test,forecast/mse,3,7 42 123,0.072369,0.001148,1.587
ettm2_n1,Ettm2ForecastDataset,IncrementalTaskArithmeticPipeline,1,,merged/test,forecast/rmse,3,7 42 123,0.269008,0.002131,0.792
ettm2_n1,Ettm2ForecastDataset,IncrementalTaskArithmeticPipeline,1,,merged/val,forecast/mae,3,7 42 123,0.245427,0.003634,1.481
ettm2_n1,Ettm2ForecastDataset,IncrementalTaskArithmeticPipeline,1,,merged/val,forecast/mse,3,7 42 123,0.142379,0.003355,2.356
ettm2_n1,Ettm2ForecastDataset,IncrementalTaskArithmeticPipeline,1,,merged/val,forecast/rmse,3,7 42 123,0.377313,0.004453,1.18
ettm2_window_W1,Ettm2ForecastDataset,IncrementalTaskArithmeticPipeline,1,,baseline/test,forecast/mae,3,7 42 123,0.526584,0.029899,5.678
ettm2_window_W1,Ettm2ForecastDataset,IncrementalTaskArithmeticPipeline,1,,baseline/test,forecast/mse,3,7 42 123,0.528885,0.046878,8.864
ettm2_window_W1,Ettm2ForecastDataset,IncrementalTaskArithmeticPipeline,1,,baseline/test,forecast/rmse,3,7 42 123,0.726761,0.032483,4.47
ettm2_window_W1,Ettm2ForecastDataset,IncrementalTaskArithmeticPipeline,1,,finetune_0/test,forecast/mae,3,7 42 123,0.317898,0.010382,3.266
ettm2_window_W1,Ettm2ForecastDataset,IncrementalTaskArithmeticPipeline,1,,finetune_0/test,forecast/mse,3,7 42 123,0.158911,0.009261,5.827
ettm2_window_W1,Ettm2ForecastDataset,IncrementalTaskArithmeticPipeline,1,,finetune_0/test,forecast/rmse,3,7 42 123,0.398525,0.011548,2.898
ettm2_window_W1,Ettm2ForecastDataset,IncrementalTaskArithmeticPipeline,1,,merged/test,forecast/mae,3,7 42 123,0.317898,0.010382,3.266
ettm2_window_W1,Ettm2ForecastDataset,IncrementalTaskArithmeticPipeline,1,,merged/test,forecast/mse,3,7 42 123,0.158911,0.009261,5.827
ettm2_window_W1,Ettm2ForecastDataset,IncrementalTaskArithmeticPipeline,1,,merged/test,forecast/rmse,3,7 42 123,0.398525,0.011548,2.898
ettm2_window_W1,Ettm2ForecastDataset,IncrementalTaskArithmeticPipeline,1,,merged/val,forecast/mae,3,7 42 123,0.449127,0.009409,2.095
ettm2_window_W1,Ettm2ForecastDataset,IncrementalTaskArithmeticPipeline,1,,merged/val,forecast/mse,3,7 42 123,0.496947,0.009487,1.909
ettm2_window_W1,Ettm2ForecastDataset,IncrementalTaskArithmeticPipeline,1,,merged/val,forecast/rmse,3,7 42 123,0.704923,0.006739,0.956
ettm2_window_W2,Ettm2ForecastDataset,IncrementalTaskArithmeticPipeline,1,,baseline/test,forecast/mae,3,7 42 123,0.533464,0.04957,9.292
ettm2_window_W2,Ettm2ForecastDataset,IncrementalTaskArithmeticPipeline,1,,baseline/test,forecast/mse,3,7 42 123,0.53854,0.072411,13.446
ettm2_window_W2,Ettm2ForecastDataset,IncrementalTaskArithmeticPipeline,1,,baseline/test,forecast/rmse,3,7 42 123,0.732749,0.04928,6.725
ettm2_window_W2,Ettm2ForecastDataset,IncrementalTaskArithmeticPipeline,1,,finetune_0/test,forecast/mae,3,7 42 123,0.297449,0.023001,7.733
ettm2_window_W2,Ettm2ForecastDataset,IncrementalTaskArithmeticPipeline,1,,finetune_0/test,forecast/mse,3,7 42 123,0.145851,0.021314,14.613
ettm2_window_W2,Ettm2ForecastDataset,IncrementalTaskArithmeticPipeline,1,,finetune_0/test,forecast/rmse,3,7 42 123,0.381193,0.028524,7.483
ettm2_window_W2,Ettm2ForecastDataset,IncrementalTaskArithmeticPipeline,1,,merged/test,forecast/mae,3,7 42 123,0.297449,0.023001,7.733
ettm2_window_W2,Ettm2ForecastDataset,IncrementalTaskArithmeticPipeline,1,,merged/test,forecast/mse,3,7 42 123,0.145851,0.021314,14.613
ettm2_window_W2,Ettm2ForecastDataset,IncrementalTaskArithmeticPipeline,1,,merged/test,forecast/rmse,3,7 42 123,0.381193,0.028524,7.483
ettm2_window_W2,Ettm2ForecastDataset,IncrementalTaskArithmeticPipeline,1,,merged/val,forecast/mae,3,7 42 123,0.38184,0.002552,0.668
ettm2_window_W2,Ettm2ForecastDataset,IncrementalTaskArithmeticPipeline,1,,merged/val,forecast/mse,3,7 42 123,0.410468,0.008772,2.137
ettm2_window_W2,Ettm2ForecastDataset,IncrementalTaskArithmeticPipeline,1,,merged/val,forecast/rmse,3,7 42 123,0.640654,0.006838,1.067
ettm2_window_W3,Ettm2ForecastDataset,IncrementalTaskArithmeticPipeline,1,,baseline/test,forecast/mae,3,7 42 123,0.525566,0.032392,6.163
ettm2_window_W3,Ettm2ForecastDataset,IncrementalTaskArithmeticPipeline,1,,baseline/test,forecast/mse,3,7 42 123,0.531367,0.052586,9.896
ettm2_window_W3,Ettm2ForecastDataset,IncrementalTaskArithmeticPipeline,1,,baseline/test,forecast/rmse,3,7 42 123,0.728351,0.036169,4.966
ettm2_window_W3,Ettm2ForecastDataset,IncrementalTaskArithmeticPipeline,1,,finetune_0/test,forecast/mae,3,7 42 123,0.25533,0.008248,3.23
ettm2_window_W3,Ettm2ForecastDataset,IncrementalTaskArithmeticPipeline,1,,finetune_0/test,forecast/mse,3,7 42 123,0.109166,0.007409,6.787
ettm2_window_W3,Ettm2ForecastDataset,IncrementalTaskArithmeticPipeline,1,,finetune_0/test,forecast/rmse,3,7 42 123,0.330274,0.011321,3.428
ettm2_window_W3,Ettm2ForecastDataset,IncrementalTaskArithmeticPipeline,1,,merged/test,forecast/mae,3,7 42 123,0.25533,0.008248,3.23
ettm2_window_W3,Ettm2ForecastDataset,IncrementalTaskArithmeticPipeline,1,,merged/test,forecast/mse,3,7 42 123,0.109166,0.007409,6.787
ettm2_window_W3,Ettm2ForecastDataset,IncrementalTaskArithmeticPipeline,1,,merged/test,forecast/rmse,3,7 42 123,0.330274,0.011321,3.428
ettm2_window_W3,Ettm2ForecastDataset,IncrementalTaskArithmeticPipeline,1,,merged/val,forecast/mae,3,7 42 123,0.283063,0.003007,1.062
ettm2_window_W3,Ettm2ForecastDataset,IncrementalTaskArithmeticPipeline,1,,merged/val,forecast/mse,3,7 42 123,0.292696,0.009364,3.199
ettm2_window_W3,Ettm2ForecastDataset,IncrementalTaskArithmeticPipeline,1,,merged/val,forecast/rmse,3,7 42 123,0.540968,0.008648,1.599
exch_continual,ExchangeRateForecastDataset,ContinualFineTuningPipeline,3,sequential,baseline/test,forecast/mae,3,7 42 123,0.674317,0.028021,4.155
exch_continual,ExchangeRateForecastDataset,ContinualFineTuningPipeline,3,sequential,baseline/test,forecast/mse,3,7 42 123,0.694124,0.041764,6.017
exch_continual,ExchangeRateForecastDataset,ContinualFineTuningPipeline,3,sequential,baseline/test,forecast/rmse,3,7 42 123,0.832887,0.025226,3.029
exch_continual,ExchangeRateForecastDataset,ContinualFineTuningPipeline,3,sequential,continual_0/test,forecast/mae,3,7 42 123,0.641421,0.036151,5.636
exch_continual,ExchangeRateForecastDataset,ContinualFineTuningPipeline,3,sequential,continual_0/test,forecast/mse,3,7 42 123,0.609626,0.063503,10.417
exch_continual,ExchangeRateForecastDataset,ContinualFineTuningPipeline,3,sequential,continual_0/test,forecast/rmse,3,7 42 123,0.780095,0.0402,5.153
exch_continual,ExchangeRateForecastDataset,ContinualFineTuningPipeline,3,sequential,continual_1/test,forecast/mae,3,7 42 123,0.599691,0.018581,3.098
exch_continual,ExchangeRateForecastDataset,ContinualFineTuningPipeline,3,sequential,continual_1/test,forecast/mse,3,7 42 123,0.535775,0.028688,5.355
exch_continual,ExchangeRateForecastDataset,ContinualFineTuningPipeline,3,sequential,continual_1/test,forecast/rmse,3,7 42 123,0.731789,0.019747,2.698
exch_continual,ExchangeRateForecastDataset,ContinualFineTuningPipeline,3,sequential,continual_2/test,forecast/mae,3,7 42 123,0.467416,0.014298,3.059
exch_continual,ExchangeRateForecastDataset,ContinualFineTuningPipeline,3,sequential,continual_2/test,forecast/mse,3,7 42 123,0.358589,0.023851,6.651
exch_continual,ExchangeRateForecastDataset,ContinualFineTuningPipeline,3,sequential,continual_2/test,forecast/rmse,3,7 42 123,0.598601,0.019989,3.339
exch_gate_incremental,ExchangeRateForecastDataset,IncrementalTaskArithmeticPipeline,3,,baseline/test,forecast/mae,3,7 42 123,0.692258,0.014201,2.051
exch_gate_incremental,ExchangeRateForecastDataset,IncrementalTaskArithmeticPipeline,3,,baseline/test,forecast/mse,3,7 42 123,0.744945,0.027948,3.752
exch_gate_incremental,ExchangeRateForecastDataset,IncrementalTaskArithmeticPipeline,3,,baseline/test,forecast/rmse,3,7 42 123,0.863002,0.016148,1.871
exch_gate_incremental,ExchangeRateForecastDataset,IncrementalTaskArithmeticPipeline,3,,finetune_0/test,forecast/mae,3,7 42 123,0.672778,0.015629,2.323
exch_gate_incremental,ExchangeRateForecastDataset,IncrementalTaskArithmeticPipeline,3,,finetune_0/test,forecast/mse,3,7 42 123,0.671065,0.020271,3.021
exch_gate_incremental,ExchangeRateForecastDataset,IncrementalTaskArithmeticPipeline,3,,finetune_0/test,forecast/rmse,3,7 42 123,0.819123,0.012424,1.517
exch_gate_incremental,ExchangeRateForecastDataset,IncrementalTaskArithmeticPipeline,3,,finetune_1/test,forecast/mae,3,7 42 123,0.612537,0.01334,2.178
exch_gate_incremental,ExchangeRateForecastDataset,IncrementalTaskArithmeticPipeline,3,,finetune_1/test,forecast/mse,3,7 42 123,0.547596,0.021841,3.988
exch_gate_incremental,ExchangeRateForecastDataset,IncrementalTaskArithmeticPipeline,3,,finetune_1/test,forecast/rmse,3,7 42 123,0.7399,0.014677,1.984
exch_gate_incremental,ExchangeRateForecastDataset,IncrementalTaskArithmeticPipeline,3,,finetune_2/test,forecast/mae,3,7 42 123,0.566286,0.055863,9.865
exch_gate_incremental,ExchangeRateForecastDataset,IncrementalTaskArithmeticPipeline,3,,finetune_2/test,forecast/mse,3,7 42 123,0.533466,0.087363,16.376
exch_gate_incremental,ExchangeRateForecastDataset,IncrementalTaskArithmeticPipeline,3,,finetune_2/test,forecast/rmse,3,7 42 123,0.728666,0.061383,8.424
exch_gate_incremental,ExchangeRateForecastDataset,IncrementalTaskArithmeticPipeline,3,,merged/test,forecast/mae,3,7 42 123,0.50227,0.033338,6.638
exch_gate_incremental,ExchangeRateForecastDataset,IncrementalTaskArithmeticPipeline,3,,merged/test,forecast/mse,3,7 42 123,0.348742,0.049011,14.054
exch_gate_incremental,ExchangeRateForecastDataset,IncrementalTaskArithmeticPipeline,3,,merged/test,forecast/rmse,3,7 42 123,0.58958,0.041308,7.006
exch_gate_incremental,ExchangeRateForecastDataset,IncrementalTaskArithmeticPipeline,3,,merged/val,forecast/mae,3,7 42 123,0.306984,0.004025,1.311
exch_gate_incremental,ExchangeRateForecastDataset,IncrementalTaskArithmeticPipeline,3,,merged/val,forecast/mse,3,7 42 123,0.140986,0.003971,2.817
exch_gate_incremental,ExchangeRateForecastDataset,IncrementalTaskArithmeticPipeline,3,,merged/val,forecast/rmse,3,7 42 123,0.375456,0.005274,1.405
exch_gate_standard,ExchangeRateForecastDataset,StandardPipeline,0,joint,train/test,forecast/mae,3,7 42 123,0.507684,0.023423,4.614
exch_gate_standard,ExchangeRateForecastDataset,StandardPipeline,0,joint,train/test,forecast/mse,3,7 42 123,0.395655,0.039608,10.011
exch_gate_standard,ExchangeRateForecastDataset,StandardPipeline,0,joint,train/test,forecast/rmse,3,7 42 123,0.628485,0.031504,5.013
exch_incremental,ExchangeRateForecastDataset,IncrementalTaskArithmeticPipeline,3,merge,baseline/test,forecast/mae,3,7 42 123,0.683786,0.015587,2.279
exch_incremental,ExchangeRateForecastDataset,IncrementalTaskArithmeticPipeline,3,merge,baseline/test,forecast/mse,3,7 42 123,0.70812,0.010721,1.514
exch_incremental,ExchangeRateForecastDataset,IncrementalTaskArithmeticPipeline,3,merge,baseline/test,forecast/rmse,3,7 42 123,0.841483,0.006358,0.756
exch_incremental,ExchangeRateForecastDataset,IncrementalTaskArithmeticPipeline,3,merge,finetune_0/test,forecast/mae,3,7 42 123,0.650843,0.031803,4.886
exch_incremental,ExchangeRateForecastDataset,IncrementalTaskArithmeticPipeline,3,merge,finetune_0/test,forecast/mse,3,7 42 123,0.625802,0.048964,7.824
exch_incremental,ExchangeRateForecastDataset,IncrementalTaskArithmeticPipeline,3,merge,finetune_0/test,forecast/rmse,3,7 42 123,0.790678,0.030754,3.89
exch_incremental,ExchangeRateForecastDataset,IncrementalTaskArithmeticPipeline,3,merge,finetune_1/test,forecast/mae,3,7 42 123,0.587904,0.034682,5.899
exch_incremental,ExchangeRateForecastDataset,IncrementalTaskArithmeticPipeline,3,merge,finetune_1/test,forecast/mse,3,7 42 123,0.503012,0.051959,10.33
exch_incremental,ExchangeRateForecastDataset,IncrementalTaskArithmeticPipeline,3,merge,finetune_1/test,forecast/rmse,3,7 42 123,0.708582,0.037228,5.254
exch_incremental,ExchangeRateForecastDataset,IncrementalTaskArithmeticPipeline,3,merge,finetune_2/test,forecast/mae,3,7 42 123,0.535279,0.029537,5.518
exch_incremental,ExchangeRateForecastDataset,IncrementalTaskArithmeticPipeline,3,merge,finetune_2/test,forecast/mse,3,7 42 123,0.481026,0.044546,9.261
exch_incremental,ExchangeRateForecastDataset,IncrementalTaskArithmeticPipeline,3,merge,finetune_2/test,forecast/rmse,3,7 42 123,0.693058,0.032343,4.667
exch_incremental,ExchangeRateForecastDataset,IncrementalTaskArithmeticPipeline,3,merge,merged/test,forecast/mae,3,7 42 123,0.485703,0.015041,3.097
exch_incremental,ExchangeRateForecastDataset,IncrementalTaskArithmeticPipeline,3,merge,merged/test,forecast/mse,3,7 42 123,0.331003,0.026435,7.986
exch_incremental,ExchangeRateForecastDataset,IncrementalTaskArithmeticPipeline,3,merge,merged/test,forecast/rmse,3,7 42 123,0.57502,0.023054,4.009
exch_incremental,ExchangeRateForecastDataset,IncrementalTaskArithmeticPipeline,3,merge,merged/val,forecast/mae,3,7 42 123,0.305344,0.005639,1.847
exch_incremental,ExchangeRateForecastDataset,IncrementalTaskArithmeticPipeline,3,merge,merged/val,forecast/mse,3,7 42 123,0.136798,0.002683,1.961
exch_incremental,ExchangeRateForecastDataset,IncrementalTaskArithmeticPipeline,3,merge,merged/val,forecast/rmse,3,7 42 123,0.36985,0.003618,0.978
exch_standard,ExchangeRateForecastDataset,StandardPipeline,0,,train/test,forecast/mae,3,7 42 123,0.510793,0.028415,5.563
exch_standard,ExchangeRateForecastDataset,StandardPipeline,0,,train/test,forecast/mse,3,7 42 123,0.403265,0.051529,12.778
exch_standard,ExchangeRateForecastDataset,StandardPipeline,0,,train/test,forecast/rmse,3,7 42 123,0.634176,0.040352,6.363
fixshard_etth1_n2,EtthForecastDataset,IncrementalTaskArithmeticPipeline,2,,baseline/test,forecast/mae,3,7 42 123,0.55005,0.040143,7.298
fixshard_etth1_n2,EtthForecastDataset,IncrementalTaskArithmeticPipeline,2,,baseline/test,forecast/mse,3,7 42 123,0.578849,0.080359,13.882
fixshard_etth1_n2,EtthForecastDataset,IncrementalTaskArithmeticPipeline,2,,baseline/test,forecast/rmse,3,7 42 123,0.759589,0.053023,6.98
fixshard_etth1_n2,EtthForecastDataset,IncrementalTaskArithmeticPipeline,2,,finetune_0/test,forecast/mae,3,7 42 123,0.465122,0.008394,1.805
fixshard_etth1_n2,EtthForecastDataset,IncrementalTaskArithmeticPipeline,2,,finetune_0/test,forecast/mse,3,7 42 123,0.437005,0.014705,3.365
fixshard_etth1_n2,EtthForecastDataset,IncrementalTaskArithmeticPipeline,2,,finetune_0/test,forecast/rmse,3,7 42 123,0.661002,0.01107,1.675
fixshard_etth1_n2,EtthForecastDataset,IncrementalTaskArithmeticPipeline,2,,finetune_1/test,forecast/mae,3,7 42 123,0.460731,0.007371,1.6
fixshard_etth1_n2,EtthForecastDataset,IncrementalTaskArithmeticPipeline,2,,finetune_1/test,forecast/mse,3,7 42 123,0.417295,0.00918,2.2
fixshard_etth1_n2,EtthForecastDataset,IncrementalTaskArithmeticPipeline,2,,finetune_1/test,forecast/rmse,3,7 42 123,0.645958,0.007094,1.098
fixshard_etth1_n2,EtthForecastDataset,IncrementalTaskArithmeticPipeline,2,,merged/test,forecast/mae,3,7 42 123,0.443321,0.00601,1.356
fixshard_etth1_n2,EtthForecastDataset,IncrementalTaskArithmeticPipeline,2,,merged/test,forecast/mse,3,7 42 123,0.400639,0.00803,2.004
fixshard_etth1_n2,EtthForecastDataset,IncrementalTaskArithmeticPipeline,2,,merged/test,forecast/rmse,3,7 42 123,0.632939,0.006361,1.005
fixshard_etth1_n2,EtthForecastDataset,IncrementalTaskArithmeticPipeline,2,,merged/val,forecast/mae,3,7 42 123,0.479993,0.011712,2.44
fixshard_etth1_n2,EtthForecastDataset,IncrementalTaskArithmeticPipeline,2,,merged/val,forecast/mse,3,7 42 123,0.474254,0.020945,4.416
fixshard_etth1_n2,EtthForecastDataset,IncrementalTaskArithmeticPipeline,2,,merged/val,forecast/rmse,3,7 42 123,0.688547,0.015306,2.223
fixshard_etth1_n2,EtthForecastDataset,IncrementalTaskArithmeticPipeline,2,,merged/val,merge_scale/selected,3,7 42 123,0.5,0.0,0.0
fixshard_etth1_n3,EtthForecastDataset,IncrementalTaskArithmeticPipeline,3,,baseline/test,forecast/mae,3,7 42 123,0.602138,0.041018,6.812
fixshard_etth1_n3,EtthForecastDataset,IncrementalTaskArithmeticPipeline,3,,baseline/test,forecast/mse,3,7 42 123,0.674767,0.069258,10.264
fixshard_etth1_n3,EtthForecastDataset,IncrementalTaskArithmeticPipeline,3,,baseline/test,forecast/rmse,3,7 42 123,0.820736,0.041696,5.08
fixshard_etth1_n3,EtthForecastDataset,IncrementalTaskArithmeticPipeline,3,,finetune_0/test,forecast/mae,3,7 42 123,0.620349,0.008955,1.444
fixshard_etth1_n3,EtthForecastDataset,IncrementalTaskArithmeticPipeline,3,,finetune_0/test,forecast/mse,3,7 42 123,0.664152,0.024644,3.711
fixshard_etth1_n3,EtthForecastDataset,IncrementalTaskArithmeticPipeline,3,,finetune_0/test,forecast/rmse,3,7 42 123,0.814861,0.015196,1.865
fixshard_etth1_n3,EtthForecastDataset,IncrementalTaskArithmeticPipeline,3,,finetune_1/test,forecast/mae,3,7 42 123,0.519806,0.021927,4.218
fixshard_etth1_n3,EtthForecastDataset,IncrementalTaskArithmeticPipeline,3,,finetune_1/test,forecast/mse,3,7 42 123,0.494798,0.027392,5.536
fixshard_etth1_n3,EtthForecastDataset,IncrementalTaskArithmeticPipeline,3,,finetune_1/test,forecast/rmse,3,7 42 123,0.703241,0.019329,2.748
fixshard_etth1_n3,EtthForecastDataset,IncrementalTaskArithmeticPipeline,3,,finetune_2/test,forecast/mae,3,7 42 123,0.468423,0.012622,2.695
fixshard_etth1_n3,EtthForecastDataset,IncrementalTaskArithmeticPipeline,3,,finetune_2/test,forecast/mse,3,7 42 123,0.439016,0.029642,6.752
fixshard_etth1_n3,EtthForecastDataset,IncrementalTaskArithmeticPipeline,3,,finetune_2/test,forecast/rmse,3,7 42 123,0.662334,0.022238,3.358
fixshard_etth1_n3,EtthForecastDataset,IncrementalTaskArithmeticPipeline,3,,merged/test,forecast/mae,3,7 42 123,0.469347,0.006759,1.44
fixshard_etth1_n3,EtthForecastDataset,IncrementalTaskArithmeticPipeline,3,,merged/test,forecast/mse,3,7 42 123,0.435496,0.012812,2.942
fixshard_etth1_n3,EtthForecastDataset,IncrementalTaskArithmeticPipeline,3,,merged/test,forecast/rmse,3,7 42 123,0.659874,0.009668,1.465
fixshard_etth1_n3,EtthForecastDataset,IncrementalTaskArithmeticPipeline,3,,merged/val,forecast/mae,3,7 42 123,0.41739,0.009341,2.238
fixshard_etth1_n3,EtthForecastDataset,IncrementalTaskArithmeticPipeline,3,,merged/val,forecast/mse,3,7 42 123,0.333449,0.017194,5.157
fixshard_etth1_n3,EtthForecastDataset,IncrementalTaskArithmeticPipeline,3,,merged/val,forecast/rmse,3,7 42 123,0.577324,0.014782,2.56
fixshard_etth1_n3,EtthForecastDataset,IncrementalTaskArithmeticPipeline,3,,merged/val,merge_scale/selected,3,7 42 123,0.366667,0.028868,7.873
fixshard_etth1_n5,EtthForecastDataset,IncrementalTaskArithmeticPipeline,5,,baseline/test,forecast/mae,3,7 42 123,0.775557,0.022009,2.838
fixshard_etth1_n5,EtthForecastDataset,IncrementalTaskArithmeticPipeline,5,,baseline/test,forecast/mse,3,7 42 123,1.128165,0.049422,4.381
fixshard_etth1_n5,EtthForecastDataset,IncrementalTaskArithmeticPipeline,5,,baseline/test,forecast/rmse,3,7 42 123,1.061983,0.023124,2.177
fixshard_etth1_n5,EtthForecastDataset,IncrementalTaskArithmeticPipeline,5,,finetune_0/test,forecast/mae,3,7 42 123,0.699723,0.038572,5.513
fixshard_etth1_n5,EtthForecastDataset,IncrementalTaskArithmeticPipeline,5,,finetune_0/test,forecast/mse,3,7 42 123,0.951117,0.052984,5.571
fixshard_etth1_n5,EtthForecastDataset,IncrementalTaskArithmeticPipeline,5,,finetune_0/test,forecast/rmse,3,7 42 123,0.975003,0.02699,2.768
fixshard_etth1_n5,EtthForecastDataset,IncrementalTaskArithmeticPipeline,5,,finetune_1/test,forecast/mae,3,7 42 123,0.665334,0.02593,3.897
fixshard_etth1_n5,EtthForecastDataset,IncrementalTaskArithmeticPipeline,5,,finetune_1/test,forecast/mse,3,7 42 123,0.769668,0.029399,3.82
fixshard_etth1_n5,EtthForecastDataset,IncrementalTaskArithmeticPipeline,5,,finetune_1/test,forecast/rmse,3,7 42 123,0.877202,0.016668,1.9
fixshard_etth1_n5,EtthForecastDataset,IncrementalTaskArithmeticPipeline,5,,finetune_2/test,forecast/mae,3,7 42 123,0.780636,0.026443,3.387
fixshard_etth1_n5,EtthForecastDataset,IncrementalTaskArithmeticPipeline,5,,finetune_2/test,forecast/mse,3,7 42 123,1.027672,0.066568,6.478
fixshard_etth1_n5,EtthForecastDataset,IncrementalTaskArithmeticPipeline,5,,finetune_2/test,forecast/rmse,3,7 42 123,1.013385,0.032936,3.25
fixshard_etth1_n5,EtthForecastDataset,IncrementalTaskArithmeticPipeline,5,,finetune_3/test,forecast/mae,3,7 42 123,0.585436,0.033883,5.788
fixshard_etth1_n5,EtthForecastDataset,IncrementalTaskArithmeticPipeline,5,,finetune_3/test,forecast/mse,3,7 42 123,0.625612,0.034888,5.577
fixshard_etth1_n5,EtthForecastDataset,IncrementalTaskArithmeticPipeline,5,,finetune_3/test,forecast/rmse,3,7 42 123,0.790755,0.021887,2.768
fixshard_etth1_n5,EtthForecastDataset,IncrementalTaskArithmeticPipeline,5,,finetune_4/test,forecast/mae,3,7 42 123,0.548975,0.007135,1.3
fixshard_etth1_n5,EtthForecastDataset,IncrementalTaskArithmeticPipeline,5,,finetune_4/test,forecast/mse,3,7 42 123,0.589662,0.017298,2.934
fixshard_etth1_n5,EtthForecastDataset,IncrementalTaskArithmeticPipeline,5,,finetune_4/test,forecast/rmse,3,7 42 123,0.767839,0.011277,1.469
fixshard_etth1_n5,EtthForecastDataset,IncrementalTaskArithmeticPipeline,5,,merged/test,forecast/mae,3,7 42 123,0.536964,0.01113,2.073
fixshard_etth1_n5,EtthForecastDataset,IncrementalTaskArithmeticPipeline,5,,merged/test,forecast/mse,3,7 42 123,0.569664,0.013884,2.437
fixshard_etth1_n5,EtthForecastDataset,IncrementalTaskArithmeticPipeline,5,,merged/test,forecast/rmse,3,7 42 123,0.754723,0.009226,1.222
fixshard_etth1_n5,EtthForecastDataset,IncrementalTaskArithmeticPipeline,5,,merged/val,forecast/mae,3,7 42 123,0.477622,0.01118,2.341
fixshard_etth1_n5,EtthForecastDataset,IncrementalTaskArithmeticPipeline,5,,merged/val,forecast/mse,3,7 42 123,0.4236,0.013301,3.14
fixshard_etth1_n5,EtthForecastDataset,IncrementalTaskArithmeticPipeline,5,,merged/val,forecast/rmse,3,7 42 123,0.650792,0.010249,1.575
fixshard_etth1_n5,EtthForecastDataset,IncrementalTaskArithmeticPipeline,5,,merged/val,merge_scale/selected,3,7 42 123,0.216667,0.028868,13.323
fixshard_exchange_n2,ExchangeRateForecastDataset,IncrementalTaskArithmeticPipeline,2,,baseline/test,forecast/mae,3,7 42 123,0.717465,0.064746,9.024
fixshard_exchange_n2,ExchangeRateForecastDataset,IncrementalTaskArithmeticPipeline,2,,baseline/test,forecast/mse,3,7 42 123,0.816603,0.145765,17.85
fixshard_exchange_n2,ExchangeRateForecastDataset,IncrementalTaskArithmeticPipeline,2,,baseline/test,forecast/rmse,3,7 42 123,0.901128,0.082805,9.189
fixshard_exchange_n2,ExchangeRateForecastDataset,IncrementalTaskArithmeticPipeline,2,,finetune_0/test,forecast/mae,3,7 42 123,0.53582,0.032084,5.988
fixshard_exchange_n2,ExchangeRateForecastDataset,IncrementalTaskArithmeticPipeline,2,,finetune_0/test,forecast/mse,3,7 42 123,0.408361,0.044855,10.984
fixshard_exchange_n2,ExchangeRateForecastDataset,IncrementalTaskArithmeticPipeline,2,,finetune_0/test,forecast/rmse,3,7 42 123,0.638367,0.03568,5.589
fixshard_exchange_n2,ExchangeRateForecastDataset,IncrementalTaskArithmeticPipeline,2,,finetune_1/test,forecast/mae,3,7 42 123,0.614964,0.074269,12.077
fixshard_exchange_n2,ExchangeRateForecastDataset,IncrementalTaskArithmeticPipeline,2,,finetune_1/test,forecast/mse,3,7 42 123,0.596969,0.13474,22.571
fixshard_exchange_n2,ExchangeRateForecastDataset,IncrementalTaskArithmeticPipeline,2,,finetune_1/test,forecast/rmse,3,7 42 123,0.769455,0.0858,11.151
fixshard_exchange_n2,ExchangeRateForecastDataset,IncrementalTaskArithmeticPipeline,2,,merged/test,forecast/mae,3,7 42 123,0.442945,0.0496,11.198
fixshard_exchange_n2,ExchangeRateForecastDataset,IncrementalTaskArithmeticPipeline,2,,merged/test,forecast/mse,3,7 42 123,0.269799,0.056672,21.005
fixshard_exchange_n2,ExchangeRateForecastDataset,IncrementalTaskArithmeticPipeline,2,,merged/test,forecast/rmse,3,7 42 123,0.517467,0.055139,10.656
fixshard_exchange_n2,ExchangeRateForecastDataset,IncrementalTaskArithmeticPipeline,2,,merged/val,forecast/mae,3,7 42 123,0.233127,0.015172,6.508
fixshard_exchange_n2,ExchangeRateForecastDataset,IncrementalTaskArithmeticPipeline,2,,merged/val,forecast/mse,3,7 42 123,0.087902,0.010295,11.712
fixshard_exchange_n2,ExchangeRateForecastDataset,IncrementalTaskArithmeticPipeline,2,,merged/val,forecast/rmse,3,7 42 123,0.296131,0.017683,5.971
fixshard_exchange_n2,ExchangeRateForecastDataset,IncrementalTaskArithmeticPipeline,2,,merged/val,merge_scale/selected,3,7 42 123,0.483333,0.028868,5.973
fixshard_exchange_n3,ExchangeRateForecastDataset,IncrementalTaskArithmeticPipeline,3,,baseline/test,forecast/mae,3,7 42 123,0.694957,0.02614,3.761
fixshard_exchange_n3,ExchangeRateForecastDataset,IncrementalTaskArithmeticPipeline,3,,baseline/test,forecast/mse,3,7 42 123,0.770362,0.072812,9.452
fixshard_exchange_n3,ExchangeRateForecastDataset,IncrementalTaskArithmeticPipeline,3,,baseline/test,forecast/rmse,3,7 42 123,0.877063,0.04104,4.679
fixshard_exchange_n3,ExchangeRateForecastDataset,IncrementalTaskArithmeticPipeline,3,,finetune_0/test,forecast/mae,3,7 42 123,0.645813,0.022198,3.437
fixshard_exchange_n3,ExchangeRateForecastDataset,IncrementalTaskArithmeticPipeline,3,,finetune_0/test,forecast/mse,3,7 42 123,0.628727,0.060986,9.7
fixshard_exchange_n3,ExchangeRateForecastDataset,IncrementalTaskArithmeticPipeline,3,,finetune_0/test,forecast/rmse,3,7 42 123,0.792317,0.037976,4.793
fixshard_exchange_n3,ExchangeRateForecastDataset,IncrementalTaskArithmeticPipeline,3,,finetune_1/test,forecast/mae,3,7 42 123,0.542141,0.032753,6.041
fixshard_exchange_n3,ExchangeRateForecastDataset,IncrementalTaskArithmeticPipeline,3,,finetune_1/test,forecast/mse,3,7 42 123,0.428663,0.06092,14.212
fixshard_exchange_n3,ExchangeRateForecastDataset,IncrementalTaskArithmeticPipeline,3,,finetune_1/test,forecast/rmse,3,7 42 123,0.653569,0.047603,7.283
fixshard_exchange_n3,ExchangeRateForecastDataset,IncrementalTaskArithmeticPipeline,3,,finetune_2/test,forecast/mae,3,7 42 123,0.58387,0.055303,9.472
fixshard_exchange_n3,ExchangeRateForecastDataset,IncrementalTaskArithmeticPipeline,3,,finetune_2/test,forecast/mse,3,7 42 123,0.553665,0.081042,14.637
fixshard_exchange_n3,ExchangeRateForecastDataset,IncrementalTaskArithmeticPipeline,3,,finetune_2/test,forecast/rmse,3,7 42 123,0.742743,0.054746,7.371
fixshard_exchange_n3,ExchangeRateForecastDataset,IncrementalTaskArithmeticPipeline,3,,merged/test,forecast/mae,3,7 42 123,0.451634,0.022735,5.034
fixshard_exchange_n3,ExchangeRateForecastDataset,IncrementalTaskArithmeticPipeline,3,,merged/test,forecast/mse,3,7 42 123,0.274552,0.030988,11.287
fixshard_exchange_n3,ExchangeRateForecastDataset,IncrementalTaskArithmeticPipeline,3,,merged/test,forecast/rmse,3,7 42 123,0.523426,0.02943,5.623
fixshard_exchange_n3,ExchangeRateForecastDataset,IncrementalTaskArithmeticPipeline,3,,merged/val,forecast/mae,3,7 42 123,0.266797,0.011525,4.32
fixshard_exchange_n3,ExchangeRateForecastDataset,IncrementalTaskArithmeticPipeline,3,,merged/val,forecast/mse,3,7 42 123,0.110271,0.009023,8.183
fixshard_exchange_n3,ExchangeRateForecastDataset,IncrementalTaskArithmeticPipeline,3,,merged/val,forecast/rmse,3,7 42 123,0.331889,0.013437,4.049
fixshard_exchange_n3,ExchangeRateForecastDataset,IncrementalTaskArithmeticPipeline,3,,merged/val,merge_scale/selected,3,7 42 123,0.416667,0.028868,6.928
fixshard_exchange_n5,ExchangeRateForecastDataset,IncrementalTaskArithmeticPipeline,5,,baseline/test,forecast/mae,3,7 42 123,1.06007,0.035168,3.318
fixshard_exchange_n5,ExchangeRateForecastDataset,IncrementalTaskArithmeticPipeline,5,,baseline/test,forecast/mse,3,7 42 123,1.544642,0.095145,6.16
fixshard_exchange_n5,ExchangeRateForecastDataset,IncrementalTaskArithmeticPipeline,5,,baseline/test,forecast/rmse,3,7 42 123,1.242445,0.03819,3.074
fixshard_exchange_n5,ExchangeRateForecastDataset,IncrementalTaskArithmeticPipeline,5,,finetune_0/test,forecast/mae,3,7 42 123,0.84275,0.018938,2.247
fixshard_exchange_n5,ExchangeRateForecastDataset,IncrementalTaskArithmeticPipeline,5,,finetune_0/test,forecast/mse,3,7 42 123,1.058594,0.043198,4.081
fixshard_exchange_n5,ExchangeRateForecastDataset,IncrementalTaskArithmeticPipeline,5,,finetune_0/test,forecast/rmse,3,7 42 123,1.028736,0.02112,2.053
fixshard_exchange_n5,ExchangeRateForecastDataset,IncrementalTaskArithmeticPipeline,5,,finetune_1/test,forecast/mae,3,7 42 123,1.183814,0.050686,4.282
fixshard_exchange_n5,ExchangeRateForecastDataset,IncrementalTaskArithmeticPipeline,5,,finetune_1/test,forecast/mse,3,7 42 123,1.835988,0.12144,6.614
fixshard_exchange_n5,ExchangeRateForecastDataset,IncrementalTaskArithmeticPipeline,5,,finetune_1/test,forecast/rmse,3,7 42 123,1.354497,0.044605,3.293
fixshard_exchange_n5,ExchangeRateForecastDataset,IncrementalTaskArithmeticPipeline,5,,finetune_2/test,forecast/mae,3,7 42 123,1.087316,0.038683,3.558
fixshard_exchange_n5,ExchangeRateForecastDataset,IncrementalTaskArithmeticPipeline,5,,finetune_2/test,forecast/mse,3,7 42 123,1.650312,0.08701,5.272
fixshard_exchange_n5,ExchangeRateForecastDataset,IncrementalTaskArithmeticPipeline,5,,finetune_2/test,forecast/rmse,3,7 42 123,1.28435,0.033705,2.624
fixshard_exchange_n5,ExchangeRateForecastDataset,IncrementalTaskArithmeticPipeline,5,,finetune_3/test,forecast/mae,3,7 42 123,0.773143,0.024908,3.222
fixshard_exchange_n5,ExchangeRateForecastDataset,IncrementalTaskArithmeticPipeline,5,,finetune_3/test,forecast/mse,3,7 42 123,0.826526,0.088454,10.702
fixshard_exchange_n5,ExchangeRateForecastDataset,IncrementalTaskArithmeticPipeline,5,,finetune_3/test,forecast/rmse,3,7 42 123,0.908289,0.048025,5.287
fixshard_exchange_n5,ExchangeRateForecastDataset,IncrementalTaskArithmeticPipeline,5,,finetune_4/test,forecast/mae,3,7 42 123,0.710033,0.021741,3.062
fixshard_exchange_n5,ExchangeRateForecastDataset,IncrementalTaskArithmeticPipeline,5,,finetune_4/test,forecast/mse,3,7 42 123,0.751354,0.1163,15.479
fixshard_exchange_n5,ExchangeRateForecastDataset,IncrementalTaskArithmeticPipeline,5,,finetune_4/test,forecast/rmse,3,7 42 123,0.864984,0.068806,7.955
fixshard_exchange_n5,ExchangeRateForecastDataset,IncrementalTaskArithmeticPipeline,5,,merged/test,forecast/mae,3,7 42 123,0.715857,0.032964,4.605
fixshard_exchange_n5,ExchangeRateForecastDataset,IncrementalTaskArithmeticPipeline,5,,merged/test,forecast/mse,3,7 42 123,0.709903,0.083703,11.791
fixshard_exchange_n5,ExchangeRateForecastDataset,IncrementalTaskArithmeticPipeline,5,,merged/test,forecast/rmse,3,7 42 123,0.841575,0.049827,5.921
fixshard_exchange_n5,ExchangeRateForecastDataset,IncrementalTaskArithmeticPipeline,5,,merged/val,forecast/mae,3,7 42 123,0.409827,0.016847,4.111
fixshard_exchange_n5,ExchangeRateForecastDataset,IncrementalTaskArithmeticPipeline,5,,merged/val,forecast/mse,3,7 42 123,0.271055,0.015786,5.824
fixshard_exchange_n5,ExchangeRateForecastDataset,IncrementalTaskArithmeticPipeline,5,,merged/val,forecast/rmse,3,7 42 123,0.520484,0.015085,2.898
fixshard_exchange_n5,ExchangeRateForecastDataset,IncrementalTaskArithmeticPipeline,5,,merged/val,merge_scale/selected,3,7 42 123,0.316667,0.028868,9.116
l2sp_clean_lam0p0,EtthForecastDataset,IncrementalTaskArithmeticPipeline,3,,baseline/test,forecast/mae,3,7 42 123,0.600834,0.023283,3.875
l2sp_clean_lam0p0,EtthForecastDataset,IncrementalTaskArithmeticPipeline,3,,baseline/test,forecast/mse,3,7 42 123,0.704718,0.039727,5.637
l2sp_clean_lam0p0,EtthForecastDataset,IncrementalTaskArithmeticPipeline,3,,baseline/test,forecast/rmse,3,7 42 123,0.839253,0.023642,2.817
l2sp_clean_lam0p0,EtthForecastDataset,IncrementalTaskArithmeticPipeline,3,,finetune_0/test,forecast/mae,3,7 42 123,0.654626,0.008001,1.222
l2sp_clean_lam0p0,EtthForecastDataset,IncrementalTaskArithmeticPipeline,3,,finetune_0/test,forecast/mse,3,7 42 123,0.737776,0.016962,2.299
l2sp_clean_lam0p0,EtthForecastDataset,IncrementalTaskArithmeticPipeline,3,,finetune_0/test,forecast/rmse,3,7 42 123,0.858901,0.009863,1.148
l2sp_clean_lam0p0,EtthForecastDataset,IncrementalTaskArithmeticPipeline,3,,finetune_1/test,forecast/mae,3,7 42 123,0.506298,0.017622,3.48
l2sp_clean_lam0p0,EtthForecastDataset,IncrementalTaskArithmeticPipeline,3,,finetune_1/test,forecast/mse,3,7 42 123,0.482271,0.026347,5.463
l2sp_clean_lam0p0,EtthForecastDataset,IncrementalTaskArithmeticPipeline,3,,finetune_1/test,forecast/rmse,3,7 42 123,0.694287,0.018835,2.713
l2sp_clean_lam0p0,EtthForecastDataset,IncrementalTaskArithmeticPipeline,3,,finetune_2/test,forecast/mae,3,7 42 123,0.471321,0.007425,1.575
l2sp_clean_lam0p0,EtthForecastDataset,IncrementalTaskArithmeticPipeline,3,,finetune_2/test,forecast/mse,3,7 42 123,0.440105,0.01477,3.356
l2sp_clean_lam0p0,EtthForecastDataset,IncrementalTaskArithmeticPipeline,3,,finetune_2/test,forecast/rmse,3,7 42 123,0.663341,0.011184,1.686
l2sp_clean_lam0p0,EtthForecastDataset,IncrementalTaskArithmeticPipeline,3,,merged/test,forecast/mae,3,7 42 123,0.4901,0.004801,0.98
l2sp_clean_lam0p0,EtthForecastDataset,IncrementalTaskArithmeticPipeline,3,,merged/test,forecast/mse,3,7 42 123,0.48852,0.004281,0.876
l2sp_clean_lam0p0,EtthForecastDataset,IncrementalTaskArithmeticPipeline,3,,merged/test,forecast/rmse,3,7 42 123,0.698938,0.003065,0.439
l2sp_clean_lam0p0,EtthForecastDataset,IncrementalTaskArithmeticPipeline,3,,merged/val,forecast/mae,3,7 42 123,0.406599,0.007663,1.885
l2sp_clean_lam0p0,EtthForecastDataset,IncrementalTaskArithmeticPipeline,3,,merged/val,forecast/mse,3,7 42 123,0.323671,0.008563,2.646
l2sp_clean_lam0p0,EtthForecastDataset,IncrementalTaskArithmeticPipeline,3,,merged/val,forecast/rmse,3,7 42 123,0.568888,0.0075,1.318
l2sp_clean_lam0p0,EtthForecastDataset,IncrementalTaskArithmeticPipeline,3,,merged/val,merge_scale/selected,3,7 42 123,0.3,0.0,0.0
l2sp_clean_lam1em2,EtthForecastDataset,IncrementalTaskArithmeticPipeline,3,,baseline/test,forecast/mae,3,7 42 123,0.62334,0.015774,2.531
l2sp_clean_lam1em2,EtthForecastDataset,IncrementalTaskArithmeticPipeline,3,,baseline/test,forecast/mse,3,7 42 123,0.746425,0.044532,5.966
l2sp_clean_lam1em2,EtthForecastDataset,IncrementalTaskArithmeticPipeline,3,,baseline/test,forecast/rmse,3,7 42 123,0.863703,0.025774,2.984
l2sp_clean_lam1em2,EtthForecastDataset,IncrementalTaskArithmeticPipeline,3,,finetune_0/test,forecast/mae,3,7 42 123,0.695258,0.047241,6.795
l2sp_clean_lam1em2,EtthForecastDataset,IncrementalTaskArithmeticPipeline,3,,finetune_0/test,forecast/mse,3,7 42 123,0.810436,0.07885,9.729
l2sp_clean_lam1em2,EtthForecastDataset,IncrementalTaskArithmeticPipeline,3,,finetune_0/test,forecast/rmse,3,7 42 123,0.899511,0.044426,4.939
l2sp_clean_lam1em2,EtthForecastDataset,IncrementalTaskArithmeticPipeline,3,,finetune_1/test,forecast/mae,3,7 42 123,0.505397,0.013661,2.703
l2sp_clean_lam1em2,EtthForecastDataset,IncrementalTaskArithmeticPipeline,3,,finetune_1/test,forecast/mse,3,7 42 123,0.487199,0.0207,4.249
l2sp_clean_lam1em2,EtthForecastDataset,IncrementalTaskArithmeticPipeline,3,,finetune_1/test,forecast/rmse,3,7 42 123,0.697891,0.01485,2.128
l2sp_clean_lam1em2,EtthForecastDataset,IncrementalTaskArithmeticPipeline,3,,finetune_2/test,forecast/mae,3,7 42 123,0.478731,0.014803,3.092
l2sp_clean_lam1em2,EtthForecastDataset,IncrementalTaskArithmeticPipeline,3,,finetune_2/test,forecast/mse,3,7 42 123,0.454064,0.030927,6.811
l2sp_clean_lam1em2,EtthForecastDataset,IncrementalTaskArithmeticPipeline,3,,finetune_2/test,forecast/rmse,3,7 42 123,0.673583,0.022912,3.401
l2sp_clean_lam1em2,EtthForecastDataset,IncrementalTaskArithmeticPipeline,3,,merged/test,forecast/mae,3,7 42 123,0.499336,0.004364,0.874
l2sp_clean_lam1em2,EtthForecastDataset,IncrementalTaskArithmeticPipeline,3,,merged/test,forecast/mse,3,7 42 123,0.501907,0.00541,1.078
l2sp_clean_lam1em2,EtthForecastDataset,IncrementalTaskArithmeticPipeline,3,,merged/test,forecast/rmse,3,7 42 123,0.708447,0.00382,0.539
l2sp_clean_lam1em2,EtthForecastDataset,IncrementalTaskArithmeticPipeline,3,,merged/val,forecast/mae,3,7 42 123,0.406628,0.008854,2.177
l2sp_clean_lam1em2,EtthForecastDataset,IncrementalTaskArithmeticPipeline,3,,merged/val,forecast/mse,3,7 42 123,0.32337,0.008997,2.782
l2sp_clean_lam1em2,EtthForecastDataset,IncrementalTaskArithmeticPipeline,3,,merged/val,forecast/rmse,3,7 42 123,0.56862,0.007884,1.386
l2sp_clean_lam1em2,EtthForecastDataset,IncrementalTaskArithmeticPipeline,3,,merged/val,merge_scale/selected,3,7 42 123,0.333333,0.057735,17.321
l2sp_clean_lam1em3,EtthForecastDataset,IncrementalTaskArithmeticPipeline,3,,baseline/test,forecast/mae,3,7 42 123,0.606607,0.023344,3.848
l2sp_clean_lam1em3,EtthForecastDataset,IncrementalTaskArithmeticPipeline,3,,baseline/test,forecast/mse,3,7 42 123,0.727902,0.052926,7.271
l2sp_clean_lam1em3,EtthForecastDataset,IncrementalTaskArithmeticPipeline,3,,baseline/test,forecast/rmse,3,7 42 123,0.852797,0.030967,3.631
l2sp_clean_lam1em3,EtthForecastDataset,IncrementalTaskArithmeticPipeline,3,,finetune_0/test,forecast/mae,3,7 42 123,0.66978,0.050096,7.479
l2sp_clean_lam1em3,EtthForecastDataset,IncrementalTaskArithmeticPipeline,3,,finetune_0/test,forecast/mse,3,7 42 123,0.768769,0.085867,11.169
l2sp_clean_lam1em3,EtthForecastDataset,IncrementalTaskArithmeticPipeline,3,,finetune_0/test,forecast/rmse,3,7 42 123,0.875907,0.048297,5.514
l2sp_clean_lam1em3,EtthForecastDataset,IncrementalTaskArithmeticPipeline,3,,finetune_1/test,forecast/mae,3,7 42 123,0.51538,0.007178,1.393
l2sp_clean_lam1em3,EtthForecastDataset,IncrementalTaskArithmeticPipeline,3,,finetune_1/test,forecast/mse,3,7 42 123,0.500207,0.011618,2.323
l2sp_clean_lam1em3,EtthForecastDataset,IncrementalTaskArithmeticPipeline,3,,finetune_1/test,forecast/rmse,3,7 42 123,0.707221,0.008239,1.165
l2sp_clean_lam1em3,EtthForecastDataset,IncrementalTaskArithmeticPipeline,3,,finetune_2/test,forecast/mae,3,7 42 123,0.47234,0.014576,3.086
l2sp_clean_lam1em3,EtthForecastDataset,IncrementalTaskArithmeticPipeline,3,,finetune_2/test,forecast/mse,3,7 42 123,0.446494,0.032589,7.299
l2sp_clean_lam1em3,EtthForecastDataset,IncrementalTaskArithmeticPipeline,3,,finetune_2/test,forecast/rmse,3,7 42 123,0.667908,0.024271,3.634
l2sp_clean_lam1em3,EtthForecastDataset,IncrementalTaskArithmeticPipeline,3,,merged/test,forecast/mae,3,7 42 123,0.483749,0.001931,0.399
l2sp_clean_lam1em3,EtthForecastDataset,IncrementalTaskArithmeticPipeline,3,,merged/test,forecast/mse,3,7 42 123,0.484317,0.003992,0.824
l2sp_clean_lam1em3,EtthForecastDataset,IncrementalTaskArithmeticPipeline,3,,merged/test,forecast/rmse,3,7 42 123,0.695925,0.002872,0.413
l2sp_clean_lam1em3,EtthForecastDataset,IncrementalTaskArithmeticPipeline,3,,merged/val,forecast/mae,3,7 42 123,0.405572,0.006846,1.688
l2sp_clean_lam1em3,EtthForecastDataset,IncrementalTaskArithmeticPipeline,3,,merged/val,forecast/mse,3,7 42 123,0.325134,0.009092,2.796
l2sp_clean_lam1em3,EtthForecastDataset,IncrementalTaskArithmeticPipeline,3,,merged/val,forecast/rmse,3,7 42 123,0.570168,0.007941,1.393
l2sp_clean_lam1em3,EtthForecastDataset,IncrementalTaskArithmeticPipeline,3,,merged/val,merge_scale/selected,3,7 42 123,0.3,0.0,0.0
n1_etth1,EtthForecastDataset,IncrementalTaskArithmeticPipeline,1,,baseline/test,forecast/mae,3,7 42 123,0.638072,0.029587,4.637
n1_etth1,EtthForecastDataset,IncrementalTaskArithmeticPipeline,1,,baseline/test,forecast/mse,3,7 42 123,0.762614,0.067665,8.873
n1_etth1,EtthForecastDataset,IncrementalTaskArithmeticPipeline,1,,baseline/test,forecast/rmse,3,7 42 123,0.872689,0.03927,4.5
n1_etth1,EtthForecastDataset,IncrementalTaskArithmeticPipeline,1,,finetune_0/test,forecast/mae,3,7 42 123,0.457761,0.00476,1.04
n1_etth1,EtthForecastDataset,IncrementalTaskArithmeticPipeline,1,,finetune_0/test,forecast/mse,3,7 42 123,0.413434,0.009114,2.205
n1_etth1,EtthForecastDataset,IncrementalTaskArithmeticPipeline,1,,finetune_0/test,forecast/rmse,3,7 42 123,0.642962,0.00711,1.106
n1_etth1,EtthForecastDataset,IncrementalTaskArithmeticPipeline,1,,merged/test,forecast/mae,3,7 42 123,0.457761,0.00476,1.04
n1_etth1,EtthForecastDataset,IncrementalTaskArithmeticPipeline,1,,merged/test,forecast/mse,3,7 42 123,0.413434,0.009114,2.205
n1_etth1,EtthForecastDataset,IncrementalTaskArithmeticPipeline,1,,merged/test,forecast/rmse,3,7 42 123,0.642962,0.00711,1.106
n1_etth1,EtthForecastDataset,IncrementalTaskArithmeticPipeline,1,,merged/val,forecast/mae,3,7 42 123,0.394257,0.006713,1.703
n1_etth1,EtthForecastDataset,IncrementalTaskArithmeticPipeline,1,,merged/val,forecast/mse,3,7 42 123,0.315049,0.007379,2.342
n1_etth1,EtthForecastDataset,IncrementalTaskArithmeticPipeline,1,,merged/val,forecast/rmse,3,7 42 123,0.561267,0.006553,1.168
n1_exchange,ExchangeRateForecastDataset,IncrementalTaskArithmeticPipeline,1,,baseline/test,forecast/mae,3,7 42 123,0.678779,0.020081,2.958
n1_exchange,ExchangeRateForecastDataset,IncrementalTaskArithmeticPipeline,1,,baseline/test,forecast/mse,3,7 42 123,0.699907,0.040136,5.734
n1_exchange,ExchangeRateForecastDataset,IncrementalTaskArithmeticPipeline,1,,baseline/test,forecast/rmse,3,7 42 123,0.836371,0.024187,2.892
n1_exchange,ExchangeRateForecastDataset,IncrementalTaskArithmeticPipeline,1,,finetune_0/test,forecast/mae,3,7 42 123,0.438822,0.010429,2.377
n1_exchange,ExchangeRateForecastDataset,IncrementalTaskArithmeticPipeline,1,,finetune_0/test,forecast/mse,3,7 42 123,0.278789,0.01816,6.514
n1_exchange,ExchangeRateForecastDataset,IncrementalTaskArithmeticPipeline,1,,finetune_0/test,forecast/rmse,3,7 42 123,0.527816,0.017291,3.276
n1_exchange,ExchangeRateForecastDataset,IncrementalTaskArithmeticPipeline,1,,merged/test,forecast/mae,3,7 42 123,0.521856,0.0196,3.756
n1_exchange,ExchangeRateForecastDataset,IncrementalTaskArithmeticPipeline,1,,merged/test,forecast/mse,3,7 42 123,0.404542,0.031195,7.711
n1_exchange,ExchangeRateForecastDataset,IncrementalTaskArithmeticPipeline,1,,merged/test,forecast/rmse,3,7 42 123,0.635713,0.024805,3.902
n1_exchange,ExchangeRateForecastDataset,IncrementalTaskArithmeticPipeline,1,,merged/val,forecast/mae,3,7 42 123,0.474693,0.004126,0.869
n1_exchange,ExchangeRateForecastDataset,IncrementalTaskArithmeticPipeline,1,,merged/val,forecast/mse,3,7 42 123,0.400737,0.012839,3.204
n1_exchange,ExchangeRateForecastDataset,IncrementalTaskArithmeticPipeline,1,,merged/val,forecast/rmse,3,7 42 123,0.632983,0.010188,1.61
n1_psm,Psm,IncrementalTaskArithmeticPipeline,1,,baseline/test,event_f1,3,7 42 123,0.223015,0.018545,8.316
n1_psm,Psm,IncrementalTaskArithmeticPipeline,1,,baseline/test,event_fn,3,7 42 123,14.666667,3.511885,23.945
n1_psm,Psm,IncrementalTaskArithmeticPipeline,1,,baseline/test,event_fp,3,7 42 123,378.666667,21.126603,5.579
n1_psm,Psm,IncrementalTaskArithmeticPipeline,1,,baseline/test,event_precision,3,7 42 123,0.129765,0.011359,8.753
n1_psm,Psm,IncrementalTaskArithmeticPipeline,1,,baseline/test,event_recall,3,7 42 123,0.793427,0.049463,6.234
n1_psm,Psm,IncrementalTaskArithmeticPipeline,1,,baseline/test,event_tp,3,7 42 123,56.333333,3.511885,6.234
n1_psm,Psm,IncrementalTaskArithmeticPipeline,1,,baseline/test,pa_f1,3,7 42 123,0.772391,0.009558,1.237
n1_psm,Psm,IncrementalTaskArithmeticPipeline,1,,baseline/test,pa_precision,3,7 42 123,0.807354,0.127301,15.768
n1_psm,Psm,IncrementalTaskArithmeticPipeline,1,,baseline/test,pa_recall,3,7 42 123,0.765061,0.123567,16.151
n1_psm,Psm,IncrementalTaskArithmeticPipeline,1,,baseline/test,point_auprc,3,7 42 123,0.561344,0.001532,0.273
n1_psm,Psm,IncrementalTaskArithmeticPipeline,1,,baseline/test,point_auroc,3,7 42 123,0.772324,0.003404,0.441
n1_psm,Psm,IncrementalTaskArithmeticPipeline,1,,baseline/test,point_f1,3,7 42 123,0.581054,0.004947,0.851
n1_psm,Psm,IncrementalTaskArithmeticPipeline,1,,baseline/test,point_precision,3,7 42 123,0.465071,0.021544,4.633
n1_psm,Psm,IncrementalTaskArithmeticPipeline,1,,baseline/test,point_recall,3,7 42 123,0.777709,0.047023,6.046
n1_psm,Psm,IncrementalTaskArithmeticPipeline,1,,baseline/test,window_auprc,3,7 42 123,0.637064,0.001112,0.175
n1_psm,Psm,IncrementalTaskArithmeticPipeline,1,,baseline/test,window_auroc,3,7 42 123,0.776411,0.002724,0.351
n1_psm,Psm,IncrementalTaskArithmeticPipeline,1,,baseline/test,window_f1,3,7 42 123,0.637347,0.003072,0.482
n1_psm,Psm,IncrementalTaskArithmeticPipeline,1,,baseline/test,window_precision,3,7 42 123,0.541104,0.031689,5.856
n1_psm,Psm,IncrementalTaskArithmeticPipeline,1,,baseline/test,window_recall,3,7 42 123,0.78182,0.069762,8.923
n1_psm,Psm,IncrementalTaskArithmeticPipeline,1,,finetune_0/test,event_f1,3,7 42 123,0.326147,0.018823,5.771
n1_psm,Psm,IncrementalTaskArithmeticPipeline,1,,finetune_0/test,event_fn,3,7 42 123,15.333333,0.57735,3.765
n1_psm,Psm,IncrementalTaskArithmeticPipeline,1,,finetune_0/test,event_fp,3,7 42 123,215.333333,17.156146,7.967
n1_psm,Psm,IncrementalTaskArithmeticPipeline,1,,finetune_0/test,event_precision,3,7 42 123,0.20601,0.014587,7.081
n1_psm,Psm,IncrementalTaskArithmeticPipeline,1,,finetune_0/test,event_recall,3,7 42 123,0.784038,0.008132,1.037
n1_psm,Psm,IncrementalTaskArithmeticPipeline,1,,finetune_0/test,event_tp,3,7 42 123,55.666667,0.57735,1.037
n1_psm,Psm,IncrementalTaskArithmeticPipeline,1,,finetune_0/test,pa_f1,3,7 42 123,0.766872,0.000352,0.046
n1_psm,Psm,IncrementalTaskArithmeticPipeline,1,,finetune_0/test,pa_precision,3,7 42 123,0.66519,0.002019,0.303
n1_psm,Psm,IncrementalTaskArithmeticPipeline,1,,finetune_0/test,pa_recall,3,7 42 123,0.90527,0.004074,0.45
n1_psm,Psm,IncrementalTaskArithmeticPipeline,1,,finetune_0/test,point_auprc,3,7 42 123,0.560278,0.003672,0.655
n1_psm,Psm,IncrementalTaskArithmeticPipeline,1,,finetune_0/test,point_auroc,3,7 42 123,0.786033,0.001303,0.166
n1_psm,Psm,IncrementalTaskArithmeticPipeline,1,,finetune_0/test,point_f1,3,7 42 123,0.599138,0.00153,0.255
n1_psm,Psm,IncrementalTaskArithmeticPipeline,1,,finetune_0/test,point_precision,3,7 42 123,0.50135,0.001941,0.387
n1_psm,Psm,IncrementalTaskArithmeticPipeline,1,,finetune_0/test,point_recall,3,7 42 123,0.744346,0.005295,0.711
n1_psm,Psm,IncrementalTaskArithmeticPipeline,1,,finetune_0/test,window_auprc,3,7 42 123,0.64085,0.003902,0.609
n1_psm,Psm,IncrementalTaskArithmeticPipeline,1,,finetune_0/test,window_auroc,3,7 42 123,0.790634,0.000877,0.111
n1_psm,Psm,IncrementalTaskArithmeticPipeline,1,,finetune_0/test,window_f1,3,7 42 123,0.653674,0.001736,0.266
n1_psm,Psm,IncrementalTaskArithmeticPipeline,1,,finetune_0/test,window_precision,3,7 42 123,0.590292,0.0051,0.864
n1_psm,Psm,IncrementalTaskArithmeticPipeline,1,,finetune_0/test,window_recall,3,7 42 123,0.732435,0.01007,1.375
n1_psm,Psm,IncrementalTaskArithmeticPipeline,1,,merged/test,event_f1,3,7 42 123,0.326147,0.018823,5.771
n1_psm,Psm,IncrementalTaskArithmeticPipeline,1,,merged/test,event_fn,3,7 42 123,15.333333,0.57735,3.765
n1_psm,Psm,IncrementalTaskArithmeticPipeline,1,,merged/test,event_fp,3,7 42 123,215.333333,17.156146,7.967
n1_psm,Psm,IncrementalTaskArithmeticPipeline,1,,merged/test,event_precision,3,7 42 123,0.20601,0.014587,7.081
n1_psm,Psm,IncrementalTaskArithmeticPipeline,1,,merged/test,event_recall,3,7 42 123,0.784038,0.008132,1.037
n1_psm,Psm,IncrementalTaskArithmeticPipeline,1,,merged/test,event_tp,3,7 42 123,55.666667,0.57735,1.037
n1_psm,Psm,IncrementalTaskArithmeticPipeline,1,,merged/test,pa_f1,3,7 42 123,0.766876,0.000349,0.045
n1_psm,Psm,IncrementalTaskArithmeticPipeline,1,,merged/test,pa_precision,3,7 42 123,0.665196,0.00203,0.305
n1_psm,Psm,IncrementalTaskArithmeticPipeline,1,,merged/test,pa_recall,3,7 42 123,0.90527,0.004074,0.45
n1_psm,Psm,IncrementalTaskArithmeticPipeline,1,,merged/test,point_auprc,3,7 42 123,0.560278,0.003672,0.655
n1_psm,Psm,IncrementalTaskArithmeticPipeline,1,,merged/test,point_auroc,3,7 42 123,0.786033,0.001303,0.166
n1_psm,Psm,IncrementalTaskArithmeticPipeline,1,,merged/test,point_f1,3,7 42 123,0.599138,0.00153,0.255
n1_psm,Psm,IncrementalTaskArithmeticPipeline,1,,merged/test,point_precision,3,7 42 123,0.50135,0.001941,0.387
n1_psm,Psm,IncrementalTaskArithmeticPipeline,1,,merged/test,point_recall,3,7 42 123,0.744346,0.005295,0.711
n1_psm,Psm,IncrementalTaskArithmeticPipeline,1,,merged/test,window_auprc,3,7 42 123,0.64085,0.003902,0.609
n1_psm,Psm,IncrementalTaskArithmeticPipeline,1,,merged/test,window_auroc,3,7 42 123,0.790634,0.000877,0.111
n1_psm,Psm,IncrementalTaskArithmeticPipeline,1,,merged/test,window_f1,3,7 42 123,0.653674,0.001736,0.266
n1_psm,Psm,IncrementalTaskArithmeticPipeline,1,,merged/test,window_precision,3,7 42 123,0.590292,0.0051,0.864
n1_psm,Psm,IncrementalTaskArithmeticPipeline,1,,merged/test,window_recall,3,7 42 123,0.732435,0.01007,1.375
n1_psm,Psm,IncrementalTaskArithmeticPipeline,1,,merged/val,reconstruction/score_mean,3,7 42 123,0.180005,0.001388,0.771
n1_psm,Psm,IncrementalTaskArithmeticPipeline,1,,merged/val,reconstruction/score_p50,3,7 42 123,0.134705,0.001084,0.805
n1_psm,Psm,IncrementalTaskArithmeticPipeline,1,,merged/val,reconstruction/score_p95,3,7 42 123,0.352623,0.001077,0.305
n1_psm,Psm,IncrementalTaskArithmeticPipeline,1,,merged/val,reconstruction/score_p99,3,7 42 123,1.570534,0.00372,0.237
n1_psm,Psm,IncrementalTaskArithmeticPipeline,1,,merged/val,reconstruction/score_std,3,7 42 123,0.200467,0.001775,0.886
n1_swat,Swat,IncrementalTaskArithmeticPipeline,1,,baseline/test,event_f1,3,7 42 123,0.299334,0.037594,12.559
n1_swat,Swat,IncrementalTaskArithmeticPipeline,1,,baseline/test,event_fn,3,7 42 123,27.0,0.0,0.0
n1_swat,Swat,IncrementalTaskArithmeticPipeline,1,,baseline/test,event_fp,3,7 42 123,11.0,6.557439,59.613
n1_swat,Swat,IncrementalTaskArithmeticPipeline,1,,baseline/test,event_precision,3,7 42 123,0.462222,0.181516,39.27
n1_swat,Swat,IncrementalTaskArithmeticPipeline,1,,baseline/test,event_recall,3,7 42 123,0.228571,0.0,0.0
n1_swat,Swat,IncrementalTaskArithmeticPipeline,1,,baseline/test,event_tp,3,7 42 123,8.0,0.0,0.0
n1_swat,Swat,IncrementalTaskArithmeticPipeline,1,,baseline/test,pa_f1,3,7 42 123,0.842083,0.003476,0.413
n1_swat,Swat,IncrementalTaskArithmeticPipeline,1,,baseline/test,pa_precision,3,7 42 123,0.943937,0.009362,0.992
n1_swat,Swat,IncrementalTaskArithmeticPipeline,1,,baseline/test,pa_recall,3,7 42 123,0.760166,0.009022,1.187
n1_swat,Swat,IncrementalTaskArithmeticPipeline,1,,baseline/test,point_auprc,3,7 42 123,0.702834,0.001086,0.155
n1_swat,Swat,IncrementalTaskArithmeticPipeline,1,,baseline/test,point_auroc,3,7 42 123,0.814488,0.001491,0.183
n1_swat,Swat,IncrementalTaskArithmeticPipeline,1,,baseline/test,point_f1,3,7 42 123,0.766908,0.000428,0.056
n1_swat,Swat,IncrementalTaskArithmeticPipeline,1,,baseline/test,point_precision,3,7 42 123,0.979217,0.001009,0.103
n1_swat,Swat,IncrementalTaskArithmeticPipeline,1,,baseline/test,point_recall,3,7 42 123,0.630258,0.000185,0.029
n1_swat,Swat,IncrementalTaskArithmeticPipeline,1,,baseline/test,window_auprc,3,7 42 123,0.701584,0.000247,0.035
n1_swat,Swat,IncrementalTaskArithmeticPipeline,1,,baseline/test,window_auroc,3,7 42 123,0.799132,0.001616,0.202
n1_swat,Swat,IncrementalTaskArithmeticPipeline,1,,baseline/test,window_f1,3,7 42 123,0.750508,0.000481,0.064
n1_swat,Swat,IncrementalTaskArithmeticPipeline,1,,baseline/test,window_precision,3,7 42 123,0.99419,0.000935,0.094
n1_swat,Swat,IncrementalTaskArithmeticPipeline,1,,baseline/test,window_recall,3,7 42 123,0.602767,0.000319,0.053
n1_swat,Swat,IncrementalTaskArithmeticPipeline,1,,finetune_0/test,event_f1,3,7 42 123,0.341354,0.021833,6.396
n1_swat,Swat,IncrementalTaskArithmeticPipeline,1,,finetune_0/test,event_fn,3,7 42 123,27.0,0.0,0.0
n1_swat,Swat,IncrementalTaskArithmeticPipeline,1,,finetune_0/test,event_fp,3,7 42 123,4.0,3.0,75.0
n1_swat,Swat,IncrementalTaskArithmeticPipeline,1,,finetune_0/test,event_precision,3,7 42 123,0.696296,0.17962,25.797
n1_swat,Swat,IncrementalTaskArithmeticPipeline,1,,finetune_0/test,event_recall,3,7 42 123,0.228571,0.0,0.0
n1_swat,Swat,IncrementalTaskArithmeticPipeline,1,,finetune_0/test,event_tp,3,7 42 123,8.0,0.0,0.0
n1_swat,Swat,IncrementalTaskArithmeticPipeline,1,,finetune_0/test,pa_f1,3,7 42 123,0.841461,0.003448,0.41
n1_swat,Swat,IncrementalTaskArithmeticPipeline,1,,finetune_0/test,pa_precision,3,7 42 123,0.94238,0.009662,1.025
n1_swat,Swat,IncrementalTaskArithmeticPipeline,1,,finetune_0/test,pa_recall,3,7 42 123,0.760166,0.009022,1.187
n1_swat,Swat,IncrementalTaskArithmeticPipeline,1,,finetune_0/test,point_auprc,3,7 42 123,0.70333,0.00075,0.107
n1_swat,Swat,IncrementalTaskArithmeticPipeline,1,,finetune_0/test,point_auroc,3,7 42 123,0.817875,0.002728,0.334
n1_swat,Swat,IncrementalTaskArithmeticPipeline,1,,finetune_0/test,point_f1,3,7 42 123,0.767222,9.2e-05,0.012
n1_swat,Swat,IncrementalTaskArithmeticPipeline,1,,finetune_0/test,point_precision,3,7 42 123,0.980478,0.000152,0.015
n1_swat,Swat,IncrementalTaskArithmeticPipeline,1,,finetune_0/test,point_recall,3,7 42 123,0.630161,0.000143,0.023
n1_swat,Swat,IncrementalTaskArithmeticPipeline,1,,finetune_0/test,window_auprc,3,7 42 123,0.701885,0.00019,0.027
n1_swat,Swat,IncrementalTaskArithmeticPipeline,1,,finetune_0/test,window_auroc,3,7 42 123,0.80283,0.003017,0.376
n1_swat,Swat,IncrementalTaskArithmeticPipeline,1,,finetune_0/test,window_f1,3,7 42 123,0.750756,0.000276,0.037
n1_swat,Swat,IncrementalTaskArithmeticPipeline,1,,finetune_0/test,window_precision,3,7 42 123,0.995265,0.00031,0.031
n1_swat,Swat,IncrementalTaskArithmeticPipeline,1,,finetune_0/test,window_recall,3,7 42 123,0.602692,0.000447,0.074
n1_swat,Swat,IncrementalTaskArithmeticPipeline,1,,merged/test,event_f1,3,7 42 123,0.341354,0.021833,6.396
n1_swat,Swat,IncrementalTaskArithmeticPipeline,1,,merged/test,event_fn,3,7 42 123,27.0,0.0,0.0
n1_swat,Swat,IncrementalTaskArithmeticPipeline,1,,merged/test,event_fp,3,7 42 123,4.0,3.0,75.0
n1_swat,Swat,IncrementalTaskArithmeticPipeline,1,,merged/test,event_precision,3,7 42 123,0.696296,0.17962,25.797
n1_swat,Swat,IncrementalTaskArithmeticPipeline,1,,merged/test,event_recall,3,7 42 123,0.228571,0.0,0.0
n1_swat,Swat,IncrementalTaskArithmeticPipeline,1,,merged/test,event_tp,3,7 42 123,8.0,0.0,0.0
n1_swat,Swat,IncrementalTaskArithmeticPipeline,1,,merged/test,pa_f1,3,7 42 123,0.841459,0.00346,0.411
n1_swat,Swat,IncrementalTaskArithmeticPipeline,1,,merged/test,pa_precision,3,7 42 123,0.942378,0.009935,1.054
n1_swat,Swat,IncrementalTaskArithmeticPipeline,1,,merged/test,pa_recall,3,7 42 123,0.760166,0.009022,1.187
n1_swat,Swat,IncrementalTaskArithmeticPipeline,1,,merged/test,point_auprc,3,7 42 123,0.70333,0.00075,0.107
n1_swat,Swat,IncrementalTaskArithmeticPipeline,1,,merged/test,point_auroc,3,7 42 123,0.817875,0.002728,0.334
n1_swat,Swat,IncrementalTaskArithmeticPipeline,1,,merged/test,point_f1,3,7 42 123,0.767222,9.2e-05,0.012
n1_swat,Swat,IncrementalTaskArithmeticPipeline,1,,merged/test,point_precision,3,7 42 123,0.980478,0.000152,0.015
n1_swat,Swat,IncrementalTaskArithmeticPipeline,1,,merged/test,point_recall,3,7 42 123,0.630161,0.000143,0.023
n1_swat,Swat,IncrementalTaskArithmeticPipeline,1,,merged/test,window_auprc,3,7 42 123,0.701885,0.00019,0.027
n1_swat,Swat,IncrementalTaskArithmeticPipeline,1,,merged/test,window_auroc,3,7 42 123,0.80283,0.003017,0.376
n1_swat,Swat,IncrementalTaskArithmeticPipeline,1,,merged/test,window_f1,3,7 42 123,0.750756,0.000276,0.037
n1_swat,Swat,IncrementalTaskArithmeticPipeline,1,,merged/test,window_precision,3,7 42 123,0.995265,0.00031,0.031
n1_swat,Swat,IncrementalTaskArithmeticPipeline,1,,merged/test,window_recall,3,7 42 123,0.602692,0.000447,0.074
n1_swat,Swat,IncrementalTaskArithmeticPipeline,1,,merged/val,reconstruction/score_mean,3,7 42 123,0.048352,0.006224,12.872
n1_swat,Swat,IncrementalTaskArithmeticPipeline,1,,merged/val,reconstruction/score_p50,3,7 42 123,0.017976,0.000745,4.144
n1_swat,Swat,IncrementalTaskArithmeticPipeline,1,,merged/val,reconstruction/score_p95,3,7 42 123,0.256751,0.03558,13.858
n1_swat,Swat,IncrementalTaskArithmeticPipeline,1,,merged/val,reconstruction/score_p99,3,7 42 123,0.64465,0.114322,17.734
n1_swat,Swat,IncrementalTaskArithmeticPipeline,1,,merged/val,reconstruction/score_std,3,7 42 123,0.111181,0.018185,16.356
noisefloor_etth,EtthForecastDataset,IncrementalTaskArithmeticPipeline,3,merge,baseline/test,forecast/mae,3,7 42 123,0.604334,0.030575,5.059
noisefloor_etth,EtthForecastDataset,IncrementalTaskArithmeticPipeline,3,merge,baseline/test,forecast/mse,3,7 42 123,0.707287,0.061954,8.759
noisefloor_etth,EtthForecastDataset,IncrementalTaskArithmeticPipeline,3,merge,baseline/test,forecast/rmse,3,7 42 123,0.840452,0.037311,4.439
noisefloor_etth,EtthForecastDataset,IncrementalTaskArithmeticPipeline,3,merge,finetune_0/test,forecast/mae,3,7 42 123,0.659697,0.037659,5.709
noisefloor_etth,EtthForecastDataset,IncrementalTaskArithmeticPipeline,3,merge,finetune_0/test,forecast/mse,3,7 42 123,0.74726,0.056519,7.564
noisefloor_etth,EtthForecastDataset,IncrementalTaskArithmeticPipeline,3,merge,finetune_0/test,forecast/rmse,3,7 42 123,0.864021,0.033064,3.827
noisefloor_etth,EtthForecastDataset,IncrementalTaskArithmeticPipeline,3,merge,finetune_1/test,forecast/mae,3,7 42 123,0.526493,0.025445,4.833
noisefloor_etth,EtthForecastDataset,IncrementalTaskArithmeticPipeline,3,merge,finetune_1/test,forecast/mse,3,7 42 123,0.523394,0.040046,7.651
noisefloor_etth,EtthForecastDataset,IncrementalTaskArithmeticPipeline,3,merge,finetune_1/test,forecast/rmse,3,7 42 123,0.723103,0.027827,3.848
noisefloor_etth,EtthForecastDataset,IncrementalTaskArithmeticPipeline,3,merge,finetune_2/test,forecast/mae,3,7 42 123,0.479522,0.019745,4.118
noisefloor_etth,EtthForecastDataset,IncrementalTaskArithmeticPipeline,3,merge,finetune_2/test,forecast/mse,3,7 42 123,0.453578,0.034448,7.595
noisefloor_etth,EtthForecastDataset,IncrementalTaskArithmeticPipeline,3,merge,finetune_2/test,forecast/rmse,3,7 42 123,0.67316,0.025503,3.789
noisefloor_etth,EtthForecastDataset,IncrementalTaskArithmeticPipeline,3,merge,merged/test,forecast/mae,3,7 42 123,0.591992,0.064941,10.97
noisefloor_etth,EtthForecastDataset,IncrementalTaskArithmeticPipeline,3,merge,merged/test,forecast/mse,3,7 42 123,0.625624,0.109403,17.487
noisefloor_etth,EtthForecastDataset,IncrementalTaskArithmeticPipeline,3,merge,merged/test,forecast/rmse,3,7 42 123,0.788962,0.068877,8.73
noisefloor_etth,EtthForecastDataset,IncrementalTaskArithmeticPipeline,3,merge,merged/val,forecast/mae,3,7 42 123,0.58018,0.06355,10.954
noisefloor_etth,EtthForecastDataset,IncrementalTaskArithmeticPipeline,3,merge,merged/val,forecast/mse,3,7 42 123,0.602275,0.132077,21.93
noisefloor_etth,EtthForecastDataset,IncrementalTaskArithmeticPipeline,3,merge,merged/val,forecast/rmse,3,7 42 123,0.773109,0.082856,10.717
noisefloor_psm,Psm,IncrementalTaskArithmeticPipeline,3,merge,baseline/test,event_f1,3,7 42 123,0.228767,0.011234,4.911
noisefloor_psm,Psm,IncrementalTaskArithmeticPipeline,3,merge,baseline/test,event_fn,3,7 42 123,17.333333,1.154701,6.662
noisefloor_psm,Psm,IncrementalTaskArithmeticPipeline,3,merge,baseline/test,event_fp,3,7 42 123,345.0,16.643317,4.824
noisefloor_psm,Psm,IncrementalTaskArithmeticPipeline,3,merge,baseline/test,event_precision,3,7 42 123,0.1348,0.007356,5.457
noisefloor_psm,Psm,IncrementalTaskArithmeticPipeline,3,merge,baseline/test,event_recall,3,7 42 123,0.755869,0.016263,2.152
noisefloor_psm,Psm,IncrementalTaskArithmeticPipeline,3,merge,baseline/test,event_tp,3,7 42 123,53.666667,1.154701,2.152
noisefloor_psm,Psm,IncrementalTaskArithmeticPipeline,3,merge,baseline/test,pa_f1,3,7 42 123,0.789836,0.020747,2.627
noisefloor_psm,Psm,IncrementalTaskArithmeticPipeline,3,merge,baseline/test,pa_precision,3,7 42 123,0.85999,0.167136,19.435
noisefloor_psm,Psm,IncrementalTaskArithmeticPipeline,3,merge,baseline/test,pa_recall,3,7 42 123,0.760112,0.122053,16.057
noisefloor_psm,Psm,IncrementalTaskArithmeticPipeline,3,merge,baseline/test,point_auprc,3,7 42 123,0.555469,0.01369,2.465
noisefloor_psm,Psm,IncrementalTaskArithmeticPipeline,3,merge,baseline/test,point_auroc,3,7 42 123,0.770681,0.00068,0.088
noisefloor_psm,Psm,IncrementalTaskArithmeticPipeline,3,merge,baseline/test,point_f1,3,7 42 123,0.582689,0.000878,0.151
noisefloor_psm,Psm,IncrementalTaskArithmeticPipeline,3,merge,baseline/test,point_precision,3,7 42 123,0.47472,0.006107,1.287
noisefloor_psm,Psm,IncrementalTaskArithmeticPipeline,3,merge,baseline/test,point_recall,3,7 42 123,0.754533,0.014082,1.866
noisefloor_psm,Psm,IncrementalTaskArithmeticPipeline,3,merge,baseline/test,window_auprc,3,7 42 123,0.632534,0.010466,1.655
noisefloor_psm,Psm,IncrementalTaskArithmeticPipeline,3,merge,baseline/test,window_auroc,3,7 42 123,0.774187,0.000526,0.068
noisefloor_psm,Psm,IncrementalTaskArithmeticPipeline,3,merge,baseline/test,window_f1,3,7 42 123,0.63635,0.002878,0.452
noisefloor_psm,Psm,IncrementalTaskArithmeticPipeline,3,merge,baseline/test,window_precision,3,7 42 123,0.53851,0.034787,6.46
noisefloor_psm,Psm,IncrementalTaskArithmeticPipeline,3,merge,baseline/test,window_recall,3,7 42 123,0.785546,0.073912,9.409
noisefloor_psm,Psm,IncrementalTaskArithmeticPipeline,3,merge,finetune_0/test,event_f1,3,7 42 123,0.317898,0.050639,15.929
noisefloor_psm,Psm,IncrementalTaskArithmeticPipeline,3,merge,finetune_0/test,event_fn,3,7 42 123,14.0,1.732051,12.372
noisefloor_psm,Psm,IncrementalTaskArithmeticPipeline,3,merge,finetune_0/test,event_fp,3,7 42 123,236.666667,56.8712,24.03
noisefloor_psm,Psm,IncrementalTaskArithmeticPipeline,3,merge,finetune_0/test,event_precision,3,7 42 123,0.199451,0.041115,20.614
noisefloor_psm,Psm,IncrementalTaskArithmeticPipeline,3,merge,finetune_0/test,event_recall,3,7 42 123,0.802817,0.024395,3.039
noisefloor_psm,Psm,IncrementalTaskArithmeticPipeline,3,merge,finetune_0/test,event_tp,3,7 42 123,57.0,1.732051,3.039
noisefloor_psm,Psm,IncrementalTaskArithmeticPipeline,3,merge,finetune_0/test,pa_f1,3,7 42 123,0.766718,1.9e-05,0.002
noisefloor_psm,Psm,IncrementalTaskArithmeticPipeline,3,merge,finetune_0/test,pa_precision,3,7 42 123,0.666211,0.002185,0.328
noisefloor_psm,Psm,IncrementalTaskArithmeticPipeline,3,merge,finetune_0/test,pa_recall,3,7 42 123,0.902959,0.004038,0.447
noisefloor_psm,Psm,IncrementalTaskArithmeticPipeline,3,merge,finetune_0/test,point_auprc,3,7 42 123,0.555877,0.002065,0.372
noisefloor_psm,Psm,IncrementalTaskArithmeticPipeline,3,merge,finetune_0/test,point_auroc,3,7 42 123,0.779162,0.00205,0.263
noisefloor_psm,Psm,IncrementalTaskArithmeticPipeline,3,merge,finetune_0/test,point_f1,3,7 42 123,0.597363,0.002521,0.422
noisefloor_psm,Psm,IncrementalTaskArithmeticPipeline,3,merge,finetune_0/test,point_precision,3,7 42 123,0.497815,0.004629,0.93
noisefloor_psm,Psm,IncrementalTaskArithmeticPipeline,3,merge,finetune_0/test,point_recall,3,7 42 123,0.746725,0.002512,0.336
noisefloor_psm,Psm,IncrementalTaskArithmeticPipeline,3,merge,finetune_0/test,window_auprc,3,7 42 123,0.638372,0.001566,0.245
noisefloor_psm,Psm,IncrementalTaskArithmeticPipeline,3,merge,finetune_0/test,window_auroc,3,7 42 123,0.784666,0.001831,0.233
noisefloor_psm,Psm,IncrementalTaskArithmeticPipeline,3,merge,finetune_0/test,window_f1,3,7 42 123,0.652464,0.001412,0.216
noisefloor_psm,Psm,IncrementalTaskArithmeticPipeline,3,merge,finetune_0/test,window_precision,3,7 42 123,0.58783,0.005729,0.975
noisefloor_psm,Psm,IncrementalTaskArithmeticPipeline,3,merge,finetune_0/test,window_recall,3,7 42 123,0.733146,0.005332,0.727
noisefloor_psm,Psm,IncrementalTaskArithmeticPipeline,3,merge,finetune_1/test,event_f1,3,7 42 123,0.253321,0.049201,19.422
noisefloor_psm,Psm,IncrementalTaskArithmeticPipeline,3,merge,finetune_1/test,event_fn,3,7 42 123,14.0,4.358899,31.135
noisefloor_psm,Psm,IncrementalTaskArithmeticPipeline,3,merge,finetune_1/test,event_fp,3,7 42 123,340.0,135.281189,39.789
noisefloor_psm,Psm,IncrementalTaskArithmeticPipeline,3,merge,finetune_1/test,event_precision,3,7 42 123,0.151904,0.035697,23.5
noisefloor_psm,Psm,IncrementalTaskArithmeticPipeline,3,merge,finetune_1/test,event_recall,3,7 42 123,0.802817,0.061393,7.647
noisefloor_psm,Psm,IncrementalTaskArithmeticPipeline,3,merge,finetune_1/test,event_tp,3,7 42 123,57.0,4.358899,7.647
noisefloor_psm,Psm,IncrementalTaskArithmeticPipeline,3,merge,finetune_1/test,pa_f1,3,7 42 123,0.767024,0.000496,0.065
noisefloor_psm,Psm,IncrementalTaskArithmeticPipeline,3,merge,finetune_1/test,pa_precision,3,7 42 123,0.660639,0.009058,1.371
noisefloor_psm,Psm,IncrementalTaskArithmeticPipeline,3,merge,finetune_1/test,pa_recall,3,7 42 123,0.914663,0.018872,2.063
noisefloor_psm,Psm,IncrementalTaskArithmeticPipeline,3,merge,finetune_1/test,point_auprc,3,7 42 123,0.558555,0.011362,2.034
noisefloor_psm,Psm,IncrementalTaskArithmeticPipeline,3,merge,finetune_1/test,point_auroc,3,7 42 123,0.789742,0.003093,0.392
noisefloor_psm,Psm,IncrementalTaskArithmeticPipeline,3,merge,finetune_1/test,point_f1,3,7 42 123,0.598452,0.004847,0.81
noisefloor_psm,Psm,IncrementalTaskArithmeticPipeline,3,merge,finetune_1/test,point_precision,3,7 42 123,0.4801,0.034315,7.147
noisefloor_psm,Psm,IncrementalTaskArithmeticPipeline,3,merge,finetune_1/test,point_recall,3,7 42 123,0.807012,0.102004,12.64
noisefloor_psm,Psm,IncrementalTaskArithmeticPipeline,3,merge,finetune_1/test,window_auprc,3,7 42 123,0.640453,0.007371,1.151
noisefloor_psm,Psm,IncrementalTaskArithmeticPipeline,3,merge,finetune_1/test,window_auroc,3,7 42 123,0.793376,0.001128,0.142
noisefloor_psm,Psm,IncrementalTaskArithmeticPipeline,3,merge,finetune_1/test,window_f1,3,7 42 123,0.655115,0.005074,0.775
noisefloor_psm,Psm,IncrementalTaskArithmeticPipeline,3,merge,finetune_1/test,window_precision,3,7 42 123,0.535734,0.037759,7.048
noisefloor_psm,Psm,IncrementalTaskArithmeticPipeline,3,merge,finetune_1/test,window_recall,3,7 42 123,0.851404,0.072077,8.466
noisefloor_psm,Psm,IncrementalTaskArithmeticPipeline,3,merge,finetune_2/test,event_f1,3,7 42 123,0.235178,0.020588,8.754
noisefloor_psm,Psm,IncrementalTaskArithmeticPipeline,3,merge,finetune_2/test,event_fn,3,7 42 123,11.666667,3.05505,26.186
noisefloor_psm,Psm,IncrementalTaskArithmeticPipeline,3,merge,finetune_2/test,event_fp,3,7 42 123,378.333333,67.002488,17.71
noisefloor_psm,Psm,IncrementalTaskArithmeticPipeline,3,merge,finetune_2/test,event_precision,3,7 42 123,0.137184,0.015157,11.048
noisefloor_psm,Psm,IncrementalTaskArithmeticPipeline,3,merge,finetune_2/test,event_recall,3,7 42 123,0.835681,0.043029,5.149
noisefloor_psm,Psm,IncrementalTaskArithmeticPipeline,3,merge,finetune_2/test,event_tp,3,7 42 123,59.333333,3.05505,5.149
noisefloor_psm,Psm,IncrementalTaskArithmeticPipeline,3,merge,finetune_2/test,pa_f1,3,7 42 123,0.766715,0.000175,0.023
noisefloor_psm,Psm,IncrementalTaskArithmeticPipeline,3,merge,finetune_2/test,pa_precision,3,7 42 123,0.666214,0.002172,0.326
noisefloor_psm,Psm,IncrementalTaskArithmeticPipeline,3,merge,finetune_2/test,pa_recall,3,7 42 123,0.902945,0.00405,0.449
noisefloor_psm,Psm,IncrementalTaskArithmeticPipeline,3,merge,finetune_2/test,point_auprc,3,7 42 123,0.546635,0.023596,4.317
noisefloor_psm,Psm,IncrementalTaskArithmeticPipeline,3,merge,finetune_2/test,point_auroc,3,7 42 123,0.78793,0.002884,0.366
noisefloor_psm,Psm,IncrementalTaskArithmeticPipeline,3,merge,finetune_2/test,point_f1,3,7 42 123,0.595221,0.002711,0.455
noisefloor_psm,Psm,IncrementalTaskArithmeticPipeline,3,merge,finetune_2/test,point_precision,3,7 42 123,0.466175,0.021705,4.656
noisefloor_psm,Psm,IncrementalTaskArithmeticPipeline,3,merge,finetune_2/test,point_recall,3,7 42 123,0.830038,0.078084,9.407
noisefloor_psm,Psm,IncrementalTaskArithmeticPipeline,3,merge,finetune_2/test,window_auprc,3,7 42 123,0.628805,0.018615,2.96
noisefloor_psm,Psm,IncrementalTaskArithmeticPipeline,3,merge,finetune_2/test,window_auroc,3,7 42 123,0.790738,0.002185,0.276
noisefloor_psm,Psm,IncrementalTaskArithmeticPipeline,3,merge,finetune_2/test,window_f1,3,7 42 123,0.652084,0.003151,0.483
noisefloor_psm,Psm,IncrementalTaskArithmeticPipeline,3,merge,finetune_2/test,window_precision,3,7 42 123,0.525769,0.01375,2.615
noisefloor_psm,Psm,IncrementalTaskArithmeticPipeline,3,merge,finetune_2/test,window_recall,3,7 42 123,0.860245,0.041468,4.82
noisefloor_psm,Psm,IncrementalTaskArithmeticPipeline,3,merge,merged/test,event_f1,3,7 42 123,0.231859,0.038016,16.396
noisefloor_psm,Psm,IncrementalTaskArithmeticPipeline,3,merge,merged/test,event_fn,3,7 42 123,13.666667,1.154701,8.449
noisefloor_psm,Psm,IncrementalTaskArithmeticPipeline,3,merge,merged/test,event_fp,3,7 42 123,374.333333,75.797977,20.249
noisefloor_psm,Psm,IncrementalTaskArithmeticPipeline,3,merge,merged/test,event_precision,3,7 42 123,0.135807,0.026041,19.175
noisefloor_psm,Psm,IncrementalTaskArithmeticPipeline,3,merge,merged/test,event_recall,3,7 42 123,0.807512,0.016263,2.014
noisefloor_psm,Psm,IncrementalTaskArithmeticPipeline,3,merge,merged/test,event_tp,3,7 42 123,57.333333,1.154701,2.014
noisefloor_psm,Psm,IncrementalTaskArithmeticPipeline,3,merge,merged/test,pa_f1,3,7 42 123,0.769512,0.002281,0.296
noisefloor_psm,Psm,IncrementalTaskArithmeticPipeline,3,merge,merged/test,pa_precision,3,7 42 123,0.659744,0.007473,1.133
noisefloor_psm,Psm,IncrementalTaskArithmeticPipeline,3,merge,merged/test,pa_recall,3,7 42 123,0.923483,0.019916,2.157
noisefloor_psm,Psm,IncrementalTaskArithmeticPipeline,3,merge,merged/test,point_auprc,3,7 42 123,0.566158,0.004935,0.872
noisefloor_psm,Psm,IncrementalTaskArithmeticPipeline,3,merge,merged/test,point_auroc,3,7 42 123,0.803191,0.001118,0.139
noisefloor_psm,Psm,IncrementalTaskArithmeticPipeline,3,merge,merged/test,point_f1,3,7 42 123,0.63889,0.008811,1.379
noisefloor_psm,Psm,IncrementalTaskArithmeticPipeline,3,merge,merged/test,point_precision,3,7 42 123,0.495987,0.011958,2.411
noisefloor_psm,Psm,IncrementalTaskArithmeticPipeline,3,merge,merged/test,point_recall,3,7 42 123,0.897804,0.005323,0.593
noisefloor_psm,Psm,IncrementalTaskArithmeticPipeline,3,merge,merged/test,window_auprc,3,7 42 123,0.646332,0.00142,0.22
noisefloor_psm,Psm,IncrementalTaskArithmeticPipeline,3,merge,merged/test,window_auroc,3,7 42 123,0.80046,0.002054,0.257
noisefloor_psm,Psm,IncrementalTaskArithmeticPipeline,3,merge,merged/test,window_f1,3,7 42 123,0.689722,0.009379,1.36
noisefloor_psm,Psm,IncrementalTaskArithmeticPipeline,3,merge,merged/test,window_precision,3,7 42 123,0.572618,0.016399,2.864
noisefloor_psm,Psm,IncrementalTaskArithmeticPipeline,3,merge,merged/test,window_recall,3,7 42 123,0.86755,0.008418,0.97
noisefloor_psm,Psm,IncrementalTaskArithmeticPipeline,3,merge,merged/val,reconstruction/score_mean,3,7 42 123,0.297401,0.035414,11.908
noisefloor_psm,Psm,IncrementalTaskArithmeticPipeline,3,merge,merged/val,reconstruction/score_p50,3,7 42 123,0.224539,0.034981,15.579
noisefloor_psm,Psm,IncrementalTaskArithmeticPipeline,3,merge,merged/val,reconstruction/score_p95,3,7 42 123,0.758061,0.053499,7.057
noisefloor_psm,Psm,IncrementalTaskArithmeticPipeline,3,merge,merged/val,reconstruction/score_p99,3,7 42 123,1.654106,0.030241,1.828
noisefloor_psm,Psm,IncrementalTaskArithmeticPipeline,3,merge,merged/val,reconstruction/score_std,3,7 42 123,0.246089,0.010478,4.258
noisefloor_std_etth,EtthForecastDataset,StandardPipeline,0,joint,train/test,forecast/mae,3,7 42 123,0.457119,0.001321,0.289
noisefloor_std_etth,EtthForecastDataset,StandardPipeline,0,joint,train/test,forecast/mse,3,7 42 123,0.41857,0.008797,2.102
noisefloor_std_etth,EtthForecastDataset,StandardPipeline,0,joint,train/test,forecast/rmse,3,7 42 123,0.646946,0.006803,1.052
noisefloor_std_psm,Psm,StandardPipeline,0,joint,train/test,event_f1,3,7 42 123,0.310283,0.091922,29.625
noisefloor_std_psm,Psm,StandardPipeline,0,joint,train/test,event_fn,3,7 42 123,12.333333,1.154701,9.362
noisefloor_std_psm,Psm,StandardPipeline,0,joint,train/test,event_fp,3,7 42 123,271.333333,117.02279,43.129
noisefloor_std_psm,Psm,StandardPipeline,0,joint,train/test,event_precision,3,7 42 123,0.194603,0.072408,37.208
noisefloor_std_psm,Psm,StandardPipeline,0,joint,train/test,event_recall,3,7 42 123,0.826291,0.016263,1.968
noisefloor_std_psm,Psm,StandardPipeline,0,joint,train/test,event_tp,3,7 42 123,58.666667,1.154701,1.968
noisefloor_std_psm,Psm,StandardPipeline,0,joint,train/test,pa_f1,3,7 42 123,0.766326,0.000222,0.029
noisefloor_std_psm,Psm,StandardPipeline,0,joint,train/test,pa_precision,3,7 42 123,0.664272,0.002033,0.306
noisefloor_std_psm,Psm,StandardPipeline,0,joint,train/test,pa_recall,3,7 42 123,0.905448,0.00373,0.412
noisefloor_std_psm,Psm,StandardPipeline,0,joint,train/test,point_auprc,3,7 42 123,0.564488,0.001849,0.328
noisefloor_std_psm,Psm,StandardPipeline,0,joint,train/test,point_auroc,3,7 42 123,0.797308,0.001922,0.241
noisefloor_std_psm,Psm,StandardPipeline,0,joint,train/test,point_f1,3,7 42 123,0.632256,0.009288,1.469
noisefloor_std_psm,Psm,StandardPipeline,0,joint,train/test,point_precision,3,7 42 123,0.483007,0.009579,1.983
noisefloor_std_psm,Psm,StandardPipeline,0,joint,train/test,point_recall,3,7 42 123,0.915087,0.005743,0.628
noisefloor_std_psm,Psm,StandardPipeline,0,joint,train/test,window_auprc,3,7 42 123,0.652061,0.002295,0.352
noisefloor_std_psm,Psm,StandardPipeline,0,joint,train/test,window_auroc,3,7 42 123,0.799845,0.001081,0.135
noisefloor_std_psm,Psm,StandardPipeline,0,joint,train/test,window_f1,3,7 42 123,0.686743,0.007316,1.065
noisefloor_std_psm,Psm,StandardPipeline,0,joint,train/test,window_precision,3,7 42 123,0.560247,0.008208,1.465
noisefloor_std_psm,Psm,StandardPipeline,0,joint,train/test,window_recall,3,7 42 123,0.88706,0.004209,0.475
noisefloor_std_swat,Swat,StandardPipeline,0,joint,train/test,event_f1,3,7 42 123,0.327435,0.070154,21.425
noisefloor_std_swat,Swat,StandardPipeline,0,joint,train/test,event_fn,3,7 42 123,26.666667,0.57735,2.165
noisefloor_std_swat,Swat,StandardPipeline,0,joint,train/test,event_fp,3,7 42 123,10.0,16.462078,164.621
noisefloor_std_swat,Swat,StandardPipeline,0,joint,train/test,event_precision,3,7 42 123,0.708577,0.412295,58.186
noisefloor_std_swat,Swat,StandardPipeline,0,joint,train/test,event_recall,3,7 42 123,0.238095,0.016496,6.928
noisefloor_std_swat,Swat,StandardPipeline,0,joint,train/test,event_tp,3,7 42 123,8.333333,0.57735,6.928
noisefloor_std_swat,Swat,StandardPipeline,0,joint,train/test,pa_f1,3,7 42 123,0.843357,0.000833,0.099
noisefloor_std_swat,Swat,StandardPipeline,0,joint,train/test,pa_precision,3,7 42 123,0.937924,0.009163,0.977
noisefloor_std_swat,Swat,StandardPipeline,0,joint,train/test,pa_recall,3,7 42 123,0.766171,0.004693,0.613
noisefloor_std_swat,Swat,StandardPipeline,0,joint,train/test,point_auprc,3,7 42 123,0.702808,0.00046,0.065
noisefloor_std_swat,Swat,StandardPipeline,0,joint,train/test,point_auroc,3,7 42 123,0.822441,0.001228,0.149
noisefloor_std_swat,Swat,StandardPipeline,0,joint,train/test,point_f1,3,7 42 123,0.766428,0.001581,0.206
noisefloor_std_swat,Swat,StandardPipeline,0,joint,train/test,point_precision,3,7 42 123,0.976978,0.005395,0.552
noisefloor_std_swat,Swat,StandardPipeline,0,joint,train/test,point_recall,3,7 42 123,0.630545,0.000114,0.018
noisefloor_std_swat,Swat,StandardPipeline,0,joint,train/test,window_auprc,3,7 42 123,0.702188,0.000817,0.116
noisefloor_std_swat,Swat,StandardPipeline,0,joint,train/test,window_auroc,3,7 42 123,0.80784,0.001219,0.151
noisefloor_std_swat,Swat,StandardPipeline,0,joint,train/test,window_f1,3,7 42 123,0.750253,0.001627,0.217
noisefloor_std_swat,Swat,StandardPipeline,0,joint,train/test,window_precision,3,7 42 123,0.992278,0.005612,0.566
noisefloor_std_swat,Swat,StandardPipeline,0,joint,train/test,window_recall,3,7 42 123,0.603146,2.6e-05,0.004
noisefloor_swat,Swat,IncrementalTaskArithmeticPipeline,3,merge,baseline/test,event_f1,3,7 42 123,0.273333,0.092616,33.884
noisefloor_swat,Swat,IncrementalTaskArithmeticPipeline,3,merge,baseline/test,event_fn,3,7 42 123,27.0,0.0,0.0
noisefloor_swat,Swat,IncrementalTaskArithmeticPipeline,3,merge,baseline/test,event_fp,3,7 42 123,21.666667,27.153882,125.326
noisefloor_swat,Swat,IncrementalTaskArithmeticPipeline,3,merge,baseline/test,event_precision,3,7 42 123,0.426622,0.259156,60.746
noisefloor_swat,Swat,IncrementalTaskArithmeticPipeline,3,merge,baseline/test,event_recall,3,7 42 123,0.228571,0.0,0.0
noisefloor_swat,Swat,IncrementalTaskArithmeticPipeline,3,merge,baseline/test,event_tp,3,7 42 123,8.0,0.0,0.0
noisefloor_swat,Swat,IncrementalTaskArithmeticPipeline,3,merge,baseline/test,pa_f1,3,7 42 123,0.834822,0.007556,0.905
noisefloor_swat,Swat,IncrementalTaskArithmeticPipeline,3,merge,baseline/test,pa_precision,3,7 42 123,0.934112,0.042789,4.581
noisefloor_swat,Swat,IncrementalTaskArithmeticPipeline,3,merge,baseline/test,pa_recall,3,7 42 123,0.75565,0.016511,2.185
noisefloor_swat,Swat,IncrementalTaskArithmeticPipeline,3,merge,baseline/test,point_auprc,3,7 42 123,0.704016,0.004664,0.662
noisefloor_swat,Swat,IncrementalTaskArithmeticPipeline,3,merge,baseline/test,point_auroc,3,7 42 123,0.814645,0.000696,0.085
noisefloor_swat,Swat,IncrementalTaskArithmeticPipeline,3,merge,baseline/test,point_f1,3,7 42 123,0.76655,0.000986,0.129
noisefloor_swat,Swat,IncrementalTaskArithmeticPipeline,3,merge,baseline/test,point_precision,3,7 42 123,0.978393,0.003203,0.327
noisefloor_swat,Swat,IncrementalTaskArithmeticPipeline,3,merge,baseline/test,point_recall,3,7 42 123,0.630118,4.6e-05,0.007
noisefloor_swat,Swat,IncrementalTaskArithmeticPipeline,3,merge,baseline/test,window_auprc,3,7 42 123,0.701732,0.000862,0.123
noisefloor_swat,Swat,IncrementalTaskArithmeticPipeline,3,merge,baseline/test,window_auroc,3,7 42 123,0.799224,0.000696,0.087
noisefloor_swat,Swat,IncrementalTaskArithmeticPipeline,3,merge,baseline/test,window_f1,3,7 42 123,0.749955,0.000957,0.128
noisefloor_swat,Swat,IncrementalTaskArithmeticPipeline,3,merge,baseline/test,window_precision,3,7 42 123,0.993083,0.003351,0.337
noisefloor_swat,Swat,IncrementalTaskArithmeticPipeline,3,merge,baseline/test,window_recall,3,7 42 123,0.602462,9.6e-05,0.016
noisefloor_swat,Swat,IncrementalTaskArithmeticPipeline,3,merge,finetune_0/test,event_f1,3,7 42 123,0.251133,0.079827,31.787
noisefloor_swat,Swat,IncrementalTaskArithmeticPipeline,3,merge,finetune_0/test,event_fn,3,7 42 123,27.0,0.0,0.0
noisefloor_swat,Swat,IncrementalTaskArithmeticPipeline,3,merge,finetune_0/test,event_fp,3,7 42 123,25.333333,22.188586,87.587
noisefloor_swat,Swat,IncrementalTaskArithmeticPipeline,3,merge,finetune_0/test,event_precision,3,7 42 123,0.340801,0.246041,72.195
noisefloor_swat,Swat,IncrementalTaskArithmeticPipeline,3,merge,finetune_0/test,event_recall,3,7 42 123,0.228571,0.0,0.0
noisefloor_swat,Swat,IncrementalTaskArithmeticPipeline,3,merge,finetune_0/test,event_tp,3,7 42 123,8.0,0.0,0.0
noisefloor_swat,Swat,IncrementalTaskArithmeticPipeline,3,merge,finetune_0/test,pa_f1,3,7 42 123,0.836833,0.006407,0.766
noisefloor_swat,Swat,IncrementalTaskArithmeticPipeline,3,merge,finetune_0/test,pa_precision,3,7 42 123,0.931799,0.016402,1.76
noisefloor_swat,Swat,IncrementalTaskArithmeticPipeline,3,merge,finetune_0/test,pa_recall,3,7 42 123,0.75958,0.009022,1.188
noisefloor_swat,Swat,IncrementalTaskArithmeticPipeline,3,merge,finetune_0/test,point_auprc,3,7 42 123,0.703333,0.003674,0.522
noisefloor_swat,Swat,IncrementalTaskArithmeticPipeline,3,merge,finetune_0/test,point_auroc,3,7 42 123,0.813415,0.000668,0.082
noisefloor_swat,Swat,IncrementalTaskArithmeticPipeline,3,merge,finetune_0/test,point_f1,3,7 42 123,0.766455,0.000854,0.111
noisefloor_swat,Swat,IncrementalTaskArithmeticPipeline,3,merge,finetune_0/test,point_precision,3,7 42 123,0.977994,0.002829,0.289
noisefloor_swat,Swat,IncrementalTaskArithmeticPipeline,3,merge,finetune_0/test,point_recall,3,7 42 123,0.630154,5.9e-05,0.009
noisefloor_swat,Swat,IncrementalTaskArithmeticPipeline,3,merge,finetune_0/test,window_auprc,3,7 42 123,0.701461,0.001019,0.145
noisefloor_swat,Swat,IncrementalTaskArithmeticPipeline,3,merge,finetune_0/test,window_auroc,3,7 42 123,0.797916,0.000572,0.072
noisefloor_swat,Swat,IncrementalTaskArithmeticPipeline,3,merge,finetune_0/test,window_f1,3,7 42 123,0.749903,0.000824,0.11
noisefloor_swat,Swat,IncrementalTaskArithmeticPipeline,3,merge,finetune_0/test,window_precision,3,7 42 123,0.992883,0.002884,0.29
noisefloor_swat,Swat,IncrementalTaskArithmeticPipeline,3,merge,finetune_0/test,window_recall,3,7 42 123,0.602468,3.6e-05,0.006
noisefloor_swat,Swat,IncrementalTaskArithmeticPipeline,3,merge,finetune_1/test,event_f1,3,7 42 123,0.311688,0.089977,28.868
noisefloor_swat,Swat,IncrementalTaskArithmeticPipeline,3,merge,finetune_1/test,event_fn,3,7 42 123,27.0,0.0,0.0
noisefloor_swat,Swat,IncrementalTaskArithmeticPipeline,3,merge,finetune_1/test,event_fp,3,7 42 123,12.0,19.052559,158.771
noisefloor_swat,Swat,IncrementalTaskArithmeticPipeline,3,merge,finetune_1/test,event_precision,3,7 42 123,0.656085,0.403229,61.46
noisefloor_swat,Swat,IncrementalTaskArithmeticPipeline,3,merge,finetune_1/test,event_recall,3,7 42 123,0.228571,0.0,0.0
noisefloor_swat,Swat,IncrementalTaskArithmeticPipeline,3,merge,finetune_1/test,event_tp,3,7 42 123,8.0,0.0,0.0
noisefloor_swat,Swat,IncrementalTaskArithmeticPipeline,3,merge,finetune_1/test,pa_f1,3,7 42 123,0.835986,0.005334,0.638
noisefloor_swat,Swat,IncrementalTaskArithmeticPipeline,3,merge,finetune_1/test,pa_precision,3,7 42 123,0.943762,0.026201,2.776
noisefloor_swat,Swat,IncrementalTaskArithmeticPipeline,3,merge,finetune_1/test,pa_recall,3,7 42 123,0.750639,0.00847,1.128
noisefloor_swat,Swat,IncrementalTaskArithmeticPipeline,3,merge,finetune_1/test,point_auprc,3,7 42 123,0.703494,0.004639,0.659
noisefloor_swat,Swat,IncrementalTaskArithmeticPipeline,3,merge,finetune_1/test,point_auroc,3,7 42 123,0.815373,0.000841,0.103
noisefloor_swat,Swat,IncrementalTaskArithmeticPipeline,3,merge,finetune_1/test,point_f1,3,7 42 123,0.767101,0.000272,0.035
noisefloor_swat,Swat,IncrementalTaskArithmeticPipeline,3,merge,finetune_1/test,point_precision,3,7 42 123,0.980143,0.000957,0.098
noisefloor_swat,Swat,IncrementalTaskArithmeticPipeline,3,merge,finetune_1/test,point_recall,3,7 42 123,0.630136,9e-05,0.014
noisefloor_swat,Swat,IncrementalTaskArithmeticPipeline,3,merge,finetune_1/test,window_auprc,3,7 42 123,0.701948,0.001299,0.185
noisefloor_swat,Swat,IncrementalTaskArithmeticPipeline,3,merge,finetune_1/test,window_auroc,3,7 42 123,0.799985,0.0008,0.1
noisefloor_swat,Swat,IncrementalTaskArithmeticPipeline,3,merge,finetune_1/test,window_f1,3,7 42 123,0.750474,0.000304,0.041
noisefloor_swat,Swat,IncrementalTaskArithmeticPipeline,3,merge,finetune_1/test,window_precision,3,7 42 123,0.994932,0.000934,0.094
noisefloor_swat,Swat,IncrementalTaskArithmeticPipeline,3,merge,finetune_1/test,window_recall,3,7 42 123,0.60245,0.000174,0.029
noisefloor_swat,Swat,IncrementalTaskArithmeticPipeline,3,merge,finetune_2/test,event_f1,3,7 42 123,0.336951,0.060868,18.064
noisefloor_swat,Swat,IncrementalTaskArithmeticPipeline,3,merge,finetune_2/test,event_fn,3,7 42 123,27.0,0.0,0.0
noisefloor_swat,Swat,IncrementalTaskArithmeticPipeline,3,merge,finetune_2/test,event_fp,3,7 42 123,5.666667,9.814955,173.205
noisefloor_swat,Swat,IncrementalTaskArithmeticPipeline,3,merge,finetune_2/test,event_precision,3,7 42 123,0.773333,0.392598,50.767
noisefloor_swat,Swat,IncrementalTaskArithmeticPipeline,3,merge,finetune_2/test,event_recall,3,7 42 123,0.228571,0.0,0.0
noisefloor_swat,Swat,IncrementalTaskArithmeticPipeline,3,merge,finetune_2/test,event_tp,3,7 42 123,8.0,0.0,0.0
noisefloor_swat,Swat,IncrementalTaskArithmeticPipeline,3,merge,finetune_2/test,pa_f1,3,7 42 123,0.837763,0.006789,0.81
noisefloor_swat,Swat,IncrementalTaskArithmeticPipeline,3,merge,finetune_2/test,pa_precision,3,7 42 123,0.931184,0.030187,3.242
noisefloor_swat,Swat,IncrementalTaskArithmeticPipeline,3,merge,finetune_2/test,pa_recall,3,7 42 123,0.76188,0.011621,1.525
noisefloor_swat,Swat,IncrementalTaskArithmeticPipeline,3,merge,finetune_2/test,point_auprc,3,7 42 123,0.703809,0.004469,0.635
noisefloor_swat,Swat,IncrementalTaskArithmeticPipeline,3,merge,finetune_2/test,point_auroc,3,7 42 123,0.81651,0.000308,0.038
noisefloor_swat,Swat,IncrementalTaskArithmeticPipeline,3,merge,finetune_2/test,point_f1,3,7 42 123,0.767235,0.000124,0.016
noisefloor_swat,Swat,IncrementalTaskArithmeticPipeline,3,merge,finetune_2/test,point_precision,3,7 42 123,0.980359,0.000422,0.043
noisefloor_swat,Swat,IncrementalTaskArithmeticPipeline,3,merge,finetune_2/test,point_recall,3,7 42 123,0.630228,9.4e-05,0.015
noisefloor_swat,Swat,IncrementalTaskArithmeticPipeline,3,merge,finetune_2/test,window_auprc,3,7 42 123,0.702252,0.001168,0.166
noisefloor_swat,Swat,IncrementalTaskArithmeticPipeline,3,merge,finetune_2/test,window_auroc,3,7 42 123,0.801296,0.000365,0.046
noisefloor_swat,Swat,IncrementalTaskArithmeticPipeline,3,merge,finetune_2/test,window_f1,3,7 42 123,0.750718,0.000153,0.02
noisefloor_swat,Swat,IncrementalTaskArithmeticPipeline,3,merge,finetune_2/test,window_precision,3,7 42 123,0.995255,0.000403,0.041
noisefloor_swat,Swat,IncrementalTaskArithmeticPipeline,3,merge,finetune_2/test,window_recall,3,7 42 123,0.602646,0.000104,0.017
noisefloor_swat,Swat,IncrementalTaskArithmeticPipeline,3,merge,merged/test,event_f1,3,7 42 123,0.366455,0.004882,1.332
noisefloor_swat,Swat,IncrementalTaskArithmeticPipeline,3,merge,merged/test,event_fn,3,7 42 123,27.0,0.0,0.0
noisefloor_swat,Swat,IncrementalTaskArithmeticPipeline,3,merge,merged/test,event_fp,3,7 42 123,0.666667,0.57735,86.603
noisefloor_swat,Swat,IncrementalTaskArithmeticPipeline,3,merge,merged/test,event_precision,3,7 42 123,0.925926,0.06415,6.928
noisefloor_swat,Swat,IncrementalTaskArithmeticPipeline,3,merge,merged/test,event_recall,3,7 42 123,0.228571,0.0,0.0
noisefloor_swat,Swat,IncrementalTaskArithmeticPipeline,3,merge,merged/test,event_tp,3,7 42 123,8.0,0.0,0.0
noisefloor_swat,Swat,IncrementalTaskArithmeticPipeline,3,merge,merged/test,pa_f1,3,7 42 123,0.840311,0.004876,0.58
noisefloor_swat,Swat,IncrementalTaskArithmeticPipeline,3,merge,merged/test,pa_precision,3,7 42 123,0.937827,0.009221,0.983
noisefloor_swat,Swat,IncrementalTaskArithmeticPipeline,3,merge,merged/test,pa_recall,3,7 42 123,0.761294,0.01175,1.543
noisefloor_swat,Swat,IncrementalTaskArithmeticPipeline,3,merge,merged/test,point_auprc,3,7 42 123,0.705364,0.003064,0.434
noisefloor_swat,Swat,IncrementalTaskArithmeticPipeline,3,merge,merged/test,point_auroc,3,7 42 123,0.818585,0.001472,0.18
noisefloor_swat,Swat,IncrementalTaskArithmeticPipeline,3,merge,merged/test,point_f1,3,7 42 123,0.767302,6e-06,0.001
noisefloor_swat,Swat,IncrementalTaskArithmeticPipeline,3,merge,merged/test,point_precision,3,7 42 123,0.980444,0.000162,0.017
noisefloor_swat,Swat,IncrementalTaskArithmeticPipeline,3,merge,merged/test,point_recall,3,7 42 123,0.630283,5.9e-05,0.009
noisefloor_swat,Swat,IncrementalTaskArithmeticPipeline,3,merge,merged/test,window_auprc,3,7 42 123,0.702789,0.001446,0.206
noisefloor_swat,Swat,IncrementalTaskArithmeticPipeline,3,merge,merged/test,window_auroc,3,7 42 123,0.803736,0.001344,0.167
noisefloor_swat,Swat,IncrementalTaskArithmeticPipeline,3,merge,merged/test,window_f1,3,7 42 123,0.750913,3.8e-05,0.005
noisefloor_swat,Swat,IncrementalTaskArithmeticPipeline,3,merge,merged/test,window_precision,3,7 42 123,0.995313,0.000331,0.033
noisefloor_swat,Swat,IncrementalTaskArithmeticPipeline,3,merge,merged/test,window_recall,3,7 42 123,0.602876,0.000138,0.023
noisefloor_swat,Swat,IncrementalTaskArithmeticPipeline,3,merge,merged/val,reconstruction/score_mean,3,7 42 123,0.169424,0.013943,8.229
noisefloor_swat,Swat,IncrementalTaskArithmeticPipeline,3,merge,merged/val,reconstruction/score_p50,3,7 42 123,0.14782,0.015465,10.462
noisefloor_swat,Swat,IncrementalTaskArithmeticPipeline,3,merge,merged/val,reconstruction/score_p95,3,7 42 123,0.380986,0.006826,1.792
noisefloor_swat,Swat,IncrementalTaskArithmeticPipeline,3,merge,merged/val,reconstruction/score_p99,3,7 42 123,0.839669,0.047198,5.621
noisefloor_swat,Swat,IncrementalTaskArithmeticPipeline,3,merge,merged/val,reconstruction/score_std,3,7 42 123,0.125866,0.006708,5.329
origin_etth1_joint_f075,EtthForecastDataset,StandardPipeline,0,,train/test,forecast/mae,3,7 42 123,0.417985,0.005597,1.339
origin_etth1_joint_f075,EtthForecastDataset,StandardPipeline,0,,train/test,forecast/mse,3,7 42 123,0.340818,0.014438,4.236
origin_etth1_joint_f075,EtthForecastDataset,StandardPipeline,0,,train/test,forecast/rmse,3,7 42 123,0.58371,0.012294,2.106
origin_etth1_joint_f0875,EtthForecastDataset,StandardPipeline,0,,train/test,forecast/mae,3,7 42 123,0.443371,0.014345,3.235
origin_etth1_joint_f0875,EtthForecastDataset,StandardPipeline,0,,train/test,forecast/mse,3,7 42 123,0.390019,0.02592,6.646
origin_etth1_joint_f0875,EtthForecastDataset,StandardPipeline,0,,train/test,forecast/rmse,3,7 42 123,0.624287,0.02067,3.311
origin_etth1_joint_f10,EtthForecastDataset,StandardPipeline,0,,train/test,forecast/mae,3,7 42 123,0.457265,0.001687,0.369
origin_etth1_joint_f10,EtthForecastDataset,StandardPipeline,0,,train/test,forecast/mse,3,7 42 123,0.417322,0.009081,2.176
origin_etth1_joint_f10,EtthForecastDataset,StandardPipeline,0,,train/test,forecast/rmse,3,7 42 123,0.645979,0.00702,1.087
origin_etth1_merge_f075,EtthForecastDataset,IncrementalTaskArithmeticPipeline,3,,baseline/test,forecast/mae,3,7 42 123,0.542207,0.015994,2.95
origin_etth1_merge_f075,EtthForecastDataset,IncrementalTaskArithmeticPipeline,3,,baseline/test,forecast/mse,3,7 42 123,0.656612,0.047305,7.204
origin_etth1_merge_f075,EtthForecastDataset,IncrementalTaskArithmeticPipeline,3,,baseline/test,forecast/rmse,3,7 42 123,0.809972,0.028905,3.569
origin_etth1_merge_f075,EtthForecastDataset,IncrementalTaskArithmeticPipeline,3,,finetune_0/test,forecast/mae,3,7 42 123,0.588922,0.037175,6.312
origin_etth1_merge_f075,EtthForecastDataset,IncrementalTaskArithmeticPipeline,3,,finetune_0/test,forecast/mse,3,7 42 123,0.637164,0.095269,14.952
origin_etth1_merge_f075,EtthForecastDataset,IncrementalTaskArithmeticPipeline,3,,finetune_0/test,forecast/rmse,3,7 42 123,0.796736,0.059697,7.493
origin_etth1_merge_f075,EtthForecastDataset,IncrementalTaskArithmeticPipeline,3,,finetune_1/test,forecast/mae,3,7 42 123,0.614848,0.03929,6.39
origin_etth1_merge_f075,EtthForecastDataset,IncrementalTaskArithmeticPipeline,3,,finetune_1/test,forecast/mse,3,7 42 123,0.639645,0.076244,11.92
origin_etth1_merge_f075,EtthForecastDataset,IncrementalTaskArithmeticPipeline,3,,finetune_1/test,forecast/rmse,3,7 42 123,0.798859,0.046945,5.877
origin_etth1_merge_f075,EtthForecastDataset,IncrementalTaskArithmeticPipeline,3,,finetune_2/test,forecast/mae,3,7 42 123,0.54094,0.016801,3.106
origin_etth1_merge_f075,EtthForecastDataset,IncrementalTaskArithmeticPipeline,3,,finetune_2/test,forecast/mse,3,7 42 123,0.575715,0.118138,20.52
origin_etth1_merge_f075,EtthForecastDataset,IncrementalTaskArithmeticPipeline,3,,finetune_2/test,forecast/rmse,3,7 42 123,0.756219,0.075975,10.047
origin_etth1_merge_f075,EtthForecastDataset,IncrementalTaskArithmeticPipeline,3,,merged/test,forecast/mae,3,7 42 123,0.799125,0.102888,12.875
origin_etth1_merge_f075,EtthForecastDataset,IncrementalTaskArithmeticPipeline,3,,merged/test,forecast/mse,3,7 42 123,1.053794,0.293873,27.887
origin_etth1_merge_f075,EtthForecastDataset,IncrementalTaskArithmeticPipeline,3,,merged/test,forecast/rmse,3,7 42 123,1.020247,0.139055,13.63
origin_etth1_merge_f075,EtthForecastDataset,IncrementalTaskArithmeticPipeline,3,,merged/val,forecast/mae,3,7 42 123,0.738031,0.087503,11.856
origin_etth1_merge_f075,EtthForecastDataset,IncrementalTaskArithmeticPipeline,3,,merged/val,forecast/mse,3,7 42 123,0.952603,0.272126,28.567
origin_etth1_merge_f075,EtthForecastDataset,IncrementalTaskArithmeticPipeline,3,,merged/val,forecast/rmse,3,7 42 123,0.969625,0.136552,14.083
origin_etth1_merge_f0875,EtthForecastDataset,IncrementalTaskArithmeticPipeline,3,,baseline/test,forecast/mae,3,7 42 123,0.580441,0.06247,10.762
origin_etth1_merge_f0875,EtthForecastDataset,IncrementalTaskArithmeticPipeline,3,,baseline/test,forecast/mse,3,7 42 123,0.685721,0.137768,20.091
origin_etth1_merge_f0875,EtthForecastDataset,IncrementalTaskArithmeticPipeline,3,,baseline/test,forecast/rmse,3,7 42 123,0.825399,0.081592,9.885
origin_etth1_merge_f0875,EtthForecastDataset,IncrementalTaskArithmeticPipeline,3,,finetune_0/test,forecast/mae,3,7 42 123,0.571183,0.019393,3.395
origin_etth1_merge_f0875,EtthForecastDataset,IncrementalTaskArithmeticPipeline,3,,finetune_0/test,forecast/mse,3,7 42 123,0.575448,0.036382,6.322
origin_etth1_merge_f0875,EtthForecastDataset,IncrementalTaskArithmeticPipeline,3,,finetune_0/test,forecast/rmse,3,7 42 123,0.758326,0.024183,3.189
origin_etth1_merge_f0875,EtthForecastDataset,IncrementalTaskArithmeticPipeline,3,,finetune_1/test,forecast/mae,3,7 42 123,0.491444,0.018807,3.827
origin_etth1_merge_f0875,EtthForecastDataset,IncrementalTaskArithmeticPipeline,3,,finetune_1/test,forecast/mse,3,7 42 123,0.471295,0.014735,3.126
origin_etth1_merge_f0875,EtthForecastDataset,IncrementalTaskArithmeticPipeline,3,,finetune_1/test,forecast/rmse,3,7 42 123,0.686453,0.010762,1.568
origin_etth1_merge_f0875,EtthForecastDataset,IncrementalTaskArithmeticPipeline,3,,finetune_2/test,forecast/mae,3,7 42 123,0.467965,0.001159,0.248
origin_etth1_merge_f0875,EtthForecastDataset,IncrementalTaskArithmeticPipeline,3,,finetune_2/test,forecast/mse,3,7 42 123,0.452809,0.017168,3.791
origin_etth1_merge_f0875,EtthForecastDataset,IncrementalTaskArithmeticPipeline,3,,finetune_2/test,forecast/rmse,3,7 42 123,0.672831,0.012714,1.89
origin_etth1_merge_f0875,EtthForecastDataset,IncrementalTaskArithmeticPipeline,3,,merged/test,forecast/mae,3,7 42 123,0.618882,0.028852,4.662
origin_etth1_merge_f0875,EtthForecastDataset,IncrementalTaskArithmeticPipeline,3,,merged/test,forecast/mse,3,7 42 123,0.654104,0.040477,6.188
origin_etth1_merge_f0875,EtthForecastDataset,IncrementalTaskArithmeticPipeline,3,,merged/test,forecast/rmse,3,7 42 123,0.808507,0.025107,3.105
origin_etth1_merge_f0875,EtthForecastDataset,IncrementalTaskArithmeticPipeline,3,,merged/val,forecast/mae,3,7 42 123,0.527559,0.032773,6.212
origin_etth1_merge_f0875,EtthForecastDataset,IncrementalTaskArithmeticPipeline,3,,merged/val,forecast/mse,3,7 42 123,0.504116,0.057987,11.503
origin_etth1_merge_f0875,EtthForecastDataset,IncrementalTaskArithmeticPipeline,3,,merged/val,forecast/rmse,3,7 42 123,0.709244,0.040409,5.698
origin_etth1_merge_f10,EtthForecastDataset,IncrementalTaskArithmeticPipeline,3,,baseline/test,forecast/mae,3,7 42 123,0.602543,0.035088,5.823
origin_etth1_merge_f10,EtthForecastDataset,IncrementalTaskArithmeticPipeline,3,,baseline/test,forecast/mse,3,7 42 123,0.717195,0.048172,6.717
origin_etth1_merge_f10,EtthForecastDataset,IncrementalTaskArithmeticPipeline,3,,baseline/test,forecast/rmse,3,7 42 123,0.846553,0.028548,3.372
origin_etth1_merge_f10,EtthForecastDataset,IncrementalTaskArithmeticPipeline,3,,finetune_0/test,forecast/mae,3,7 42 123,0.662957,0.03868,5.834
origin_etth1_merge_f10,EtthForecastDataset,IncrementalTaskArithmeticPipeline,3,,finetune_0/test,forecast/mse,3,7 42 123,0.750278,0.059301,7.904
origin_etth1_merge_f10,EtthForecastDataset,IncrementalTaskArithmeticPipeline,3,,finetune_0/test,forecast/rmse,3,7 42 123,0.865744,0.033883,3.914
origin_etth1_merge_f10,EtthForecastDataset,IncrementalTaskArithmeticPipeline,3,,finetune_1/test,forecast/mae,3,7 42 123,0.513548,0.010734,2.09
origin_etth1_merge_f10,EtthForecastDataset,IncrementalTaskArithmeticPipeline,3,,finetune_1/test,forecast/mse,3,7 42 123,0.494796,0.021453,4.336
origin_etth1_merge_f10,EtthForecastDataset,IncrementalTaskArithmeticPipeline,3,,finetune_1/test,forecast/rmse,3,7 42 123,0.703305,0.015345,2.182
origin_etth1_merge_f10,EtthForecastDataset,IncrementalTaskArithmeticPipeline,3,,finetune_2/test,forecast/mae,3,7 42 123,0.470276,0.011084,2.357
origin_etth1_merge_f10,EtthForecastDataset,IncrementalTaskArithmeticPipeline,3,,finetune_2/test,forecast/mse,3,7 42 123,0.439962,0.019762,4.492
origin_etth1_merge_f10,EtthForecastDataset,IncrementalTaskArithmeticPipeline,3,,finetune_2/test,forecast/rmse,3,7 42 123,0.663184,0.014978,2.258
origin_etth1_merge_f10,EtthForecastDataset,IncrementalTaskArithmeticPipeline,3,,merged/test,forecast/mae,3,7 42 123,0.571631,0.027302,4.776
origin_etth1_merge_f10,EtthForecastDataset,IncrementalTaskArithmeticPipeline,3,,merged/test,forecast/mse,3,7 42 123,0.577232,0.036606,6.342
origin_etth1_merge_f10,EtthForecastDataset,IncrementalTaskArithmeticPipeline,3,,merged/test,forecast/rmse,3,7 42 123,0.7595,0.024279,3.197
origin_etth1_merge_f10,EtthForecastDataset,IncrementalTaskArithmeticPipeline,3,,merged/val,forecast/mae,3,7 42 123,0.542874,0.013695,2.523
origin_etth1_merge_f10,EtthForecastDataset,IncrementalTaskArithmeticPipeline,3,,merged/val,forecast/mse,3,7 42 123,0.521339,0.020541,3.94
origin_etth1_merge_f10,EtthForecastDataset,IncrementalTaskArithmeticPipeline,3,,merged/val,forecast/rmse,3,7 42 123,0.721943,0.014308,1.982
origin_etth1_sequential_f075,EtthForecastDataset,ContinualFineTuningPipeline,3,,baseline/test,forecast/mae,3,7 42 123,0.536073,0.007641,1.425
origin_etth1_sequential_f075,EtthForecastDataset,ContinualFineTuningPipeline,3,,baseline/test,forecast/mse,3,7 42 123,0.660155,0.040663,6.16
origin_etth1_sequential_f075,EtthForecastDataset,ContinualFineTuningPipeline,3,,baseline/test,forecast/rmse,3,7 42 123,0.812245,0.024911,3.067
origin_etth1_sequential_f075,EtthForecastDataset,ContinualFineTuningPipeline,3,,continual_0/test,forecast/mae,3,7 42 123,0.616468,0.017858,2.897
origin_etth1_sequential_f075,EtthForecastDataset,ContinualFineTuningPipeline,3,,continual_0/test,forecast/mse,3,7 42 123,0.675816,0.049503,7.325
origin_etth1_sequential_f075,EtthForecastDataset,ContinualFineTuningPipeline,3,,continual_0/test,forecast/rmse,3,7 42 123,0.821709,0.03026,3.683
origin_etth1_sequential_f075,EtthForecastDataset,ContinualFineTuningPipeline,3,,continual_1/test,forecast/mae,3,7 42 123,0.664706,0.029994,4.512
origin_etth1_sequential_f075,EtthForecastDataset,ContinualFineTuningPipeline,3,,continual_1/test,forecast/mse,3,7 42 123,0.6892,0.055094,7.994
origin_etth1_sequential_f075,EtthForecastDataset,ContinualFineTuningPipeline,3,,continual_1/test,forecast/rmse,3,7 42 123,0.829743,0.033006,3.978
origin_etth1_sequential_f075,EtthForecastDataset,ContinualFineTuningPipeline,3,,continual_2/test,forecast/mae,3,7 42 123,0.638707,0.02361,3.697
origin_etth1_sequential_f075,EtthForecastDataset,ContinualFineTuningPipeline,3,,continual_2/test,forecast/mse,3,7 42 123,0.645133,0.040241,6.238
origin_etth1_sequential_f075,EtthForecastDataset,ContinualFineTuningPipeline,3,,continual_2/test,forecast/rmse,3,7 42 123,0.802944,0.024916,3.103
origin_etth1_sequential_f0875,EtthForecastDataset,ContinualFineTuningPipeline,3,,baseline/test,forecast/mae,3,7 42 123,0.539071,0.033382,6.192
origin_etth1_sequential_f0875,EtthForecastDataset,ContinualFineTuningPipeline,3,,baseline/test,forecast/mse,3,7 42 123,0.587782,0.04406,7.496
origin_etth1_sequential_f0875,EtthForecastDataset,ContinualFineTuningPipeline,3,,baseline/test,forecast/rmse,3,7 42 123,0.766317,0.028483,3.717
origin_etth1_sequential_f0875,EtthForecastDataset,ContinualFineTuningPipeline,3,,continual_0/test,forecast/mae,3,7 42 123,0.543996,0.068605,12.611
origin_etth1_sequential_f0875,EtthForecastDataset,ContinualFineTuningPipeline,3,,continual_0/test,forecast/mse,3,7 42 123,0.53286,0.098285,18.445
origin_etth1_sequential_f0875,EtthForecastDataset,ContinualFineTuningPipeline,3,,continual_0/test,forecast/rmse,3,7 42 123,0.727949,0.066517,9.138
origin_etth1_sequential_f0875,EtthForecastDataset,ContinualFineTuningPipeline,3,,continual_1/test,forecast/mae,3,7 42 123,0.496437,0.029066,5.855
origin_etth1_sequential_f0875,EtthForecastDataset,ContinualFineTuningPipeline,3,,continual_1/test,forecast/mse,3,7 42 123,0.441226,0.025401,5.757
origin_etth1_sequential_f0875,EtthForecastDataset,ContinualFineTuningPipeline,3,,continual_1/test,forecast/rmse,3,7 42 123,0.664068,0.018969,2.857
origin_etth1_sequential_f0875,EtthForecastDataset,ContinualFineTuningPipeline,3,,continual_2/test,forecast/mae,3,7 42 123,0.454138,0.002427,0.534
origin_etth1_sequential_f0875,EtthForecastDataset,ContinualFineTuningPipeline,3,,continual_2/test,forecast/mse,3,7 42 123,0.405825,0.000977,0.241
origin_etth1_sequential_f0875,EtthForecastDataset,ContinualFineTuningPipeline,3,,continual_2/test,forecast/rmse,3,7 42 123,0.637044,0.000766,0.12
origin_etth1_sequential_f10,EtthForecastDataset,ContinualFineTuningPipeline,3,,baseline/test,forecast/mae,3,7 42 123,0.634131,0.014696,2.317
origin_etth1_sequential_f10,EtthForecastDataset,ContinualFineTuningPipeline,3,,baseline/test,forecast/mse,3,7 42 123,0.769942,0.01852,2.405
origin_etth1_sequential_f10,EtthForecastDataset,ContinualFineTuningPipeline,3,,baseline/test,forecast/rmse,3,7 42 123,0.877421,0.01059,1.207
origin_etth1_sequential_f10,EtthForecastDataset,ContinualFineTuningPipeline,3,,continual_0/test,forecast/mae,3,7 42 123,0.656513,0.022407,3.413
origin_etth1_sequential_f10,EtthForecastDataset,ContinualFineTuningPipeline,3,,continual_0/test,forecast/mse,3,7 42 123,0.744882,0.022737,3.052
origin_etth1_sequential_f10,EtthForecastDataset,ContinualFineTuningPipeline,3,,continual_0/test,forecast/rmse,3,7 42 123,0.862998,0.013216,1.531
origin_etth1_sequential_f10,EtthForecastDataset,ContinualFineTuningPipeline,3,,continual_1/test,forecast/mae,3,7 42 123,0.501353,0.005558,1.109
origin_etth1_sequential_f10,EtthForecastDataset,ContinualFineTuningPipeline,3,,continual_1/test,forecast/mse,3,7 42 123,0.478505,0.019246,4.022
origin_etth1_sequential_f10,EtthForecastDataset,ContinualFineTuningPipeline,3,,continual_1/test,forecast/rmse,3,7 42 123,0.691647,0.013897,2.009
origin_etth1_sequential_f10,EtthForecastDataset,ContinualFineTuningPipeline,3,,continual_2/test,forecast/mae,3,7 42 123,0.466127,0.016424,3.524
origin_etth1_sequential_f10,EtthForecastDataset,ContinualFineTuningPipeline,3,,continual_2/test,forecast/mse,3,7 42 123,0.428094,0.036271,8.473
origin_etth1_sequential_f10,EtthForecastDataset,ContinualFineTuningPipeline,3,,continual_2/test,forecast/rmse,3,7 42 123,0.653906,0.027407,4.191
origin_etth1_window_f075,EtthForecastDataset,IncrementalTaskArithmeticPipeline,1,,baseline/test,forecast/mae,3,7 42 123,0.55108,0.004755,0.863
origin_etth1_window_f075,EtthForecastDataset,IncrementalTaskArithmeticPipeline,1,,baseline/test,forecast/mse,3,7 42 123,0.670216,0.021314,3.18
origin_etth1_window_f075,EtthForecastDataset,IncrementalTaskArithmeticPipeline,1,,baseline/test,forecast/rmse,3,7 42 123,0.818599,0.012993,1.587
origin_etth1_window_f075,EtthForecastDataset,IncrementalTaskArithmeticPipeline,1,,finetune_0/test,forecast/mae,3,7 42 123,0.520563,0.028471,5.469
origin_etth1_window_f075,EtthForecastDataset,IncrementalTaskArithmeticPipeline,1,,finetune_0/test,forecast/mse,3,7 42 123,0.528587,0.134017,25.354
origin_etth1_window_f075,EtthForecastDataset,IncrementalTaskArithmeticPipeline,1,,finetune_0/test,forecast/rmse,3,7 42 123,0.723318,0.089988,12.441
origin_etth1_window_f075,EtthForecastDataset,IncrementalTaskArithmeticPipeline,1,,merged/test,forecast/mae,3,7 42 123,0.520563,0.028471,5.469
origin_etth1_window_f075,EtthForecastDataset,IncrementalTaskArithmeticPipeline,1,,merged/test,forecast/mse,3,7 42 123,0.528587,0.134016,25.354
origin_etth1_window_f075,EtthForecastDataset,IncrementalTaskArithmeticPipeline,1,,merged/test,forecast/rmse,3,7 42 123,0.723318,0.089988,12.441
origin_etth1_window_f075,EtthForecastDataset,IncrementalTaskArithmeticPipeline,1,,merged/val,forecast/mae,3,7 42 123,0.501235,0.019248,3.84
origin_etth1_window_f075,EtthForecastDataset,IncrementalTaskArithmeticPipeline,1,,merged/val,forecast/mse,3,7 42 123,0.438437,0.009696,2.212
origin_etth1_window_f075,EtthForecastDataset,IncrementalTaskArithmeticPipeline,1,,merged/val,forecast/rmse,3,7 42 123,0.662119,0.007299,1.102
origin_etth1_window_f0875,EtthForecastDataset,IncrementalTaskArithmeticPipeline,1,,baseline/test,forecast/mae,3,7 42 123,0.545411,0.021385,3.921
origin_etth1_window_f0875,EtthForecastDataset,IncrementalTaskArithmeticPipeline,1,,baseline/test,forecast/mse,3,7 42 123,0.604577,0.039303,6.501
origin_etth1_window_f0875,EtthForecastDataset,IncrementalTaskArithmeticPipeline,1,,baseline/test,forecast/rmse,3,7 42 123,0.777275,0.025123,3.232
origin_etth1_window_f0875,EtthForecastDataset,IncrementalTaskArithmeticPipeline,1,,finetune_0/test,forecast/mae,3,7 42 123,0.472891,0.025386,5.368
origin_etth1_window_f0875,EtthForecastDataset,IncrementalTaskArithmeticPipeline,1,,finetune_0/test,forecast/mse,3,7 42 123,0.419754,0.037414,8.913
origin_etth1_window_f0875,EtthForecastDataset,IncrementalTaskArithmeticPipeline,1,,finetune_0/test,forecast/rmse,3,7 42 123,0.647444,0.029255,4.518
origin_etth1_window_f0875,EtthForecastDataset,IncrementalTaskArithmeticPipeline,1,,merged/test,forecast/mae,3,7 42 123,0.472891,0.025386,5.368
origin_etth1_window_f0875,EtthForecastDataset,IncrementalTaskArithmeticPipeline,1,,merged/test,forecast/mse,3,7 42 123,0.419754,0.037414,8.913
origin_etth1_window_f0875,EtthForecastDataset,IncrementalTaskArithmeticPipeline,1,,merged/test,forecast/rmse,3,7 42 123,0.647444,0.029255,4.518
origin_etth1_window_f0875,EtthForecastDataset,IncrementalTaskArithmeticPipeline,1,,merged/val,forecast/mae,3,7 42 123,0.368426,0.013253,3.597
origin_etth1_window_f0875,EtthForecastDataset,IncrementalTaskArithmeticPipeline,1,,merged/val,forecast/mse,3,7 42 123,0.258509,0.016712,6.465
origin_etth1_window_f0875,EtthForecastDataset,IncrementalTaskArithmeticPipeline,1,,merged/val,forecast/rmse,3,7 42 123,0.508262,0.016376,3.222
origin_etth1_window_f10,EtthForecastDataset,IncrementalTaskArithmeticPipeline,1,,baseline/test,forecast/mae,3,7 42 123,0.611114,0.009803,1.604
origin_etth1_window_f10,EtthForecastDataset,IncrementalTaskArithmeticPipeline,1,,baseline/test,forecast/mse,3,7 42 123,0.714371,0.027867,3.901
origin_etth1_window_f10,EtthForecastDataset,IncrementalTaskArithmeticPipeline,1,,baseline/test,forecast/rmse,3,7 42 123,0.845099,0.016398,1.94
origin_etth1_window_f10,EtthForecastDataset,IncrementalTaskArithmeticPipeline,1,,finetune_0/test,forecast/mae,3,7 42 123,0.441652,0.006955,1.575
origin_etth1_window_f10,EtthForecastDataset,IncrementalTaskArithmeticPipeline,1,,finetune_0/test,forecast/mse,3,7 42 123,0.390707,0.007471,1.912
origin_etth1_window_f10,EtthForecastDataset,IncrementalTaskArithmeticPipeline,1,,finetune_0/test,forecast/rmse,3,7 42 123,0.625047,0.005968,0.955
origin_etth1_window_f10,EtthForecastDataset,IncrementalTaskArithmeticPipeline,1,,merged/test,forecast/mae,3,7 42 123,0.441652,0.006955,1.575
origin_etth1_window_f10,EtthForecastDataset,IncrementalTaskArithmeticPipeline,1,,merged/test,forecast/mse,3,7 42 123,0.390707,0.007471,1.912
origin_etth1_window_f10,EtthForecastDataset,IncrementalTaskArithmeticPipeline,1,,merged/test,forecast/rmse,3,7 42 123,0.625047,0.005968,0.955
origin_etth1_window_f10,EtthForecastDataset,IncrementalTaskArithmeticPipeline,1,,merged/val,forecast/mae,3,7 42 123,0.38601,0.000888,0.23
origin_etth1_window_f10,EtthForecastDataset,IncrementalTaskArithmeticPipeline,1,,merged/val,forecast/mse,3,7 42 123,0.300469,0.001828,0.608
origin_etth1_window_f10,EtthForecastDataset,IncrementalTaskArithmeticPipeline,1,,merged/val,forecast/rmse,3,7 42 123,0.548148,0.001668,0.304
origin_exchange_joint_f075,ExchangeRateForecastDataset,StandardPipeline,0,,train/test,forecast/mae,3,7 42 123,0.923898,0.096048,10.396
origin_exchange_joint_f075,ExchangeRateForecastDataset,StandardPipeline,0,,train/test,forecast/mse,3,7 42 123,1.384122,0.194455,14.049
origin_exchange_joint_f075,ExchangeRateForecastDataset,StandardPipeline,0,,train/test,forecast/rmse,3,7 42 123,1.174573,0.082162,6.995
origin_exchange_joint_f0875,ExchangeRateForecastDataset,StandardPipeline,0,,train/test,forecast/mae,3,7 42 123,1.23158,0.053841,4.372
origin_exchange_joint_f0875,ExchangeRateForecastDataset,StandardPipeline,0,,train/test,forecast/mse,3,7 42 123,2.048522,0.17741,8.66
origin_exchange_joint_f0875,ExchangeRateForecastDataset,StandardPipeline,0,,train/test,forecast/rmse,3,7 42 123,1.430391,0.061266,4.283
origin_exchange_joint_f10,ExchangeRateForecastDataset,StandardPipeline,0,,train/test,forecast/mae,3,7 42 123,0.506427,0.02047,4.042
origin_exchange_joint_f10,ExchangeRateForecastDataset,StandardPipeline,0,,train/test,forecast/mse,3,7 42 123,0.394,0.035546,9.022
origin_exchange_joint_f10,ExchangeRateForecastDataset,StandardPipeline,0,,train/test,forecast/rmse,3,7 42 123,0.627261,0.02855,4.552
origin_exchange_merge_f075,ExchangeRateForecastDataset,IncrementalTaskArithmeticPipeline,3,,baseline/test,forecast/mae,3,7 42 123,0.976126,0.072999,7.478
origin_exchange_merge_f075,ExchangeRateForecastDataset,IncrementalTaskArithmeticPipeline,3,,baseline/test,forecast/mse,3,7 42 123,1.582801,0.151371,9.563
origin_exchange_merge_f075,ExchangeRateForecastDataset,IncrementalTaskArithmeticPipeline,3,,baseline/test,forecast/rmse,3,7 42 123,1.257158,0.05942,4.726
origin_exchange_merge_f075,ExchangeRateForecastDataset,IncrementalTaskArithmeticPipeline,3,,finetune_0/test,forecast/mae,3,7 42 123,1.047646,0.068783,6.565
origin_exchange_merge_f075,ExchangeRateForecastDataset,IncrementalTaskArithmeticPipeline,3,,finetune_0/test,forecast/mse,3,7 42 123,1.672919,0.197798,11.824
origin_exchange_merge_f075,ExchangeRateForecastDataset,IncrementalTaskArithmeticPipeline,3,,finetune_0/test,forecast/rmse,3,7 42 123,1.291951,0.075306,5.829
origin_exchange_merge_f075,ExchangeRateForecastDataset,IncrementalTaskArithmeticPipeline,3,,finetune_1/test,forecast/mae,3,7 42 123,0.93616,0.040785,4.357
origin_exchange_merge_f075,ExchangeRateForecastDataset,IncrementalTaskArithmeticPipeline,3,,finetune_1/test,forecast/mse,3,7 42 123,1.428819,0.114501,8.014
origin_exchange_merge_f075,ExchangeRateForecastDataset,IncrementalTaskArithmeticPipeline,3,,finetune_1/test,forecast/rmse,3,7 42 123,1.194696,0.047763,3.998
origin_exchange_merge_f075,ExchangeRateForecastDataset,IncrementalTaskArithmeticPipeline,3,,finetune_2/test,forecast/mae,3,7 42 123,0.940124,0.043586,4.636
origin_exchange_merge_f075,ExchangeRateForecastDataset,IncrementalTaskArithmeticPipeline,3,,finetune_2/test,forecast/mse,3,7 42 123,1.401414,0.117624,8.393
origin_exchange_merge_f075,ExchangeRateForecastDataset,IncrementalTaskArithmeticPipeline,3,,finetune_2/test,forecast/rmse,3,7 42 123,1.183102,0.050254,4.248
origin_exchange_merge_f075,ExchangeRateForecastDataset,IncrementalTaskArithmeticPipeline,3,,merged/test,forecast/mae,3,7 42 123,0.91682,0.043119,4.703
origin_exchange_merge_f075,ExchangeRateForecastDataset,IncrementalTaskArithmeticPipeline,3,,merged/test,forecast/mse,3,7 42 123,1.331597,0.121556,9.129
origin_exchange_merge_f075,ExchangeRateForecastDataset,IncrementalTaskArithmeticPipeline,3,,merged/test,forecast/rmse,3,7 42 123,1.153156,0.052371,4.542
origin_exchange_merge_f075,ExchangeRateForecastDataset,IncrementalTaskArithmeticPipeline,3,,merged/val,forecast/mae,3,7 42 123,0.396437,0.017617,4.444
origin_exchange_merge_f075,ExchangeRateForecastDataset,IncrementalTaskArithmeticPipeline,3,,merged/val,forecast/mse,3,7 42 123,0.250159,0.010555,4.219
origin_exchange_merge_f075,ExchangeRateForecastDataset,IncrementalTaskArithmeticPipeline,3,,merged/val,forecast/rmse,3,7 42 123,0.500084,0.010598,2.119
origin_exchange_merge_f0875,ExchangeRateForecastDataset,IncrementalTaskArithmeticPipeline,3,,baseline/test,forecast/mae,3,7 42 123,1.388456,0.0134,0.965
origin_exchange_merge_f0875,ExchangeRateForecastDataset,IncrementalTaskArithmeticPipeline,3,,baseline/test,forecast/mse,3,7 42 123,2.501914,0.065969,2.637
origin_exchange_merge_f0875,ExchangeRateForecastDataset,IncrementalTaskArithmeticPipeline,3,,baseline/test,forecast/rmse,3,7 42 123,1.581653,0.020802,1.315
origin_exchange_merge_f0875,ExchangeRateForecastDataset,IncrementalTaskArithmeticPipeline,3,,finetune_0/test,forecast/mae,3,7 42 123,1.336445,0.016016,1.198
origin_exchange_merge_f0875,ExchangeRateForecastDataset,IncrementalTaskArithmeticPipeline,3,,finetune_0/test,forecast/mse,3,7 42 123,2.292812,0.051488,2.246
origin_exchange_merge_f0875,ExchangeRateForecastDataset,IncrementalTaskArithmeticPipeline,3,,finetune_0/test,forecast/rmse,3,7 42 123,1.51414,0.01703,1.125
origin_exchange_merge_f0875,ExchangeRateForecastDataset,IncrementalTaskArithmeticPipeline,3,,finetune_1/test,forecast/mae,3,7 42 123,1.401219,0.048513,3.462
origin_exchange_merge_f0875,ExchangeRateForecastDataset,IncrementalTaskArithmeticPipeline,3,,finetune_1/test,forecast/mse,3,7 42 123,2.374039,0.113516,4.782
origin_exchange_merge_f0875,ExchangeRateForecastDataset,IncrementalTaskArithmeticPipeline,3,,finetune_1/test,forecast/rmse,3,7 42 123,1.540502,0.036595,2.376
origin_exchange_merge_f0875,ExchangeRateForecastDataset,IncrementalTaskArithmeticPipeline,3,,finetune_2/test,forecast/mae,3,7 42 123,1.030292,0.009292,0.902
origin_exchange_merge_f0875,ExchangeRateForecastDataset,IncrementalTaskArithmeticPipeline,3,,finetune_2/test,forecast/mse,3,7 42 123,1.346938,0.012087,0.897
origin_exchange_merge_f0875,ExchangeRateForecastDataset,IncrementalTaskArithmeticPipeline,3,,finetune_2/test,forecast/rmse,3,7 42 123,1.160569,0.005204,0.448
origin_exchange_merge_f0875,ExchangeRateForecastDataset,IncrementalTaskArithmeticPipeline,3,,merged/test,forecast/mae,3,7 42 123,1.150422,0.012569,1.093
origin_exchange_merge_f0875,ExchangeRateForecastDataset,IncrementalTaskArithmeticPipeline,3,,merged/test,forecast/mse,3,7 42 123,1.602882,0.025625,1.599
origin_exchange_merge_f0875,ExchangeRateForecastDataset,IncrementalTaskArithmeticPipeline,3,,merged/test,forecast/rmse,3,7 42 123,1.266023,0.010142,0.801
origin_exchange_merge_f0875,ExchangeRateForecastDataset,IncrementalTaskArithmeticPipeline,3,,merged/val,forecast/mae,3,7 42 123,0.336961,0.010776,3.198
origin_exchange_merge_f0875,ExchangeRateForecastDataset,IncrementalTaskArithmeticPipeline,3,,merged/val,forecast/mse,3,7 42 123,0.17375,0.009614,5.533
origin_exchange_merge_f0875,ExchangeRateForecastDataset,IncrementalTaskArithmeticPipeline,3,,merged/val,forecast/rmse,3,7 42 123,0.416727,0.011508,2.762
origin_exchange_merge_f10,ExchangeRateForecastDataset,IncrementalTaskArithmeticPipeline,3,,baseline/test,forecast/mae,3,7 42 123,0.692258,0.014201,2.051
origin_exchange_merge_f10,ExchangeRateForecastDataset,IncrementalTaskArithmeticPipeline,3,,baseline/test,forecast/mse,3,7 42 123,0.744945,0.027948,3.752
origin_exchange_merge_f10,ExchangeRateForecastDataset,IncrementalTaskArithmeticPipeline,3,,baseline/test,forecast/rmse,3,7 42 123,0.863002,0.016148,1.871
origin_exchange_merge_f10,ExchangeRateForecastDataset,IncrementalTaskArithmeticPipeline,3,,finetune_0/test,forecast/mae,3,7 42 123,0.672778,0.015629,2.323
origin_exchange_merge_f10,ExchangeRateForecastDataset,IncrementalTaskArithmeticPipeline,3,,finetune_0/test,forecast/mse,3,7 42 123,0.671065,0.020271,3.021
origin_exchange_merge_f10,ExchangeRateForecastDataset,IncrementalTaskArithmeticPipeline,3,,finetune_0/test,forecast/rmse,3,7 42 123,0.819123,0.012424,1.517
origin_exchange_merge_f10,ExchangeRateForecastDataset,IncrementalTaskArithmeticPipeline,3,,finetune_1/test,forecast/mae,3,7 42 123,0.612537,0.01334,2.178
origin_exchange_merge_f10,ExchangeRateForecastDataset,IncrementalTaskArithmeticPipeline,3,,finetune_1/test,forecast/mse,3,7 42 123,0.547596,0.021841,3.988
origin_exchange_merge_f10,ExchangeRateForecastDataset,IncrementalTaskArithmeticPipeline,3,,finetune_1/test,forecast/rmse,3,7 42 123,0.7399,0.014677,1.984
origin_exchange_merge_f10,ExchangeRateForecastDataset,IncrementalTaskArithmeticPipeline,3,,finetune_2/test,forecast/mae,3,7 42 123,0.566286,0.055863,9.865
origin_exchange_merge_f10,ExchangeRateForecastDataset,IncrementalTaskArithmeticPipeline,3,,finetune_2/test,forecast/mse,3,7 42 123,0.533466,0.087363,16.376
origin_exchange_merge_f10,ExchangeRateForecastDataset,IncrementalTaskArithmeticPipeline,3,,finetune_2/test,forecast/rmse,3,7 42 123,0.728666,0.061383,8.424
origin_exchange_merge_f10,ExchangeRateForecastDataset,IncrementalTaskArithmeticPipeline,3,,merged/test,forecast/mae,3,7 42 123,0.50227,0.033338,6.638
origin_exchange_merge_f10,ExchangeRateForecastDataset,IncrementalTaskArithmeticPipeline,3,,merged/test,forecast/mse,3,7 42 123,0.348743,0.049011,14.054
origin_exchange_merge_f10,ExchangeRateForecastDataset,IncrementalTaskArithmeticPipeline,3,,merged/test,forecast/rmse,3,7 42 123,0.58958,0.041308,7.006
origin_exchange_merge_f10,ExchangeRateForecastDataset,IncrementalTaskArithmeticPipeline,3,,merged/val,forecast/mae,3,7 42 123,0.306984,0.004025,1.311
origin_exchange_merge_f10,ExchangeRateForecastDataset,IncrementalTaskArithmeticPipeline,3,,merged/val,forecast/mse,3,7 42 123,0.140986,0.003971,2.817
origin_exchange_merge_f10,ExchangeRateForecastDataset,IncrementalTaskArithmeticPipeline,3,,merged/val,forecast/rmse,3,7 42 123,0.375456,0.005274,1.405
origin_exchange_sequential_f075,ExchangeRateForecastDataset,ContinualFineTuningPipeline,3,,baseline/test,forecast/mae,3,7 42 123,0.973222,0.064685,6.646
origin_exchange_sequential_f075,ExchangeRateForecastDataset,ContinualFineTuningPipeline,3,,baseline/test,forecast/mse,3,7 42 123,1.552252,0.110687,7.131
origin_exchange_sequential_f075,ExchangeRateForecastDataset,ContinualFineTuningPipeline,3,,baseline/test,forecast/rmse,3,7 42 123,1.245375,0.04406,3.538
origin_exchange_sequential_f075,ExchangeRateForecastDataset,ContinualFineTuningPipeline,3,,continual_0/test,forecast/mae,3,7 42 123,1.063209,0.074318,6.99
origin_exchange_sequential_f075,ExchangeRateForecastDataset,ContinualFineTuningPipeline,3,,continual_0/test,forecast/mse,3,7 42 123,1.696108,0.176672,10.416
origin_exchange_sequential_f075,ExchangeRateForecastDataset,ContinualFineTuningPipeline,3,,continual_0/test,forecast/rmse,3,7 42 123,1.30116,0.0681,5.234
origin_exchange_sequential_f075,ExchangeRateForecastDataset,ContinualFineTuningPipeline,3,,continual_1/test,forecast/mae,3,7 42 123,0.944122,0.027834,2.948
origin_exchange_sequential_f075,ExchangeRateForecastDataset,ContinualFineTuningPipeline,3,,continual_1/test,forecast/mse,3,7 42 123,1.370364,0.095743,6.987
origin_exchange_sequential_f075,ExchangeRateForecastDataset,ContinualFineTuningPipeline,3,,continual_1/test,forecast/rmse,3,7 42 123,1.170157,0.040532,3.464
origin_exchange_sequential_f075,ExchangeRateForecastDataset,ContinualFineTuningPipeline,3,,continual_2/test,forecast/mae,3,7 42 123,0.939687,0.037287,3.968
origin_exchange_sequential_f075,ExchangeRateForecastDataset,ContinualFineTuningPipeline,3,,continual_2/test,forecast/mse,3,7 42 123,1.327112,0.104726,7.891
origin_exchange_sequential_f075,ExchangeRateForecastDataset,ContinualFineTuningPipeline,3,,continual_2/test,forecast/rmse,3,7 42 123,1.151417,0.04503,3.911
origin_exchange_sequential_f0875,ExchangeRateForecastDataset,ContinualFineTuningPipeline,3,,baseline/test,forecast/mae,3,7 42 123,1.398508,0.02782,1.989
origin_exchange_sequential_f0875,ExchangeRateForecastDataset,ContinualFineTuningPipeline,3,,baseline/test,forecast/mse,3,7 42 123,2.541503,0.112557,4.429
origin_exchange_sequential_f0875,ExchangeRateForecastDataset,ContinualFineTuningPipeline,3,,baseline/test,forecast/rmse,3,7 42 123,1.593948,0.03533,2.216
origin_exchange_sequential_f0875,ExchangeRateForecastDataset,ContinualFineTuningPipeline,3,,continual_0/test,forecast/mae,3,7 42 123,1.352589,0.028622,2.116
origin_exchange_sequential_f0875,ExchangeRateForecastDataset,ContinualFineTuningPipeline,3,,continual_0/test,forecast/mse,3,7 42 123,2.347236,0.106108,4.521
origin_exchange_sequential_f0875,ExchangeRateForecastDataset,ContinualFineTuningPipeline,3,,continual_0/test,forecast/rmse,3,7 42 123,1.53181,0.034547,2.255
origin_exchange_sequential_f0875,ExchangeRateForecastDataset,ContinualFineTuningPipeline,3,,continual_1/test,forecast/mae,3,7 42 123,1.332092,0.019749,1.483
origin_exchange_sequential_f0875,ExchangeRateForecastDataset,ContinualFineTuningPipeline,3,,continual_1/test,forecast/mse,3,7 42 123,2.080171,0.043384,2.086
origin_exchange_sequential_f0875,ExchangeRateForecastDataset,ContinualFineTuningPipeline,3,,continual_1/test,forecast/rmse,3,7 42 123,1.442227,0.015062,1.044
origin_exchange_sequential_f0875,ExchangeRateForecastDataset,ContinualFineTuningPipeline,3,,continual_2/test,forecast/mae,3,7 42 123,0.943869,0.007413,0.785
origin_exchange_sequential_f0875,ExchangeRateForecastDataset,ContinualFineTuningPipeline,3,,continual_2/test,forecast/mse,3,7 42 123,1.14854,0.013478,1.174
origin_exchange_sequential_f0875,ExchangeRateForecastDataset,ContinualFineTuningPipeline,3,,continual_2/test,forecast/rmse,3,7 42 123,1.071687,0.006279,0.586
origin_exchange_sequential_f10,ExchangeRateForecastDataset,ContinualFineTuningPipeline,3,,baseline/test,forecast/mae,3,7 42 123,0.681778,0.020333,2.982
origin_exchange_sequential_f10,ExchangeRateForecastDataset,ContinualFineTuningPipeline,3,,baseline/test,forecast/mse,3,7 42 123,0.714015,0.028741,4.025
origin_exchange_sequential_f10,ExchangeRateForecastDataset,ContinualFineTuningPipeline,3,,baseline/test,forecast/rmse,3,7 42 123,0.844878,0.017108,2.025
origin_exchange_sequential_f10,ExchangeRateForecastDataset,ContinualFineTuningPipeline,3,,continual_0/test,forecast/mae,3,7 42 123,0.653269,0.022459,3.438
origin_exchange_sequential_f10,ExchangeRateForecastDataset,ContinualFineTuningPipeline,3,,continual_0/test,forecast/mse,3,7 42 123,0.634653,0.031344,4.939
origin_exchange_sequential_f10,ExchangeRateForecastDataset,ContinualFineTuningPipeline,3,,continual_0/test,forecast/rmse,3,7 42 123,0.796491,0.019544,2.454
origin_exchange_sequential_f10,ExchangeRateForecastDataset,ContinualFineTuningPipeline,3,,continual_1/test,forecast/mae,3,7 42 123,0.609675,0.010023,1.644
origin_exchange_sequential_f10,ExchangeRateForecastDataset,ContinualFineTuningPipeline,3,,continual_1/test,forecast/mse,3,7 42 123,0.555965,0.019755,3.553
origin_exchange_sequential_f10,ExchangeRateForecastDataset,ContinualFineTuningPipeline,3,,continual_1/test,forecast/rmse,3,7 42 123,0.745553,0.013202,1.771
origin_exchange_sequential_f10,ExchangeRateForecastDataset,ContinualFineTuningPipeline,3,,continual_2/test,forecast/mae,3,7 42 123,0.470511,0.014155,3.008
origin_exchange_sequential_f10,ExchangeRateForecastDataset,ContinualFineTuningPipeline,3,,continual_2/test,forecast/mse,3,7 42 123,0.357732,0.022321,6.239
origin_exchange_sequential_f10,ExchangeRateForecastDataset,ContinualFineTuningPipeline,3,,continual_2/test,forecast/rmse,3,7 42 123,0.597915,0.018545,3.102
origin_exchange_window_f075,ExchangeRateForecastDataset,IncrementalTaskArithmeticPipeline,1,,baseline/test,forecast/mae,3,7 42 123,0.978731,0.080738,8.249
origin_exchange_window_f075,ExchangeRateForecastDataset,IncrementalTaskArithmeticPipeline,1,,baseline/test,forecast/mse,3,7 42 123,1.56149,0.152536,9.769
origin_exchange_window_f075,ExchangeRateForecastDataset,IncrementalTaskArithmeticPipeline,1,,baseline/test,forecast/rmse,3,7 42 123,1.248593,0.061304,4.91
origin_exchange_window_f075,ExchangeRateForecastDataset,IncrementalTaskArithmeticPipeline,1,,finetune_0/test,forecast/mae,3,7 42 123,0.930985,0.01849,1.986
origin_exchange_window_f075,ExchangeRateForecastDataset,IncrementalTaskArithmeticPipeline,1,,finetune_0/test,forecast/mse,3,7 42 123,1.315114,0.057748,4.391
origin_exchange_window_f075,ExchangeRateForecastDataset,IncrementalTaskArithmeticPipeline,1,,finetune_0/test,forecast/rmse,3,7 42 123,1.146598,0.025323,2.209
origin_exchange_window_f075,ExchangeRateForecastDataset,IncrementalTaskArithmeticPipeline,1,,merged/test,forecast/mae,3,7 42 123,0.90897,0.028912,3.181
origin_exchange_window_f075,ExchangeRateForecastDataset,IncrementalTaskArithmeticPipeline,1,,merged/test,forecast/mse,3,7 42 123,1.333168,0.07488,5.617
origin_exchange_window_f075,ExchangeRateForecastDataset,IncrementalTaskArithmeticPipeline,1,,merged/test,forecast/rmse,3,7 42 123,1.15433,0.032186,2.788
origin_exchange_window_f075,ExchangeRateForecastDataset,IncrementalTaskArithmeticPipeline,1,,merged/val,forecast/mae,3,7 42 123,0.361729,0.032422,8.963
origin_exchange_window_f075,ExchangeRateForecastDataset,IncrementalTaskArithmeticPipeline,1,,merged/val,forecast/mse,3,7 42 123,0.216864,0.029818,13.75
origin_exchange_window_f075,ExchangeRateForecastDataset,IncrementalTaskArithmeticPipeline,1,,merged/val,forecast/rmse,3,7 42 123,0.464921,0.032688,7.031
origin_exchange_window_f0875,ExchangeRateForecastDataset,IncrementalTaskArithmeticPipeline,1,,baseline/test,forecast/mae,3,7 42 123,1.409383,0.029471,2.091
origin_exchange_window_f0875,ExchangeRateForecastDataset,IncrementalTaskArithmeticPipeline,1,,baseline/test,forecast/mse,3,7 42 123,2.584115,0.138808,5.372
origin_exchange_window_f0875,ExchangeRateForecastDataset,IncrementalTaskArithmeticPipeline,1,,baseline/test,forecast/rmse,3,7 42 123,1.607137,0.042884,2.668
origin_exchange_window_f0875,ExchangeRateForecastDataset,IncrementalTaskArithmeticPipeline,1,,finetune_0/test,forecast/mae,3,7 42 123,1.025074,0.01468,1.432
origin_exchange_window_f0875,ExchangeRateForecastDataset,IncrementalTaskArithmeticPipeline,1,,finetune_0/test,forecast/mse,3,7 42 123,1.327058,0.029107,2.193
origin_exchange_window_f0875,ExchangeRateForecastDataset,IncrementalTaskArithmeticPipeline,1,,finetune_0/test,forecast/rmse,3,7 42 123,1.151934,0.012671,1.1
origin_exchange_window_f0875,ExchangeRateForecastDataset,IncrementalTaskArithmeticPipeline,1,,merged/test,forecast/mae,3,7 42 123,1.180683,0.020907,1.771
origin_exchange_window_f0875,ExchangeRateForecastDataset,IncrementalTaskArithmeticPipeline,1,,merged/test,forecast/mse,3,7 42 123,1.758466,0.074761,4.251
origin_exchange_window_f0875,ExchangeRateForecastDataset,IncrementalTaskArithmeticPipeline,1,,merged/test,forecast/rmse,3,7 42 123,1.325872,0.028205,2.127
origin_exchange_window_f0875,ExchangeRateForecastDataset,IncrementalTaskArithmeticPipeline,1,,merged/val,forecast/mae,3,7 42 123,0.326932,0.018179,5.561
origin_exchange_window_f0875,ExchangeRateForecastDataset,IncrementalTaskArithmeticPipeline,1,,merged/val,forecast/mse,3,7 42 123,0.180173,0.016567,9.195
origin_exchange_window_f0875,ExchangeRateForecastDataset,IncrementalTaskArithmeticPipeline,1,,merged/val,forecast/rmse,3,7 42 123,0.424171,0.01944,4.583
origin_exchange_window_f10,ExchangeRateForecastDataset,IncrementalTaskArithmeticPipeline,1,,baseline/test,forecast/mae,3,7 42 123,0.67919,0.039305,5.787
origin_exchange_window_f10,ExchangeRateForecastDataset,IncrementalTaskArithmeticPipeline,1,,baseline/test,forecast/mse,3,7 42 123,0.700868,0.073294,10.458
origin_exchange_window_f10,ExchangeRateForecastDataset,IncrementalTaskArithmeticPipeline,1,,baseline/test,forecast/rmse,3,7 42 123,0.836397,0.044294,5.296
origin_exchange_window_f10,ExchangeRateForecastDataset,IncrementalTaskArithmeticPipeline,1,,finetune_0/test,forecast/mae,3,7 42 123,0.38996,0.002093,0.537
origin_exchange_window_f10,ExchangeRateForecastDataset,IncrementalTaskArithmeticPipeline,1,,finetune_0/test,forecast/mse,3,7 42 123,0.203436,0.004327,2.127
origin_exchange_window_f10,ExchangeRateForecastDataset,IncrementalTaskArithmeticPipeline,1,,finetune_0/test,forecast/rmse,3,7 42 123,0.451021,0.004791,1.062
origin_exchange_window_f10,ExchangeRateForecastDataset,IncrementalTaskArithmeticPipeline,1,,merged/test,forecast/mae,3,7 42 123,0.460529,0.026366,5.725
origin_exchange_window_f10,ExchangeRateForecastDataset,IncrementalTaskArithmeticPipeline,1,,merged/test,forecast/mse,3,7 42 123,0.305319,0.035748,11.708
origin_exchange_window_f10,ExchangeRateForecastDataset,IncrementalTaskArithmeticPipeline,1,,merged/test,forecast/rmse,3,7 42 123,0.55192,0.032462,5.882
origin_exchange_window_f10,ExchangeRateForecastDataset,IncrementalTaskArithmeticPipeline,1,,merged/val,forecast/mae,3,7 42 123,0.405132,0.002707,0.668
origin_exchange_window_f10,ExchangeRateForecastDataset,IncrementalTaskArithmeticPipeline,1,,merged/val,forecast/mse,3,7 42 123,0.278317,0.002326,0.836
origin_exchange_window_f10,ExchangeRateForecastDataset,IncrementalTaskArithmeticPipeline,1,,merged/val,forecast/rmse,3,7 42 123,0.527554,0.002207,0.418
psm_selection_probe,Psm,IncrementalTaskArithmeticPipeline,3,,baseline/test,event_f1,1,42,0.229437,0.0,0.0
psm_selection_probe,Psm,IncrementalTaskArithmeticPipeline,3,,baseline/test,event_fn,1,42,18.0,0.0,0.0
psm_selection_probe,Psm,IncrementalTaskArithmeticPipeline,3,,baseline/test,event_fp,1,42,338.0,0.0,0.0
psm_selection_probe,Psm,IncrementalTaskArithmeticPipeline,3,,baseline/test,event_precision,1,42,0.13555,0.0,0.0
psm_selection_probe,Psm,IncrementalTaskArithmeticPipeline,3,,baseline/test,event_recall,1,42,0.746479,0.0,0.0
psm_selection_probe,Psm,IncrementalTaskArithmeticPipeline,3,,baseline/test,event_tp,1,42,53.0,0.0,0.0
psm_selection_probe,Psm,IncrementalTaskArithmeticPipeline,3,,baseline/test,pa_f1,1,42,0.80667,0.0,0.0
psm_selection_probe,Psm,IncrementalTaskArithmeticPipeline,3,,baseline/test,pa_precision,1,42,0.963911,0.0,0.0
psm_selection_probe,Psm,IncrementalTaskArithmeticPipeline,3,,baseline/test,pa_recall,1,42,0.693535,0.0,0.0
psm_selection_probe,Psm,IncrementalTaskArithmeticPipeline,3,,baseline/test,point_auprc,1,42,0.563,0.0,0.0
psm_selection_probe,Psm,IncrementalTaskArithmeticPipeline,3,,baseline/test,point_auroc,1,42,0.77115,0.0,0.0
psm_selection_probe,Psm,IncrementalTaskArithmeticPipeline,3,,baseline/test,point_f1,1,42,0.58171,0.0,0.0
psm_selection_probe,Psm,IncrementalTaskArithmeticPipeline,3,,baseline/test,point_precision,1,42,0.472867,0.0,0.0
psm_selection_probe,Psm,IncrementalTaskArithmeticPipeline,3,,baseline/test,point_recall,1,42,0.75564,0.0,0.0
psm_selection_probe,Psm,IncrementalTaskArithmeticPipeline,3,,baseline/test,window_auprc,1,42,0.63787,0.0,0.0
psm_selection_probe,Psm,IncrementalTaskArithmeticPipeline,3,,baseline/test,window_auroc,1,42,0.774034,0.0,0.0
psm_selection_probe,Psm,IncrementalTaskArithmeticPipeline,3,,baseline/test,window_f1,1,42,0.636083,0.0,0.0
psm_selection_probe,Psm,IncrementalTaskArithmeticPipeline,3,,baseline/test,window_precision,1,42,0.516209,0.0,0.0
psm_selection_probe,Psm,IncrementalTaskArithmeticPipeline,3,,baseline/test,window_recall,1,42,0.828473,0.0,0.0
psm_selection_probe,Psm,IncrementalTaskArithmeticPipeline,3,,finetune_0/test,event_f1,1,42,0.295739,0.0,0.0
psm_selection_probe,Psm,IncrementalTaskArithmeticPipeline,3,,finetune_0/test,event_fn,1,42,12.0,0.0,0.0
psm_selection_probe,Psm,IncrementalTaskArithmeticPipeline,3,,finetune_0/test,event_fp,1,42,269.0,0.0,0.0
psm_selection_probe,Psm,IncrementalTaskArithmeticPipeline,3,,finetune_0/test,event_precision,1,42,0.179878,0.0,0.0
psm_selection_probe,Psm,IncrementalTaskArithmeticPipeline,3,,finetune_0/test,event_recall,1,42,0.830986,0.0,0.0
psm_selection_probe,Psm,IncrementalTaskArithmeticPipeline,3,,finetune_0/test,event_tp,1,42,59.0,0.0,0.0
psm_selection_probe,Psm,IncrementalTaskArithmeticPipeline,3,,finetune_0/test,pa_f1,1,42,0.76672,0.0,0.0
psm_selection_probe,Psm,IncrementalTaskArithmeticPipeline,3,,finetune_0/test,pa_precision,1,42,0.663687,0.0,0.0
psm_selection_probe,Psm,IncrementalTaskArithmeticPipeline,3,,finetune_0/test,pa_recall,1,42,0.907622,0.0,0.0
psm_selection_probe,Psm,IncrementalTaskArithmeticPipeline,3,,finetune_0/test,point_auprc,1,42,0.553506,0.0,0.0
psm_selection_probe,Psm,IncrementalTaskArithmeticPipeline,3,,finetune_0/test,point_auroc,1,42,0.776837,0.0,0.0
psm_selection_probe,Psm,IncrementalTaskArithmeticPipeline,3,,finetune_0/test,point_f1,1,42,0.595679,0.0,0.0
psm_selection_probe,Psm,IncrementalTaskArithmeticPipeline,3,,finetune_0/test,point_precision,1,42,0.494858,0.0,0.0
psm_selection_probe,Psm,IncrementalTaskArithmeticPipeline,3,,finetune_0/test,point_recall,1,42,0.748093,0.0,0.0
psm_selection_probe,Psm,IncrementalTaskArithmeticPipeline,3,,finetune_0/test,window_auprc,1,42,0.637005,0.0,0.0
psm_selection_probe,Psm,IncrementalTaskArithmeticPipeline,3,,finetune_0/test,window_auroc,1,42,0.783183,0.0,0.0
psm_selection_probe,Psm,IncrementalTaskArithmeticPipeline,3,,finetune_0/test,window_f1,1,42,0.651698,0.0,0.0
psm_selection_probe,Psm,IncrementalTaskArithmeticPipeline,3,,finetune_0/test,window_precision,1,42,0.585429,0.0,0.0
psm_selection_probe,Psm,IncrementalTaskArithmeticPipeline,3,,finetune_0/test,window_recall,1,42,0.734885,0.0,0.0
psm_selection_probe,Psm,IncrementalTaskArithmeticPipeline,3,,finetune_1/test,event_f1,1,42,0.197138,0.0,0.0
psm_selection_probe,Psm,IncrementalTaskArithmeticPipeline,3,,finetune_1/test,event_fn,1,42,9.0,0.0,0.0
psm_selection_probe,Psm,IncrementalTaskArithmeticPipeline,3,,finetune_1/test,event_fp,1,42,496.0,0.0,0.0
psm_selection_probe,Psm,IncrementalTaskArithmeticPipeline,3,,finetune_1/test,event_precision,1,42,0.111111,0.0,0.0
psm_selection_probe,Psm,IncrementalTaskArithmeticPipeline,3,,finetune_1/test,event_recall,1,42,0.873239,0.0,0.0
psm_selection_probe,Psm,IncrementalTaskArithmeticPipeline,3,,finetune_1/test,event_tp,1,42,62.0,0.0,0.0
psm_selection_probe,Psm,IncrementalTaskArithmeticPipeline,3,,finetune_1/test,pa_f1,1,42,0.767454,0.0,0.0
psm_selection_probe,Psm,IncrementalTaskArithmeticPipeline,3,,finetune_1/test,pa_precision,1,42,0.650282,0.0,0.0
psm_selection_probe,Psm,IncrementalTaskArithmeticPipeline,3,,finetune_1/test,pa_recall,1,42,0.936131,0.0,0.0
psm_selection_probe,Psm,IncrementalTaskArithmeticPipeline,3,,finetune_1/test,point_auprc,1,42,0.559762,0.0,0.0
psm_selection_probe,Psm,IncrementalTaskArithmeticPipeline,3,,finetune_1/test,point_auroc,1,42,0.789332,0.0,0.0
psm_selection_probe,Psm,IncrementalTaskArithmeticPipeline,3,,finetune_1/test,point_f1,1,42,0.596345,0.0,0.0
psm_selection_probe,Psm,IncrementalTaskArithmeticPipeline,3,,finetune_1/test,point_precision,1,42,0.44078,0.0,0.0
psm_selection_probe,Psm,IncrementalTaskArithmeticPipeline,3,,finetune_1/test,point_recall,1,42,0.92161,0.0,0.0
psm_selection_probe,Psm,IncrementalTaskArithmeticPipeline,3,,finetune_1/test,window_auprc,1,42,0.641909,0.0,0.0
psm_selection_probe,Psm,IncrementalTaskArithmeticPipeline,3,,finetune_1/test,window_auroc,1,42,0.793572,0.0,0.0
psm_selection_probe,Psm,IncrementalTaskArithmeticPipeline,3,,finetune_1/test,window_f1,1,42,0.654558,0.0,0.0
psm_selection_probe,Psm,IncrementalTaskArithmeticPipeline,3,,finetune_1/test,window_precision,1,42,0.516843,0.0,0.0
psm_selection_probe,Psm,IncrementalTaskArithmeticPipeline,3,,finetune_1/test,window_recall,1,42,0.892321,0.0,0.0
psm_selection_probe,Psm,IncrementalTaskArithmeticPipeline,3,,finetune_2/test,event_f1,1,42,0.214533,0.0,0.0
psm_selection_probe,Psm,IncrementalTaskArithmeticPipeline,3,,finetune_2/test,event_fn,1,42,9.0,0.0,0.0
psm_selection_probe,Psm,IncrementalTaskArithmeticPipeline,3,,finetune_2/test,event_fp,1,42,445.0,0.0,0.0
psm_selection_probe,Psm,IncrementalTaskArithmeticPipeline,3,,finetune_2/test,event_precision,1,42,0.122288,0.0,0.0
psm_selection_probe,Psm,IncrementalTaskArithmeticPipeline,3,,finetune_2/test,event_recall,1,42,0.873239,0.0,0.0
psm_selection_probe,Psm,IncrementalTaskArithmeticPipeline,3,,finetune_2/test,event_tp,1,42,62.0,0.0,0.0
psm_selection_probe,Psm,IncrementalTaskArithmeticPipeline,3,,finetune_2/test,pa_f1,1,42,0.766746,0.0,0.0
psm_selection_probe,Psm,IncrementalTaskArithmeticPipeline,3,,finetune_2/test,pa_precision,1,42,0.663727,0.0,0.0
psm_selection_probe,Psm,IncrementalTaskArithmeticPipeline,3,,finetune_2/test,pa_recall,1,42,0.907622,0.0,0.0
psm_selection_probe,Psm,IncrementalTaskArithmeticPipeline,3,,finetune_2/test,point_auprc,1,42,0.556359,0.0,0.0
psm_selection_probe,Psm,IncrementalTaskArithmeticPipeline,3,,finetune_2/test,point_auroc,1,42,0.790216,0.0,0.0
psm_selection_probe,Psm,IncrementalTaskArithmeticPipeline,3,,finetune_2/test,point_f1,1,42,0.597933,0.0,0.0
psm_selection_probe,Psm,IncrementalTaskArithmeticPipeline,3,,finetune_2/test,point_precision,1,42,0.445767,0.0,0.0
psm_selection_probe,Psm,IncrementalTaskArithmeticPipeline,3,,finetune_2/test,point_recall,1,42,0.907827,0.0,0.0
psm_selection_probe,Psm,IncrementalTaskArithmeticPipeline,3,,finetune_2/test,window_auprc,1,42,0.63771,0.0,0.0
psm_selection_probe,Psm,IncrementalTaskArithmeticPipeline,3,,finetune_2/test,window_auroc,1,42,0.79322,0.0,0.0
psm_selection_probe,Psm,IncrementalTaskArithmeticPipeline,3,,finetune_2/test,window_f1,1,42,0.655722,0.0,0.0
psm_selection_probe,Psm,IncrementalTaskArithmeticPipeline,3,,finetune_2/test,window_precision,1,42,0.518319,0.0,0.0
psm_selection_probe,Psm,IncrementalTaskArithmeticPipeline,3,,finetune_2/test,window_recall,1,42,0.892253,0.0,0.0
psm_selection_probe,Psm,IncrementalTaskArithmeticPipeline,3,,merged/test,event_f1,1,42,0.274882,0.0,0.0
psm_selection_probe,Psm,IncrementalTaskArithmeticPipeline,3,,merged/test,event_fn,1,42,13.0,0.0,0.0
psm_selection_probe,Psm,IncrementalTaskArithmeticPipeline,3,,merged/test,event_fp,1,42,293.0,0.0,0.0
psm_selection_probe,Psm,IncrementalTaskArithmeticPipeline,3,,merged/test,event_precision,1,42,0.165242,0.0,0.0
psm_selection_probe,Psm,IncrementalTaskArithmeticPipeline,3,,merged/test,event_recall,1,42,0.816901,0.0,0.0
psm_selection_probe,Psm,IncrementalTaskArithmeticPipeline,3,,merged/test,event_tp,1,42,58.0,0.0,0.0
psm_selection_probe,Psm,IncrementalTaskArithmeticPipeline,3,,merged/test,pa_f1,1,42,0.771622,0.0,0.0
psm_selection_probe,Psm,IncrementalTaskArithmeticPipeline,3,,merged/test,pa_precision,1,42,0.657444,0.0,0.0
psm_selection_probe,Psm,IncrementalTaskArithmeticPipeline,3,,merged/test,pa_recall,1,42,0.933793,0.0,0.0
psm_selection_probe,Psm,IncrementalTaskArithmeticPipeline,3,,merged/test,point_auprc,1,42,0.566287,0.0,0.0
psm_selection_probe,Psm,IncrementalTaskArithmeticPipeline,3,,merged/test,point_auroc,1,42,0.8019,0.0,0.0
psm_selection_probe,Psm,IncrementalTaskArithmeticPipeline,3,,merged/test,point_f1,1,42,0.628867,0.0,0.0
psm_selection_probe,Psm,IncrementalTaskArithmeticPipeline,3,,merged/test,point_precision,1,42,0.482255,0.0,0.0
psm_selection_probe,Psm,IncrementalTaskArithmeticPipeline,3,,merged/test,point_recall,1,42,0.903561,0.0,0.0
psm_selection_probe,Psm,IncrementalTaskArithmeticPipeline,3,,merged/test,window_auprc,1,42,0.646663,0.0,0.0
psm_selection_probe,Psm,IncrementalTaskArithmeticPipeline,3,,merged/test,window_auroc,1,42,0.799106,0.0,0.0
psm_selection_probe,Psm,IncrementalTaskArithmeticPipeline,3,,merged/test,window_f1,1,42,0.678997,0.0,0.0
psm_selection_probe,Psm,IncrementalTaskArithmeticPipeline,3,,merged/test,window_precision,1,42,0.553835,0.0,0.0
psm_selection_probe,Psm,IncrementalTaskArithmeticPipeline,3,,merged/test,window_recall,1,42,0.877248,0.0,0.0
psm_selection_probe,Psm,IncrementalTaskArithmeticPipeline,3,,merged/val,reconstruction/score_mean,1,42,0.294078,0.0,0.0
psm_selection_probe,Psm,IncrementalTaskArithmeticPipeline,3,,merged/val,reconstruction/score_p50,1,42,0.220572,0.0,0.0
psm_selection_probe,Psm,IncrementalTaskArithmeticPipeline,3,,merged/val,reconstruction/score_p95,1,42,0.765025,0.0,0.0
psm_selection_probe,Psm,IncrementalTaskArithmeticPipeline,3,,merged/val,reconstruction/score_p99,1,42,1.650068,0.0,0.0
psm_selection_probe,Psm,IncrementalTaskArithmeticPipeline,3,,merged/val,reconstruction/score_std,1,42,0.248613,0.0,0.0
psmfc_smoke,PsmForecastDataset,IncrementalTaskArithmeticPipeline,3,,baseline/test,forecast/mae,1,7,0.397809,0.0,0.0
psmfc_smoke,PsmForecastDataset,IncrementalTaskArithmeticPipeline,3,,baseline/test,forecast/mse,1,7,0.495189,0.0,0.0
psmfc_smoke,PsmForecastDataset,IncrementalTaskArithmeticPipeline,3,,baseline/test,forecast/rmse,1,7,0.703697,0.0,0.0
psmfc_smoke,PsmForecastDataset,IncrementalTaskArithmeticPipeline,3,,finetune_0/test,forecast/mae,1,7,0.411112,0.0,0.0
psmfc_smoke,PsmForecastDataset,IncrementalTaskArithmeticPipeline,3,,finetune_0/test,forecast/mse,1,7,0.463795,0.0,0.0
psmfc_smoke,PsmForecastDataset,IncrementalTaskArithmeticPipeline,3,,finetune_0/test,forecast/rmse,1,7,0.681025,0.0,0.0
psmfc_smoke,PsmForecastDataset,IncrementalTaskArithmeticPipeline,3,,finetune_1/test,forecast/mae,1,7,0.421838,0.0,0.0
psmfc_smoke,PsmForecastDataset,IncrementalTaskArithmeticPipeline,3,,finetune_1/test,forecast/mse,1,7,0.420518,0.0,0.0
psmfc_smoke,PsmForecastDataset,IncrementalTaskArithmeticPipeline,3,,finetune_1/test,forecast/rmse,1,7,0.648474,0.0,0.0
psmfc_smoke,PsmForecastDataset,IncrementalTaskArithmeticPipeline,3,,finetune_2/test,forecast/mae,1,7,0.393002,0.0,0.0
psmfc_smoke,PsmForecastDataset,IncrementalTaskArithmeticPipeline,3,,finetune_2/test,forecast/mse,1,7,0.412822,0.0,0.0
psmfc_smoke,PsmForecastDataset,IncrementalTaskArithmeticPipeline,3,,finetune_2/test,forecast/rmse,1,7,0.642512,0.0,0.0
psmfc_smoke,PsmForecastDataset,IncrementalTaskArithmeticPipeline,3,,merged/test,forecast/mae,1,7,0.718273,0.0,0.0
psmfc_smoke,PsmForecastDataset,IncrementalTaskArithmeticPipeline,3,,merged/test,forecast/mse,1,7,0.965308,0.0,0.0
psmfc_smoke,PsmForecastDataset,IncrementalTaskArithmeticPipeline,3,,merged/test,forecast/rmse,1,7,0.982501,0.0,0.0
psmfc_smoke,PsmForecastDataset,IncrementalTaskArithmeticPipeline,3,,merged/val,forecast/mae,1,7,0.551843,0.0,0.0
psmfc_smoke,PsmForecastDataset,IncrementalTaskArithmeticPipeline,3,,merged/val,forecast/mse,1,7,0.702312,0.0,0.0
psmfc_smoke,PsmForecastDataset,IncrementalTaskArithmeticPipeline,3,,merged/val,forecast/rmse,1,7,0.838041,0.0,0.0
segsweep_etth1_merge_n2,EtthForecastDataset,IncrementalTaskArithmeticPipeline,2,merge,baseline/test,forecast/mae,3,7 42 123,0.622366,0.004593,0.738
segsweep_etth1_merge_n2,EtthForecastDataset,IncrementalTaskArithmeticPipeline,2,merge,baseline/test,forecast/mse,3,7 42 123,0.728958,0.023062,3.164
segsweep_etth1_merge_n2,EtthForecastDataset,IncrementalTaskArithmeticPipeline,2,merge,baseline/test,forecast/rmse,3,7 42 123,0.853719,0.013496,1.581
segsweep_etth1_merge_n2,EtthForecastDataset,IncrementalTaskArithmeticPipeline,2,merge,finetune_0/test,forecast/mae,3,7 42 123,0.576379,0.004378,0.76
segsweep_etth1_merge_n2,EtthForecastDataset,IncrementalTaskArithmeticPipeline,2,merge,finetune_0/test,forecast/mse,3,7 42 123,0.583605,0.019908,3.411
segsweep_etth1_merge_n2,EtthForecastDataset,IncrementalTaskArithmeticPipeline,2,merge,finetune_0/test,forecast/rmse,3,7 42 123,0.763866,0.013095,1.714
segsweep_etth1_merge_n2,EtthForecastDataset,IncrementalTaskArithmeticPipeline,2,merge,finetune_1/test,forecast/mae,3,7 42 123,0.45302,0.010983,2.424
segsweep_etth1_merge_n2,EtthForecastDataset,IncrementalTaskArithmeticPipeline,2,merge,finetune_1/test,forecast/mse,3,7 42 123,0.416247,0.016957,4.074
segsweep_etth1_merge_n2,EtthForecastDataset,IncrementalTaskArithmeticPipeline,2,merge,finetune_1/test,forecast/rmse,3,7 42 123,0.645083,0.013097,2.03
segsweep_etth1_merge_n2,EtthForecastDataset,IncrementalTaskArithmeticPipeline,2,merge,merged/test,forecast/mae,3,7 42 123,0.481175,0.008924,1.855
segsweep_etth1_merge_n2,EtthForecastDataset,IncrementalTaskArithmeticPipeline,2,merge,merged/test,forecast/mse,3,7 42 123,0.459709,0.01414,3.076
segsweep_etth1_merge_n2,EtthForecastDataset,IncrementalTaskArithmeticPipeline,2,merge,merged/test,forecast/rmse,3,7 42 123,0.677965,0.010391,1.533
segsweep_etth1_merge_n2,EtthForecastDataset,IncrementalTaskArithmeticPipeline,2,merge,merged/val,forecast/mae,3,7 42 123,0.420738,0.003883,0.923
segsweep_etth1_merge_n2,EtthForecastDataset,IncrementalTaskArithmeticPipeline,2,merge,merged/val,forecast/mse,3,7 42 123,0.356968,0.005708,1.599
segsweep_etth1_merge_n2,EtthForecastDataset,IncrementalTaskArithmeticPipeline,2,merge,merged/val,forecast/rmse,3,7 42 123,0.597455,0.00478,0.8
segsweep_etth1_merge_n2,EtthForecastDataset,IncrementalTaskArithmeticPipeline,2,merge,merged/val,merge_scale/selected,3,7 42 123,0.5,0.0,0.0
segsweep_etth1_merge_n5,EtthForecastDataset,IncrementalTaskArithmeticPipeline,5,merge,baseline/test,forecast/mae,3,7 42 123,0.599922,0.018396,3.066
segsweep_etth1_merge_n5,EtthForecastDataset,IncrementalTaskArithmeticPipeline,5,merge,baseline/test,forecast/mse,3,7 42 123,0.705769,0.05102,7.229
segsweep_etth1_merge_n5,EtthForecastDataset,IncrementalTaskArithmeticPipeline,5,merge,baseline/test,forecast/rmse,3,7 42 123,0.839735,0.030366,3.616
segsweep_etth1_merge_n5,EtthForecastDataset,IncrementalTaskArithmeticPipeline,5,merge,finetune_0/test,forecast/mae,3,7 42 123,0.606382,0.041894,6.909
segsweep_etth1_merge_n5,EtthForecastDataset,IncrementalTaskArithmeticPipeline,5,merge,finetune_0/test,forecast/mse,3,7 42 123,0.672514,0.070454,10.476
segsweep_etth1_merge_n5,EtthForecastDataset,IncrementalTaskArithmeticPipeline,5,merge,finetune_0/test,forecast/rmse,3,7 42 123,0.819322,0.04288,5.234
segsweep_etth1_merge_n5,EtthForecastDataset,IncrementalTaskArithmeticPipeline,5,merge,finetune_1/test,forecast/mae,3,7 42 123,0.563038,0.019836,3.523
segsweep_etth1_merge_n5,EtthForecastDataset,IncrementalTaskArithmeticPipeline,5,merge,finetune_1/test,forecast/mse,3,7 42 123,0.575629,0.046106,8.01
segsweep_etth1_merge_n5,EtthForecastDataset,IncrementalTaskArithmeticPipeline,5,merge,finetune_1/test,forecast/rmse,3,7 42 123,0.758295,0.030426,4.012
segsweep_etth1_merge_n5,EtthForecastDataset,IncrementalTaskArithmeticPipeline,5,merge,finetune_2/test,forecast/mae,3,7 42 123,0.504671,0.027812,5.511
segsweep_etth1_merge_n5,EtthForecastDataset,IncrementalTaskArithmeticPipeline,5,merge,finetune_2/test,forecast/mse,3,7 42 123,0.49017,0.058637,11.963
segsweep_etth1_merge_n5,EtthForecastDataset,IncrementalTaskArithmeticPipeline,5,merge,finetune_2/test,forecast/rmse,3,7 42 123,0.699312,0.041224,5.895
segsweep_etth1_merge_n5,EtthForecastDataset,IncrementalTaskArithmeticPipeline,5,merge,finetune_3/test,forecast/mae,3,7 42 123,0.467173,0.004493,0.962
segsweep_etth1_merge_n5,EtthForecastDataset,IncrementalTaskArithmeticPipeline,5,merge,finetune_3/test,forecast/mse,3,7 42 123,0.426411,0.008128,1.906
segsweep_etth1_merge_n5,EtthForecastDataset,IncrementalTaskArithmeticPipeline,5,merge,finetune_3/test,forecast/rmse,3,7 42 123,0.652981,0.006229,0.954
segsweep_etth1_merge_n5,EtthForecastDataset,IncrementalTaskArithmeticPipeline,5,merge,finetune_4/test,forecast/mae,3,7 42 123,0.495478,0.005233,1.056
segsweep_etth1_merge_n5,EtthForecastDataset,IncrementalTaskArithmeticPipeline,5,merge,finetune_4/test,forecast/mse,3,7 42 123,0.46444,0.010837,2.333
segsweep_etth1_merge_n5,EtthForecastDataset,IncrementalTaskArithmeticPipeline,5,merge,finetune_4/test,forecast/rmse,3,7 42 123,0.681467,0.007944,1.166
segsweep_etth1_merge_n5,EtthForecastDataset,IncrementalTaskArithmeticPipeline,5,merge,merged/test,forecast/mae,3,7 42 123,0.476261,0.009376,1.969
segsweep_etth1_merge_n5,EtthForecastDataset,IncrementalTaskArithmeticPipeline,5,merge,merged/test,forecast/mse,3,7 42 123,0.451689,0.022118,4.897
segsweep_etth1_merge_n5,EtthForecastDataset,IncrementalTaskArithmeticPipeline,5,merge,merged/test,forecast/rmse,3,7 42 123,0.671946,0.016349,2.433
segsweep_etth1_merge_n5,EtthForecastDataset,IncrementalTaskArithmeticPipeline,5,merge,merged/val,forecast/mae,3,7 42 123,0.416376,0.002753,0.661
segsweep_etth1_merge_n5,EtthForecastDataset,IncrementalTaskArithmeticPipeline,5,merge,merged/val,forecast/mse,3,7 42 123,0.330441,0.004758,1.44
segsweep_etth1_merge_n5,EtthForecastDataset,IncrementalTaskArithmeticPipeline,5,merge,merged/val,forecast/rmse,3,7 42 123,0.57483,0.00413,0.718
segsweep_etth1_merge_n5,EtthForecastDataset,IncrementalTaskArithmeticPipeline,5,merge,merged/val,merge_scale/selected,3,7 42 123,0.2,0.0,0.0
segsweep_etth1_seq_n2,EtthForecastDataset,ContinualFineTuningPipeline,2,sequential,baseline/test,forecast/mae,3,7 42 123,0.62693,0.021061,3.359
segsweep_etth1_seq_n2,EtthForecastDataset,ContinualFineTuningPipeline,2,sequential,baseline/test,forecast/mse,3,7 42 123,0.75227,0.038671,5.141
segsweep_etth1_seq_n2,EtthForecastDataset,ContinualFineTuningPipeline,2,sequential,baseline/test,forecast/rmse,3,7 42 123,0.867141,0.022435,2.587
segsweep_etth1_seq_n2,EtthForecastDataset,ContinualFineTuningPipeline,2,sequential,continual_0/test,forecast/mae,3,7 42 123,0.57785,0.010931,1.892
segsweep_etth1_seq_n2,EtthForecastDataset,ContinualFineTuningPipeline,2,sequential,continual_0/test,forecast/mse,3,7 42 123,0.585667,0.023133,3.95
segsweep_etth1_seq_n2,EtthForecastDataset,ContinualFineTuningPipeline,2,sequential,continual_0/test,forecast/rmse,3,7 42 123,0.765188,0.015202,1.987
segsweep_etth1_seq_n2,EtthForecastDataset,ContinualFineTuningPipeline,2,sequential,continual_1/test,forecast/mae,3,7 42 123,0.450362,0.003988,0.886
segsweep_etth1_seq_n2,EtthForecastDataset,ContinualFineTuningPipeline,2,sequential,continual_1/test,forecast/mse,3,7 42 123,0.40781,0.007839,1.922
segsweep_etth1_seq_n2,EtthForecastDataset,ContinualFineTuningPipeline,2,sequential,continual_1/test,forecast/rmse,3,7 42 123,0.63858,0.006148,0.963
segsweep_etth1_seq_n5,EtthForecastDataset,ContinualFineTuningPipeline,5,sequential,baseline/test,forecast/mae,3,7 42 123,0.622659,0.008467,1.36
segsweep_etth1_seq_n5,EtthForecastDataset,ContinualFineTuningPipeline,5,sequential,baseline/test,forecast/mse,3,7 42 123,0.739497,0.023734,3.209
segsweep_etth1_seq_n5,EtthForecastDataset,ContinualFineTuningPipeline,5,sequential,baseline/test,forecast/rmse,3,7 42 123,0.859867,0.013738,1.598
segsweep_etth1_seq_n5,EtthForecastDataset,ContinualFineTuningPipeline,5,sequential,continual_0/test,forecast/mae,3,7 42 123,0.633035,0.011162,1.763
segsweep_etth1_seq_n5,EtthForecastDataset,ContinualFineTuningPipeline,5,sequential,continual_0/test,forecast/mse,3,7 42 123,0.715676,0.02032,2.839
segsweep_etth1_seq_n5,EtthForecastDataset,ContinualFineTuningPipeline,5,sequential,continual_0/test,forecast/rmse,3,7 42 123,0.845919,0.012055,1.425
segsweep_etth1_seq_n5,EtthForecastDataset,ContinualFineTuningPipeline,5,sequential,continual_1/test,forecast/mae,3,7 42 123,0.575578,0.005901,1.025
segsweep_etth1_seq_n5,EtthForecastDataset,ContinualFineTuningPipeline,5,sequential,continual_1/test,forecast/mse,3,7 42 123,0.580074,0.016759,2.889
segsweep_etth1_seq_n5,EtthForecastDataset,ContinualFineTuningPipeline,5,sequential,continual_1/test,forecast/rmse,3,7 42 123,0.761572,0.011047,1.45
segsweep_etth1_seq_n5,EtthForecastDataset,ContinualFineTuningPipeline,5,sequential,continual_2/test,forecast/mae,3,7 42 123,0.549093,0.017336,3.157
segsweep_etth1_seq_n5,EtthForecastDataset,ContinualFineTuningPipeline,5,sequential,continual_2/test,forecast/mse,3,7 42 123,0.545142,0.008204,1.505
segsweep_etth1_seq_n5,EtthForecastDataset,ContinualFineTuningPipeline,5,sequential,continual_2/test,forecast/rmse,3,7 42 123,0.738323,0.005561,0.753
segsweep_etth1_seq_n5,EtthForecastDataset,ContinualFineTuningPipeline,5,sequential,continual_3/test,forecast/mae,3,7 42 123,0.463005,0.00595,1.285
segsweep_etth1_seq_n5,EtthForecastDataset,ContinualFineTuningPipeline,5,sequential,continual_3/test,forecast/mse,3,7 42 123,0.416625,0.006097,1.464
segsweep_etth1_seq_n5,EtthForecastDataset,ContinualFineTuningPipeline,5,sequential,continual_3/test,forecast/rmse,3,7 42 123,0.645454,0.004719,0.731
segsweep_etth1_seq_n5,EtthForecastDataset,ContinualFineTuningPipeline,5,sequential,continual_4/test,forecast/mae,3,7 42 123,0.481978,0.001184,0.246
segsweep_etth1_seq_n5,EtthForecastDataset,ContinualFineTuningPipeline,5,sequential,continual_4/test,forecast/mse,3,7 42 123,0.441027,0.006975,1.582
segsweep_etth1_seq_n5,EtthForecastDataset,ContinualFineTuningPipeline,5,sequential,continual_4/test,forecast/rmse,3,7 42 123,0.664085,0.005256,0.792
segsweep_exchange_merge_n2,ExchangeRateForecastDataset,IncrementalTaskArithmeticPipeline,2,merge,baseline/test,forecast/mae,3,7 42 123,0.695407,0.007352,1.057
segsweep_exchange_merge_n2,ExchangeRateForecastDataset,IncrementalTaskArithmeticPipeline,2,merge,baseline/test,forecast/mse,3,7 42 123,0.747419,0.013832,1.851
segsweep_exchange_merge_n2,ExchangeRateForecastDataset,IncrementalTaskArithmeticPipeline,2,merge,baseline/test,forecast/rmse,3,7 42 123,0.864509,0.00801,0.927
segsweep_exchange_merge_n2,ExchangeRateForecastDataset,IncrementalTaskArithmeticPipeline,2,merge,finetune_0/test,forecast/mae,3,7 42 123,0.669109,0.012928,1.932
segsweep_exchange_merge_n2,ExchangeRateForecastDataset,IncrementalTaskArithmeticPipeline,2,merge,finetune_0/test,forecast/mse,3,7 42 123,0.666441,0.023108,3.467
segsweep_exchange_merge_n2,ExchangeRateForecastDataset,IncrementalTaskArithmeticPipeline,2,merge,finetune_0/test,forecast/rmse,3,7 42 123,0.816275,0.014226,1.743
segsweep_exchange_merge_n2,ExchangeRateForecastDataset,IncrementalTaskArithmeticPipeline,2,merge,finetune_1/test,forecast/mae,3,7 42 123,0.393637,0.001411,0.358
segsweep_exchange_merge_n2,ExchangeRateForecastDataset,IncrementalTaskArithmeticPipeline,2,merge,finetune_1/test,forecast/mse,3,7 42 123,0.226032,0.002215,0.98
segsweep_exchange_merge_n2,ExchangeRateForecastDataset,IncrementalTaskArithmeticPipeline,2,merge,finetune_1/test,forecast/rmse,3,7 42 123,0.475425,0.002327,0.49
segsweep_exchange_merge_n2,ExchangeRateForecastDataset,IncrementalTaskArithmeticPipeline,2,merge,merged/test,forecast/mae,3,7 42 123,0.424555,0.017331,4.082
segsweep_exchange_merge_n2,ExchangeRateForecastDataset,IncrementalTaskArithmeticPipeline,2,merge,merged/test,forecast/mse,3,7 42 123,0.255416,0.020567,8.052
segsweep_exchange_merge_n2,ExchangeRateForecastDataset,IncrementalTaskArithmeticPipeline,2,merge,merged/test,forecast/rmse,3,7 42 123,0.50511,0.020519,4.062
segsweep_exchange_merge_n2,ExchangeRateForecastDataset,IncrementalTaskArithmeticPipeline,2,merge,merged/val,forecast/mae,3,7 42 123,0.28126,0.0126,4.48
segsweep_exchange_merge_n2,ExchangeRateForecastDataset,IncrementalTaskArithmeticPipeline,2,merge,merged/val,forecast/mse,3,7 42 123,0.120122,0.008919,7.425
segsweep_exchange_merge_n2,ExchangeRateForecastDataset,IncrementalTaskArithmeticPipeline,2,merge,merged/val,forecast/rmse,3,7 42 123,0.34643,0.012744,3.679
segsweep_exchange_merge_n2,ExchangeRateForecastDataset,IncrementalTaskArithmeticPipeline,2,merge,merged/val,merge_scale/selected,3,7 42 123,0.7,0.0,0.0
segsweep_exchange_merge_n5,ExchangeRateForecastDataset,IncrementalTaskArithmeticPipeline,5,merge,baseline/test,forecast/mae,3,7 42 123,0.677842,0.017699,2.611
segsweep_exchange_merge_n5,ExchangeRateForecastDataset,IncrementalTaskArithmeticPipeline,5,merge,baseline/test,forecast/mse,3,7 42 123,0.701322,0.018409,2.625
segsweep_exchange_merge_n5,ExchangeRateForecastDataset,IncrementalTaskArithmeticPipeline,5,merge,baseline/test,forecast/rmse,3,7 42 123,0.837401,0.011029,1.317
segsweep_exchange_merge_n5,ExchangeRateForecastDataset,IncrementalTaskArithmeticPipeline,5,merge,finetune_0/test,forecast/mae,3,7 42 123,0.689617,0.015423,2.236
segsweep_exchange_merge_n5,ExchangeRateForecastDataset,IncrementalTaskArithmeticPipeline,5,merge,finetune_0/test,forecast/mse,3,7 42 123,0.699079,0.019986,2.859
segsweep_exchange_merge_n5,ExchangeRateForecastDataset,IncrementalTaskArithmeticPipeline,5,merge,finetune_0/test,forecast/rmse,3,7 42 123,0.836052,0.011971,1.432
segsweep_exchange_merge_n5,ExchangeRateForecastDataset,IncrementalTaskArithmeticPipeline,5,merge,finetune_1/test,forecast/mae,3,7 42 123,0.674164,0.024219,3.592
segsweep_exchange_merge_n5,ExchangeRateForecastDataset,IncrementalTaskArithmeticPipeline,5,merge,finetune_1/test,forecast/mse,3,7 42 123,0.661929,0.036032,5.444
segsweep_exchange_merge_n5,ExchangeRateForecastDataset,IncrementalTaskArithmeticPipeline,5,merge,finetune_1/test,forecast/rmse,3,7 42 123,0.813391,0.022021,2.707
segsweep_exchange_merge_n5,ExchangeRateForecastDataset,IncrementalTaskArithmeticPipeline,5,merge,finetune_2/test,forecast/mae,3,7 42 123,0.647973,0.025555,3.944
segsweep_exchange_merge_n5,ExchangeRateForecastDataset,IncrementalTaskArithmeticPipeline,5,merge,finetune_2/test,forecast/mse,3,7 42 123,0.62649,0.04039,6.447
segsweep_exchange_merge_n5,ExchangeRateForecastDataset,IncrementalTaskArithmeticPipeline,5,merge,finetune_2/test,forecast/rmse,3,7 42 123,0.791242,0.02529,3.196
segsweep_exchange_merge_n5,ExchangeRateForecastDataset,IncrementalTaskArithmeticPipeline,5,merge,finetune_3/test,forecast/mae,3,7 42 123,0.470792,0.010263,2.18
segsweep_exchange_merge_n5,ExchangeRateForecastDataset,IncrementalTaskArithmeticPipeline,5,merge,finetune_3/test,forecast/mse,3,7 42 123,0.311157,0.011016,3.54
segsweep_exchange_merge_n5,ExchangeRateForecastDataset,IncrementalTaskArithmeticPipeline,5,merge,finetune_3/test,forecast/rmse,3,7 42 123,0.557756,0.009902,1.775
segsweep_exchange_merge_n5,ExchangeRateForecastDataset,IncrementalTaskArithmeticPipeline,5,merge,finetune_4/test,forecast/mae,3,7 42 123,0.610058,0.016136,2.645
segsweep_exchange_merge_n5,ExchangeRateForecastDataset,IncrementalTaskArithmeticPipeline,5,merge,finetune_4/test,forecast/mse,3,7 42 123,0.606323,0.024687,4.072
segsweep_exchange_merge_n5,ExchangeRateForecastDataset,IncrementalTaskArithmeticPipeline,5,merge,finetune_4/test,forecast/rmse,3,7 42 123,0.77856,0.015899,2.042
segsweep_exchange_merge_n5,ExchangeRateForecastDataset,IncrementalTaskArithmeticPipeline,5,merge,merged/test,forecast/mae,3,7 42 123,0.494967,0.021174,4.278
segsweep_exchange_merge_n5,ExchangeRateForecastDataset,IncrementalTaskArithmeticPipeline,5,merge,merged/test,forecast/mse,3,7 42 123,0.327055,0.028188,8.619
segsweep_exchange_merge_n5,ExchangeRateForecastDataset,IncrementalTaskArithmeticPipeline,5,merge,merged/test,forecast/rmse,3,7 42 123,0.571539,0.024427,4.274
segsweep_exchange_merge_n5,ExchangeRateForecastDataset,IncrementalTaskArithmeticPipeline,5,merge,merged/val,forecast/mae,3,7 42 123,0.298518,0.003266,1.094
segsweep_exchange_merge_n5,ExchangeRateForecastDataset,IncrementalTaskArithmeticPipeline,5,merge,merged/val,forecast/mse,3,7 42 123,0.136177,0.002924,2.147
segsweep_exchange_merge_n5,ExchangeRateForecastDataset,IncrementalTaskArithmeticPipeline,5,merge,merged/val,forecast/rmse,3,7 42 123,0.369007,0.003968,1.075
segsweep_exchange_merge_n5,ExchangeRateForecastDataset,IncrementalTaskArithmeticPipeline,5,merge,merged/val,merge_scale/selected,3,7 42 123,0.3,0.0,0.0
segsweep_exchange_seq_n2,ExchangeRateForecastDataset,ContinualFineTuningPipeline,2,sequential,baseline/test,forecast/mae,3,7 42 123,0.674317,0.028021,4.155
segsweep_exchange_seq_n2,ExchangeRateForecastDataset,ContinualFineTuningPipeline,2,sequential,baseline/test,forecast/mse,3,7 42 123,0.694124,0.041764,6.017
segsweep_exchange_seq_n2,ExchangeRateForecastDataset,ContinualFineTuningPipeline,2,sequential,baseline/test,forecast/rmse,3,7 42 123,0.832887,0.025226,3.029
segsweep_exchange_seq_n2,ExchangeRateForecastDataset,ContinualFineTuningPipeline,2,sequential,continual_0/test,forecast/mae,3,7 42 123,0.632853,0.025093,3.965
segsweep_exchange_seq_n2,ExchangeRateForecastDataset,ContinualFineTuningPipeline,2,sequential,continual_0/test,forecast/mse,3,7 42 123,0.58853,0.044229,7.515
segsweep_exchange_seq_n2,ExchangeRateForecastDataset,ContinualFineTuningPipeline,2,sequential,continual_0/test,forecast/rmse,3,7 42 123,0.766799,0.028708,3.744
segsweep_exchange_seq_n2,ExchangeRateForecastDataset,ContinualFineTuningPipeline,2,sequential,continual_1/test,forecast/mae,3,7 42 123,0.394447,0.005279,1.338
segsweep_exchange_seq_n2,ExchangeRateForecastDataset,ContinualFineTuningPipeline,2,sequential,continual_1/test,forecast/mse,3,7 42 123,0.219856,0.005293,2.408
segsweep_exchange_seq_n2,ExchangeRateForecastDataset,ContinualFineTuningPipeline,2,sequential,continual_1/test,forecast/rmse,3,7 42 123,0.468866,0.005646,1.204
segsweep_exchange_seq_n5,ExchangeRateForecastDataset,ContinualFineTuningPipeline,5,sequential,baseline/test,forecast/mae,3,7 42 123,0.674583,0.031204,4.626
segsweep_exchange_seq_n5,ExchangeRateForecastDataset,ContinualFineTuningPipeline,5,sequential,baseline/test,forecast/mse,3,7 42 123,0.700166,0.049589,7.082
segsweep_exchange_seq_n5,ExchangeRateForecastDataset,ContinualFineTuningPipeline,5,sequential,baseline/test,forecast/rmse,3,7 42 123,0.836406,0.029753,3.557
segsweep_exchange_seq_n5,ExchangeRateForecastDataset,ContinualFineTuningPipeline,5,sequential,continual_0/test,forecast/mae,3,7 42 123,0.682077,0.019508,2.86
segsweep_exchange_seq_n5,ExchangeRateForecastDataset,ContinualFineTuningPipeline,5,sequential,continual_0/test,forecast/mse,3,7 42 123,0.692225,0.030375,4.388
segsweep_exchange_seq_n5,ExchangeRateForecastDataset,ContinualFineTuningPipeline,5,sequential,continual_0/test,forecast/rmse,3,7 42 123,0.831866,0.018303,2.2
segsweep_exchange_seq_n5,ExchangeRateForecastDataset,ContinualFineTuningPipeline,5,sequential,continual_1/test,forecast/mae,3,7 42 123,0.661328,0.021833,3.301
segsweep_exchange_seq_n5,ExchangeRateForecastDataset,ContinualFineTuningPipeline,5,sequential,continual_1/test,forecast/mse,3,7 42 123,0.642326,0.036441,5.673
segsweep_exchange_seq_n5,ExchangeRateForecastDataset,ContinualFineTuningPipeline,5,sequential,continual_1/test,forecast/rmse,3,7 42 123,0.801236,0.022792,2.845
segsweep_exchange_seq_n5,ExchangeRateForecastDataset,ContinualFineTuningPipeline,5,sequential,continual_2/test,forecast/mae,3,7 42 123,0.575552,0.023506,4.084
segsweep_exchange_seq_n5,ExchangeRateForecastDataset,ContinualFineTuningPipeline,5,sequential,continual_2/test,forecast/mse,3,7 42 123,0.495314,0.033113,6.685
segsweep_exchange_seq_n5,ExchangeRateForecastDataset,ContinualFineTuningPipeline,5,sequential,continual_2/test,forecast/rmse,3,7 42 123,0.703519,0.02373,3.373
segsweep_exchange_seq_n5,ExchangeRateForecastDataset,ContinualFineTuningPipeline,5,sequential,continual_3/test,forecast/mae,3,7 42 123,0.479011,0.012243,2.556
segsweep_exchange_seq_n5,ExchangeRateForecastDataset,ContinualFineTuningPipeline,5,sequential,continual_3/test,forecast/mse,3,7 42 123,0.321587,0.016516,5.136
segsweep_exchange_seq_n5,ExchangeRateForecastDataset,ContinualFineTuningPipeline,5,sequential,continual_3/test,forecast/rmse,3,7 42 123,0.566961,0.014599,2.575
segsweep_exchange_seq_n5,ExchangeRateForecastDataset,ContinualFineTuningPipeline,5,sequential,continual_4/test,forecast/mae,3,7 42 123,0.546506,0.002656,0.486
segsweep_exchange_seq_n5,ExchangeRateForecastDataset,ContinualFineTuningPipeline,5,sequential,continual_4/test,forecast/mse,3,7 42 123,0.531076,0.009976,1.878
segsweep_exchange_seq_n5,ExchangeRateForecastDataset,ContinualFineTuningPipeline,5,sequential,continual_4/test,forecast/rmse,3,7 42 123,0.728728,0.006861,0.941
segsweep_psm_merge_n2,Psm,IncrementalTaskArithmeticPipeline,2,merge,baseline/test,event_f1,3,7 42 123,0.24321,0.012784,5.256
segsweep_psm_merge_n2,Psm,IncrementalTaskArithmeticPipeline,2,merge,baseline/test,event_fn,3,7 42 123,18.0,0.0,0.0
segsweep_psm_merge_n2,Psm,IncrementalTaskArithmeticPipeline,2,merge,baseline/test,event_fp,3,7 42 123,312.666667,23.671361,7.571
segsweep_psm_merge_n2,Psm,IncrementalTaskArithmeticPipeline,2,merge,baseline/test,event_precision,3,7 42 123,0.145332,0.009069,6.24
segsweep_psm_merge_n2,Psm,IncrementalTaskArithmeticPipeline,2,merge,baseline/test,event_recall,3,7 42 123,0.746479,0.0,0.0
segsweep_psm_merge_n2,Psm,IncrementalTaskArithmeticPipeline,2,merge,baseline/test,event_tp,3,7 42 123,53.0,0.0,0.0
segsweep_psm_merge_n2,Psm,IncrementalTaskArithmeticPipeline,2,merge,baseline/test,pa_f1,3,7 42 123,0.791242,0.008285,1.047
segsweep_psm_merge_n2,Psm,IncrementalTaskArithmeticPipeline,2,merge,baseline/test,pa_precision,3,7 42 123,0.946845,0.011662,1.232
segsweep_psm_merge_n2,Psm,IncrementalTaskArithmeticPipeline,2,merge,baseline/test,pa_recall,3,7 42 123,0.679834,0.0176,2.589
segsweep_psm_merge_n2,Psm,IncrementalTaskArithmeticPipeline,2,merge,baseline/test,point_auprc,3,7 42 123,0.556476,0.01147,2.061
segsweep_psm_merge_n2,Psm,IncrementalTaskArithmeticPipeline,2,merge,baseline/test,point_auroc,3,7 42 123,0.76905,0.003163,0.411
segsweep_psm_merge_n2,Psm,IncrementalTaskArithmeticPipeline,2,merge,baseline/test,point_f1,3,7 42 123,0.577284,0.00325,0.563
segsweep_psm_merge_n2,Psm,IncrementalTaskArithmeticPipeline,2,merge,baseline/test,point_precision,3,7 42 123,0.470094,0.003103,0.66
segsweep_psm_merge_n2,Psm,IncrementalTaskArithmeticPipeline,2,merge,baseline/test,point_recall,3,7 42 123,0.747874,0.009751,1.304
segsweep_psm_merge_n2,Psm,IncrementalTaskArithmeticPipeline,2,merge,baseline/test,window_auprc,3,7 42 123,0.632605,0.008356,1.321
segsweep_psm_merge_n2,Psm,IncrementalTaskArithmeticPipeline,2,merge,baseline/test,window_auroc,3,7 42 123,0.772975,0.002949,0.381
segsweep_psm_merge_n2,Psm,IncrementalTaskArithmeticPipeline,2,merge,baseline/test,window_f1,3,7 42 123,0.632902,0.003315,0.524
segsweep_psm_merge_n2,Psm,IncrementalTaskArithmeticPipeline,2,merge,baseline/test,window_precision,3,7 42 123,0.517243,0.008186,1.583
segsweep_psm_merge_n2,Psm,IncrementalTaskArithmeticPipeline,2,merge,baseline/test,window_recall,3,7 42 123,0.815816,0.02349,2.879
segsweep_psm_merge_n2,Psm,IncrementalTaskArithmeticPipeline,2,merge,finetune_0/test,event_f1,3,7 42 123,0.276999,0.056269,20.314
segsweep_psm_merge_n2,Psm,IncrementalTaskArithmeticPipeline,2,merge,finetune_0/test,event_fn,3,7 42 123,12.0,3.605551,30.046
segsweep_psm_merge_n2,Psm,IncrementalTaskArithmeticPipeline,2,merge,finetune_0/test,event_fp,3,7 42 123,312.666667,120.018054,38.385
segsweep_psm_merge_n2,Psm,IncrementalTaskArithmeticPipeline,2,merge,finetune_0/test,event_precision,3,7 42 123,0.167955,0.041706,24.831
segsweep_psm_merge_n2,Psm,IncrementalTaskArithmeticPipeline,2,merge,finetune_0/test,event_recall,3,7 42 123,0.830986,0.050782,6.111
segsweep_psm_merge_n2,Psm,IncrementalTaskArithmeticPipeline,2,merge,finetune_0/test,event_tp,3,7 42 123,59.0,3.605551,6.111
segsweep_psm_merge_n2,Psm,IncrementalTaskArithmeticPipeline,2,merge,finetune_0/test,pa_f1,3,7 42 123,0.766127,0.000203,0.027
segsweep_psm_merge_n2,Psm,IncrementalTaskArithmeticPipeline,2,merge,finetune_0/test,pa_precision,3,7 42 123,0.662799,0.000304,0.046
segsweep_psm_merge_n2,Psm,IncrementalTaskArithmeticPipeline,2,merge,finetune_0/test,pa_recall,3,7 42 123,0.907622,0.0,0.0
segsweep_psm_merge_n2,Psm,IncrementalTaskArithmeticPipeline,2,merge,finetune_0/test,point_auprc,3,7 42 123,0.5622,0.003244,0.577
segsweep_psm_merge_n2,Psm,IncrementalTaskArithmeticPipeline,2,merge,finetune_0/test,point_auroc,3,7 42 123,0.789491,0.001443,0.183
segsweep_psm_merge_n2,Psm,IncrementalTaskArithmeticPipeline,2,merge,finetune_0/test,point_f1,3,7 42 123,0.602796,0.00094,0.156
segsweep_psm_merge_n2,Psm,IncrementalTaskArithmeticPipeline,2,merge,finetune_0/test,point_precision,3,7 42 123,0.48397,0.021563,4.455
segsweep_psm_merge_n2,Psm,IncrementalTaskArithmeticPipeline,2,merge,finetune_0/test,point_recall,3,7 42 123,0.803976,0.062965,7.832
segsweep_psm_merge_n2,Psm,IncrementalTaskArithmeticPipeline,2,merge,finetune_0/test,window_auprc,3,7 42 123,0.644216,0.002353,0.365
segsweep_psm_merge_n2,Psm,IncrementalTaskArithmeticPipeline,2,merge,finetune_0/test,window_auroc,3,7 42 123,0.792899,0.001068,0.135
segsweep_psm_merge_n2,Psm,IncrementalTaskArithmeticPipeline,2,merge,finetune_0/test,window_f1,3,7 42 123,0.660135,0.001812,0.274
segsweep_psm_merge_n2,Psm,IncrementalTaskArithmeticPipeline,2,merge,finetune_0/test,window_precision,3,7 42 123,0.570685,0.027117,4.752
segsweep_psm_merge_n2,Psm,IncrementalTaskArithmeticPipeline,2,merge,finetune_0/test,window_recall,3,7 42 123,0.787115,0.056143,7.133
segsweep_psm_merge_n2,Psm,IncrementalTaskArithmeticPipeline,2,merge,finetune_1/test,event_f1,3,7 42 123,0.229992,0.030006,13.047
segsweep_psm_merge_n2,Psm,IncrementalTaskArithmeticPipeline,2,merge,finetune_1/test,event_fn,3,7 42 123,12.0,2.645751,22.048
segsweep_psm_merge_n2,Psm,IncrementalTaskArithmeticPipeline,2,merge,finetune_1/test,event_fp,3,7 42 123,391.0,89.716219,22.945
segsweep_psm_merge_n2,Psm,IncrementalTaskArithmeticPipeline,2,merge,finetune_1/test,event_precision,3,7 42 123,0.133959,0.021084,15.739
segsweep_psm_merge_n2,Psm,IncrementalTaskArithmeticPipeline,2,merge,finetune_1/test,event_recall,3,7 42 123,0.830986,0.037264,4.484
segsweep_psm_merge_n2,Psm,IncrementalTaskArithmeticPipeline,2,merge,finetune_1/test,event_tp,3,7 42 123,59.0,2.645751,4.484
segsweep_psm_merge_n2,Psm,IncrementalTaskArithmeticPipeline,2,merge,finetune_1/test,pa_f1,3,7 42 123,0.766662,5.6e-05,0.007
segsweep_psm_merge_n2,Psm,IncrementalTaskArithmeticPipeline,2,merge,finetune_1/test,pa_precision,3,7 42 123,0.667386,8.7e-05,0.013
segsweep_psm_merge_n2,Psm,IncrementalTaskArithmeticPipeline,2,merge,finetune_1/test,pa_recall,3,7 42 123,0.900634,6.3e-05,0.007
segsweep_psm_merge_n2,Psm,IncrementalTaskArithmeticPipeline,2,merge,finetune_1/test,point_auprc,3,7 42 123,0.553574,0.026294,4.75
segsweep_psm_merge_n2,Psm,IncrementalTaskArithmeticPipeline,2,merge,finetune_1/test,point_auroc,3,7 42 123,0.795482,0.003499,0.44
segsweep_psm_merge_n2,Psm,IncrementalTaskArithmeticPipeline,2,merge,finetune_1/test,point_f1,3,7 42 123,0.611401,0.005367,0.878
segsweep_psm_merge_n2,Psm,IncrementalTaskArithmeticPipeline,2,merge,finetune_1/test,point_precision,3,7 42 123,0.477779,0.014509,3.037
segsweep_psm_merge_n2,Psm,IncrementalTaskArithmeticPipeline,2,merge,finetune_1/test,point_recall,3,7 42 123,0.850302,0.029902,3.517
segsweep_psm_merge_n2,Psm,IncrementalTaskArithmeticPipeline,2,merge,finetune_1/test,window_auprc,3,7 42 123,0.633964,0.021296,3.359
segsweep_psm_merge_n2,Psm,IncrementalTaskArithmeticPipeline,2,merge,finetune_1/test,window_auroc,3,7 42 123,0.796471,0.001873,0.235
segsweep_psm_merge_n2,Psm,IncrementalTaskArithmeticPipeline,2,merge,finetune_1/test,window_f1,3,7 42 123,0.666903,0.004646,0.697
segsweep_psm_merge_n2,Psm,IncrementalTaskArithmeticPipeline,2,merge,finetune_1/test,window_precision,3,7 42 123,0.563134,0.019609,3.482
segsweep_psm_merge_n2,Psm,IncrementalTaskArithmeticPipeline,2,merge,finetune_1/test,window_recall,3,7 42 123,0.819203,0.030295,3.698
segsweep_psm_merge_n2,Psm,IncrementalTaskArithmeticPipeline,2,merge,merged/test,event_f1,3,7 42 123,0.269364,0.013867,5.148
segsweep_psm_merge_n2,Psm,IncrementalTaskArithmeticPipeline,2,merge,merged/test,event_fn,3,7 42 123,14.666667,2.516611,17.159
segsweep_psm_merge_n2,Psm,IncrementalTaskArithmeticPipeline,2,merge,merged/test,event_fp,3,7 42 123,291.666667,26.40707,9.054
segsweep_psm_merge_n2,Psm,IncrementalTaskArithmeticPipeline,2,merge,merged/test,event_precision,3,7 42 123,0.16234,0.010136,6.244
segsweep_psm_merge_n2,Psm,IncrementalTaskArithmeticPipeline,2,merge,merged/test,event_recall,3,7 42 123,0.793427,0.035445,4.467
segsweep_psm_merge_n2,Psm,IncrementalTaskArithmeticPipeline,2,merge,merged/test,event_tp,3,7 42 123,56.333333,2.516611,4.467
segsweep_psm_merge_n2,Psm,IncrementalTaskArithmeticPipeline,2,merge,merged/test,pa_f1,3,7 42 123,0.767542,0.000765,0.1
segsweep_psm_merge_n2,Psm,IncrementalTaskArithmeticPipeline,2,merge,merged/test,pa_precision,3,7 42 123,0.656507,0.010376,1.581
segsweep_psm_merge_n2,Psm,IncrementalTaskArithmeticPipeline,2,merge,merged/test,pa_recall,3,7 42 123,0.924303,0.020593,2.228
segsweep_psm_merge_n2,Psm,IncrementalTaskArithmeticPipeline,2,merge,merged/test,point_auprc,3,7 42 123,0.569296,0.012535,2.202
segsweep_psm_merge_n2,Psm,IncrementalTaskArithmeticPipeline,2,merge,merged/test,point_auroc,3,7 42 123,0.806434,0.002638,0.327
segsweep_psm_merge_n2,Psm,IncrementalTaskArithmeticPipeline,2,merge,merged/test,point_f1,3,7 42 123,0.649353,0.00796,1.226
segsweep_psm_merge_n2,Psm,IncrementalTaskArithmeticPipeline,2,merge,merged/test,point_precision,3,7 42 123,0.51778,0.00871,1.682
segsweep_psm_merge_n2,Psm,IncrementalTaskArithmeticPipeline,2,merge,merged/test,point_recall,3,7 42 123,0.870703,0.010525,1.209
segsweep_psm_merge_n2,Psm,IncrementalTaskArithmeticPipeline,2,merge,merged/test,window_auprc,3,7 42 123,0.650254,0.009463,1.455
segsweep_psm_merge_n2,Psm,IncrementalTaskArithmeticPipeline,2,merge,merged/test,window_auroc,3,7 42 123,0.804109,0.000691,0.086
segsweep_psm_merge_n2,Psm,IncrementalTaskArithmeticPipeline,2,merge,merged/test,window_f1,3,7 42 123,0.70267,0.008174,1.163
segsweep_psm_merge_n2,Psm,IncrementalTaskArithmeticPipeline,2,merge,merged/test,window_precision,3,7 42 123,0.604637,0.010592,1.752
segsweep_psm_merge_n2,Psm,IncrementalTaskArithmeticPipeline,2,merge,merged/test,window_recall,3,7 42 123,0.838758,0.008407,1.002
segsweep_psm_merge_n2,Psm,IncrementalTaskArithmeticPipeline,2,merge,merged/val,reconstruction/score_mean,3,7 42 123,0.274283,0.015685,5.719
segsweep_psm_merge_n2,Psm,IncrementalTaskArithmeticPipeline,2,merge,merged/val,reconstruction/score_p50,3,7 42 123,0.187428,0.019647,10.482
segsweep_psm_merge_n2,Psm,IncrementalTaskArithmeticPipeline,2,merge,merged/val,reconstruction/score_p95,3,7 42 123,0.526427,0.017856,3.392
segsweep_psm_merge_n2,Psm,IncrementalTaskArithmeticPipeline,2,merge,merged/val,reconstruction/score_p99,3,7 42 123,1.744748,0.01487,0.852
segsweep_psm_merge_n2,Psm,IncrementalTaskArithmeticPipeline,2,merge,merged/val,reconstruction/score_std,3,7 42 123,0.489596,0.010496,2.144
segsweep_psm_merge_n5,Psm,IncrementalTaskArithmeticPipeline,5,merge,baseline/test,event_f1,3,7 42 123,0.231456,0.011393,4.922
segsweep_psm_merge_n5,Psm,IncrementalTaskArithmeticPipeline,5,merge,baseline/test,event_fn,3,7 42 123,15.0,2.0,13.333
segsweep_psm_merge_n5,Psm,IncrementalTaskArithmeticPipeline,5,merge,baseline/test,event_fp,3,7 42 123,357.666667,28.005952,7.83
segsweep_psm_merge_n5,Psm,IncrementalTaskArithmeticPipeline,5,merge,baseline/test,event_precision,3,7 42 123,0.135694,0.007803,5.751
segsweep_psm_merge_n5,Psm,IncrementalTaskArithmeticPipeline,5,merge,baseline/test,event_recall,3,7 42 123,0.788732,0.028169,3.571
segsweep_psm_merge_n5,Psm,IncrementalTaskArithmeticPipeline,5,merge,baseline/test,event_tp,3,7 42 123,56.0,2.0,3.571
segsweep_psm_merge_n5,Psm,IncrementalTaskArithmeticPipeline,5,merge,baseline/test,pa_f1,3,7 42 123,0.801359,0.006699,0.836
segsweep_psm_merge_n5,Psm,IncrementalTaskArithmeticPipeline,5,merge,baseline/test,pa_precision,3,7 42 123,0.94895,0.018791,1.98
segsweep_psm_merge_n5,Psm,IncrementalTaskArithmeticPipeline,5,merge,baseline/test,pa_recall,3,7 42 123,0.693576,7.1e-05,0.01
segsweep_psm_merge_n5,Psm,IncrementalTaskArithmeticPipeline,5,merge,baseline/test,point_auprc,3,7 42 123,0.562658,0.001989,0.354
segsweep_psm_merge_n5,Psm,IncrementalTaskArithmeticPipeline,5,merge,baseline/test,point_auroc,3,7 42 123,0.771421,0.006129,0.795
segsweep_psm_merge_n5,Psm,IncrementalTaskArithmeticPipeline,5,merge,baseline/test,point_f1,3,7 42 123,0.580835,0.003916,0.674
segsweep_psm_merge_n5,Psm,IncrementalTaskArithmeticPipeline,5,merge,baseline/test,point_precision,3,7 42 123,0.468108,0.006118,1.307
segsweep_psm_merge_n5,Psm,IncrementalTaskArithmeticPipeline,5,merge,baseline/test,point_recall,3,7 42 123,0.765362,0.015168,1.982
segsweep_psm_merge_n5,Psm,IncrementalTaskArithmeticPipeline,5,merge,baseline/test,window_auprc,3,7 42 123,0.63863,0.001226,0.192
segsweep_psm_merge_n5,Psm,IncrementalTaskArithmeticPipeline,5,merge,baseline/test,window_auroc,3,7 42 123,0.775714,0.005167,0.666
segsweep_psm_merge_n5,Psm,IncrementalTaskArithmeticPipeline,5,merge,baseline/test,window_f1,3,7 42 123,0.637582,0.005985,0.939
segsweep_psm_merge_n5,Psm,IncrementalTaskArithmeticPipeline,5,merge,baseline/test,window_precision,3,7 42 123,0.524051,0.01451,2.769
segsweep_psm_merge_n5,Psm,IncrementalTaskArithmeticPipeline,5,merge,baseline/test,window_recall,3,7 42 123,0.81594,0.042444,5.202
segsweep_psm_merge_n5,Psm,IncrementalTaskArithmeticPipeline,5,merge,finetune_0/test,event_f1,3,7 42 123,0.233568,0.023239,9.95
segsweep_psm_merge_n5,Psm,IncrementalTaskArithmeticPipeline,5,merge,finetune_0/test,event_fn,3,7 42 123,15.666667,2.309401,14.741
segsweep_psm_merge_n5,Psm,IncrementalTaskArithmeticPipeline,5,merge,finetune_0/test,event_fp,3,7 42 123,350.0,41.797129,11.942
segsweep_psm_merge_n5,Psm,IncrementalTaskArithmeticPipeline,5,merge,finetune_0/test,event_precision,3,7 42 123,0.137498,0.015407,11.205
segsweep_psm_merge_n5,Psm,IncrementalTaskArithmeticPipeline,5,merge,finetune_0/test,event_recall,3,7 42 123,0.779343,0.032527,4.174
segsweep_psm_merge_n5,Psm,IncrementalTaskArithmeticPipeline,5,merge,finetune_0/test,event_tp,3,7 42 123,55.333333,2.309401,4.174
segsweep_psm_merge_n5,Psm,IncrementalTaskArithmeticPipeline,5,merge,finetune_0/test,pa_f1,3,7 42 123,0.786297,0.017738,2.256
segsweep_psm_merge_n5,Psm,IncrementalTaskArithmeticPipeline,5,merge,finetune_0/test,pa_precision,3,7 42 123,0.844131,0.157068,18.607
segsweep_psm_merge_n5,Psm,IncrementalTaskArithmeticPipeline,5,merge,finetune_0/test,pa_recall,3,7 42 123,0.764938,0.123567,16.154
segsweep_psm_merge_n5,Psm,IncrementalTaskArithmeticPipeline,5,merge,finetune_0/test,point_auprc,3,7 42 123,0.556075,0.004824,0.867
segsweep_psm_merge_n5,Psm,IncrementalTaskArithmeticPipeline,5,merge,finetune_0/test,point_auroc,3,7 42 123,0.768183,0.005688,0.74
segsweep_psm_merge_n5,Psm,IncrementalTaskArithmeticPipeline,5,merge,finetune_0/test,point_f1,3,7 42 123,0.578167,0.003984,0.689
segsweep_psm_merge_n5,Psm,IncrementalTaskArithmeticPipeline,5,merge,finetune_0/test,point_precision,3,7 42 123,0.469987,0.007095,1.51
segsweep_psm_merge_n5,Psm,IncrementalTaskArithmeticPipeline,5,merge,finetune_0/test,point_recall,3,7 42 123,0.75147,0.018628,2.479
segsweep_psm_merge_n5,Psm,IncrementalTaskArithmeticPipeline,5,merge,finetune_0/test,window_auprc,3,7 42 123,0.63381,0.004228,0.667
segsweep_psm_merge_n5,Psm,IncrementalTaskArithmeticPipeline,5,merge,finetune_0/test,window_auroc,3,7 42 123,0.773462,0.004829,0.624
segsweep_psm_merge_n5,Psm,IncrementalTaskArithmeticPipeline,5,merge,finetune_0/test,window_f1,3,7 42 123,0.633609,0.004953,0.782
segsweep_psm_merge_n5,Psm,IncrementalTaskArithmeticPipeline,5,merge,finetune_0/test,window_precision,3,7 42 123,0.539067,0.011419,2.118
segsweep_psm_merge_n5,Psm,IncrementalTaskArithmeticPipeline,5,merge,finetune_0/test,window_recall,3,7 42 123,0.769863,0.038072,4.945
segsweep_psm_merge_n5,Psm,IncrementalTaskArithmeticPipeline,5,merge,finetune_1/test,event_f1,3,7 42 123,0.311153,0.010336,3.322
segsweep_psm_merge_n5,Psm,IncrementalTaskArithmeticPipeline,5,merge,finetune_1/test,event_fn,3,7 42 123,14.0,1.0,7.143
segsweep_psm_merge_n5,Psm,IncrementalTaskArithmeticPipeline,5,merge,finetune_1/test,event_fp,3,7 42 123,238.666667,14.0119,5.871
segsweep_psm_merge_n5,Psm,IncrementalTaskArithmeticPipeline,5,merge,finetune_1/test,event_precision,3,7 42 123,0.193033,0.008124,4.209
segsweep_psm_merge_n5,Psm,IncrementalTaskArithmeticPipeline,5,merge,finetune_1/test,event_recall,3,7 42 123,0.802817,0.014085,1.754
segsweep_psm_merge_n5,Psm,IncrementalTaskArithmeticPipeline,5,merge,finetune_1/test,event_tp,3,7 42 123,57.0,1.0,1.754
segsweep_psm_merge_n5,Psm,IncrementalTaskArithmeticPipeline,5,merge,finetune_1/test,pa_f1,3,7 42 123,0.76691,0.000482,0.063
segsweep_psm_merge_n5,Psm,IncrementalTaskArithmeticPipeline,5,merge,finetune_1/test,pa_precision,3,7 42 123,0.663973,0.000723,0.109
segsweep_psm_merge_n5,Psm,IncrementalTaskArithmeticPipeline,5,merge,finetune_1/test,pa_recall,3,7 42 123,0.907622,0.0,0.0
segsweep_psm_merge_n5,Psm,IncrementalTaskArithmeticPipeline,5,merge,finetune_1/test,point_auprc,3,7 42 123,0.561101,0.001468,0.262
segsweep_psm_merge_n5,Psm,IncrementalTaskArithmeticPipeline,5,merge,finetune_1/test,point_auroc,3,7 42 123,0.783593,0.00345,0.44
segsweep_psm_merge_n5,Psm,IncrementalTaskArithmeticPipeline,5,merge,finetune_1/test,point_f1,3,7 42 123,0.598414,0.002158,0.361
segsweep_psm_merge_n5,Psm,IncrementalTaskArithmeticPipeline,5,merge,finetune_1/test,point_precision,3,7 42 123,0.499762,0.003829,0.766
segsweep_psm_merge_n5,Psm,IncrementalTaskArithmeticPipeline,5,merge,finetune_1/test,point_recall,3,7 42 123,0.745631,0.00363,0.487
segsweep_psm_merge_n5,Psm,IncrementalTaskArithmeticPipeline,5,merge,finetune_1/test,window_auprc,3,7 42 123,0.643776,0.00193,0.3
segsweep_psm_merge_n5,Psm,IncrementalTaskArithmeticPipeline,5,merge,finetune_1/test,window_auroc,3,7 42 123,0.789449,0.002769,0.351
segsweep_psm_merge_n5,Psm,IncrementalTaskArithmeticPipeline,5,merge,finetune_1/test,window_f1,3,7 42 123,0.65507,0.001959,0.299
segsweep_psm_merge_n5,Psm,IncrementalTaskArithmeticPipeline,5,merge,finetune_1/test,window_precision,3,7 42 123,0.593323,0.004612,0.777
segsweep_psm_merge_n5,Psm,IncrementalTaskArithmeticPipeline,5,merge,finetune_1/test,window_recall,3,7 42 123,0.731204,0.004168,0.57
segsweep_psm_merge_n5,Psm,IncrementalTaskArithmeticPipeline,5,merge,finetune_2/test,event_f1,3,7 42 123,0.288107,0.033197,11.523
segsweep_psm_merge_n5,Psm,IncrementalTaskArithmeticPipeline,5,merge,finetune_2/test,event_fn,3,7 42 123,16.0,0.0,0.0
segsweep_psm_merge_n5,Psm,IncrementalTaskArithmeticPipeline,5,merge,finetune_2/test,event_fp,3,7 42 123,259.0,41.617304,16.068
segsweep_psm_merge_n5,Psm,IncrementalTaskArithmeticPipeline,5,merge,finetune_2/test,event_precision,3,7 42 123,0.177407,0.025444,14.342
segsweep_psm_merge_n5,Psm,IncrementalTaskArithmeticPipeline,5,merge,finetune_2/test,event_recall,3,7 42 123,0.774648,0.0,0.0
segsweep_psm_merge_n5,Psm,IncrementalTaskArithmeticPipeline,5,merge,finetune_2/test,event_tp,3,7 42 123,55.0,0.0,0.0
segsweep_psm_merge_n5,Psm,IncrementalTaskArithmeticPipeline,5,merge,finetune_2/test,pa_f1,3,7 42 123,0.768488,0.002012,0.262
segsweep_psm_merge_n5,Psm,IncrementalTaskArithmeticPipeline,5,merge,finetune_2/test,pa_precision,3,7 42 123,0.651792,0.002949,0.452
segsweep_psm_merge_n5,Psm,IncrementalTaskArithmeticPipeline,5,merge,finetune_2/test,pa_recall,3,7 42 123,0.93609,0.000109,0.012
segsweep_psm_merge_n5,Psm,IncrementalTaskArithmeticPipeline,5,merge,finetune_2/test,point_auprc,3,7 42 123,0.557174,0.003758,0.674
segsweep_psm_merge_n5,Psm,IncrementalTaskArithmeticPipeline,5,merge,finetune_2/test,point_auroc,3,7 42 123,0.780333,0.004172,0.535
segsweep_psm_merge_n5,Psm,IncrementalTaskArithmeticPipeline,5,merge,finetune_2/test,point_f1,3,7 42 123,0.589501,0.003138,0.532
segsweep_psm_merge_n5,Psm,IncrementalTaskArithmeticPipeline,5,merge,finetune_2/test,point_precision,3,7 42 123,0.494975,0.004631,0.936
segsweep_psm_merge_n5,Psm,IncrementalTaskArithmeticPipeline,5,merge,finetune_2/test,point_recall,3,7 42 123,0.728936,0.016639,2.283
segsweep_psm_merge_n5,Psm,IncrementalTaskArithmeticPipeline,5,merge,finetune_2/test,window_auprc,3,7 42 123,0.63858,0.002413,0.378
segsweep_psm_merge_n5,Psm,IncrementalTaskArithmeticPipeline,5,merge,finetune_2/test,window_auroc,3,7 42 123,0.786208,0.003012,0.383
segsweep_psm_merge_n5,Psm,IncrementalTaskArithmeticPipeline,5,merge,finetune_2/test,window_f1,3,7 42 123,0.646088,0.002574,0.398
segsweep_psm_merge_n5,Psm,IncrementalTaskArithmeticPipeline,5,merge,finetune_2/test,window_precision,3,7 42 123,0.579315,0.008271,1.428
segsweep_psm_merge_n5,Psm,IncrementalTaskArithmeticPipeline,5,merge,finetune_2/test,window_recall,3,7 42 123,0.73047,0.010618,1.454
segsweep_psm_merge_n5,Psm,IncrementalTaskArithmeticPipeline,5,merge,finetune_3/test,event_f1,3,7 42 123,0.234968,0.01645,7.001
segsweep_psm_merge_n5,Psm,IncrementalTaskArithmeticPipeline,5,merge,finetune_3/test,event_fn,3,7 42 123,16.0,0.0,0.0
segsweep_psm_merge_n5,Psm,IncrementalTaskArithmeticPipeline,5,merge,finetune_3/test,event_fp,3,7 42 123,343.666667,32.56276,9.475
segsweep_psm_merge_n5,Psm,IncrementalTaskArithmeticPipeline,5,merge,finetune_3/test,event_precision,3,7 42 123,0.138583,0.011456,8.266
segsweep_psm_merge_n5,Psm,IncrementalTaskArithmeticPipeline,5,merge,finetune_3/test,event_recall,3,7 42 123,0.774648,0.0,0.0
segsweep_psm_merge_n5,Psm,IncrementalTaskArithmeticPipeline,5,merge,finetune_3/test,event_tp,3,7 42 123,55.0,0.0,0.0
segsweep_psm_merge_n5,Psm,IncrementalTaskArithmeticPipeline,5,merge,finetune_3/test,pa_f1,3,7 42 123,0.766443,6e-05,0.008
segsweep_psm_merge_n5,Psm,IncrementalTaskArithmeticPipeline,5,merge,finetune_3/test,pa_precision,3,7 42 123,0.66453,0.002237,0.337
segsweep_psm_merge_n5,Psm,IncrementalTaskArithmeticPipeline,5,merge,finetune_3/test,pa_recall,3,7 42 123,0.905297,0.004026,0.445
segsweep_psm_merge_n5,Psm,IncrementalTaskArithmeticPipeline,5,merge,finetune_3/test,point_auprc,3,7 42 123,0.545488,0.011275,2.067
segsweep_psm_merge_n5,Psm,IncrementalTaskArithmeticPipeline,5,merge,finetune_3/test,point_auroc,3,7 42 123,0.77481,0.001725,0.223
segsweep_psm_merge_n5,Psm,IncrementalTaskArithmeticPipeline,5,merge,finetune_3/test,point_f1,3,7 42 123,0.59202,0.002096,0.354
segsweep_psm_merge_n5,Psm,IncrementalTaskArithmeticPipeline,5,merge,finetune_3/test,point_precision,3,7 42 123,0.491947,0.00359,0.73
segsweep_psm_merge_n5,Psm,IncrementalTaskArithmeticPipeline,5,merge,finetune_3/test,point_recall,3,7 42 123,0.743238,0.002996,0.403
segsweep_psm_merge_n5,Psm,IncrementalTaskArithmeticPipeline,5,merge,finetune_3/test,window_auprc,3,7 42 123,0.627717,0.008249,1.314
segsweep_psm_merge_n5,Psm,IncrementalTaskArithmeticPipeline,5,merge,finetune_3/test,window_auroc,3,7 42 123,0.780927,0.001617,0.207
segsweep_psm_merge_n5,Psm,IncrementalTaskArithmeticPipeline,5,merge,finetune_3/test,window_f1,3,7 42 123,0.644791,0.002144,0.332
segsweep_psm_merge_n5,Psm,IncrementalTaskArithmeticPipeline,5,merge,finetune_3/test,window_precision,3,7 42 123,0.579354,0.001872,0.323
segsweep_psm_merge_n5,Psm,IncrementalTaskArithmeticPipeline,5,merge,finetune_3/test,window_recall,3,7 42 123,0.726902,0.003942,0.542
segsweep_psm_merge_n5,Psm,IncrementalTaskArithmeticPipeline,5,merge,finetune_4/test,event_f1,3,7 42 123,0.211753,0.019906,9.401
segsweep_psm_merge_n5,Psm,IncrementalTaskArithmeticPipeline,5,merge,finetune_4/test,event_fn,3,7 42 123,11.666667,4.618802,39.59
segsweep_psm_merge_n5,Psm,IncrementalTaskArithmeticPipeline,5,merge,finetune_4/test,event_fp,3,7 42 123,435.666667,87.156947,20.005
segsweep_psm_merge_n5,Psm,IncrementalTaskArithmeticPipeline,5,merge,finetune_4/test,event_precision,3,7 42 123,0.121618,0.014377,11.821
segsweep_psm_merge_n5,Psm,IncrementalTaskArithmeticPipeline,5,merge,finetune_4/test,event_recall,3,7 42 123,0.835681,0.065054,7.784
segsweep_psm_merge_n5,Psm,IncrementalTaskArithmeticPipeline,5,merge,finetune_4/test,event_tp,3,7 42 123,59.333333,4.618802,7.784
segsweep_psm_merge_n5,Psm,IncrementalTaskArithmeticPipeline,5,merge,finetune_4/test,pa_f1,3,7 42 123,0.766596,0.000194,0.025
segsweep_psm_merge_n5,Psm,IncrementalTaskArithmeticPipeline,5,merge,finetune_4/test,pa_precision,3,7 42 123,0.747032,0.144789,19.382
segsweep_psm_merge_n5,Psm,IncrementalTaskArithmeticPipeline,5,merge,finetune_4/test,pa_recall,3,7 42 123,0.825129,0.142881,17.316
segsweep_psm_merge_n5,Psm,IncrementalTaskArithmeticPipeline,5,merge,finetune_4/test,point_auprc,3,7 42 123,0.560459,0.006218,1.11
segsweep_psm_merge_n5,Psm,IncrementalTaskArithmeticPipeline,5,merge,finetune_4/test,point_auroc,3,7 42 123,0.782607,0.002713,0.347
segsweep_psm_merge_n5,Psm,IncrementalTaskArithmeticPipeline,5,merge,finetune_4/test,point_f1,3,7 42 123,0.585843,0.00584,0.997
segsweep_psm_merge_n5,Psm,IncrementalTaskArithmeticPipeline,5,merge,finetune_4/test,point_precision,3,7 42 123,0.453273,0.029853,6.586
segsweep_psm_merge_n5,Psm,IncrementalTaskArithmeticPipeline,5,merge,finetune_4/test,point_recall,3,7 42 123,0.839651,0.094255,11.225
segsweep_psm_merge_n5,Psm,IncrementalTaskArithmeticPipeline,5,merge,finetune_4/test,window_auprc,3,7 42 123,0.639799,0.004635,0.724
segsweep_psm_merge_n5,Psm,IncrementalTaskArithmeticPipeline,5,merge,finetune_4/test,window_auroc,3,7 42 123,0.787344,0.001754,0.223
segsweep_psm_merge_n5,Psm,IncrementalTaskArithmeticPipeline,5,merge,finetune_4/test,window_f1,3,7 42 123,0.646352,0.005519,0.854
segsweep_psm_merge_n5,Psm,IncrementalTaskArithmeticPipeline,5,merge,finetune_4/test,window_precision,3,7 42 123,0.512775,0.005872,1.145
segsweep_psm_merge_n5,Psm,IncrementalTaskArithmeticPipeline,5,merge,finetune_4/test,window_recall,3,7 42 123,0.874087,0.006963,0.797
segsweep_psm_merge_n5,Psm,IncrementalTaskArithmeticPipeline,5,merge,merged/test,event_f1,3,7 42 123,0.15179,0.002486,1.638
segsweep_psm_merge_n5,Psm,IncrementalTaskArithmeticPipeline,5,merge,merged/test,event_fn,3,7 42 123,15.333333,0.57735,3.765
segsweep_psm_merge_n5,Psm,IncrementalTaskArithmeticPipeline,5,merge,merged/test,event_fp,3,7 42 123,607.0,18.083141,2.979
segsweep_psm_merge_n5,Psm,IncrementalTaskArithmeticPipeline,5,merge,merged/test,event_precision,3,7 42 123,0.084033,0.001599,1.903
segsweep_psm_merge_n5,Psm,IncrementalTaskArithmeticPipeline,5,merge,merged/test,event_recall,3,7 42 123,0.784038,0.008132,1.037
segsweep_psm_merge_n5,Psm,IncrementalTaskArithmeticPipeline,5,merge,merged/test,event_tp,3,7 42 123,55.666667,0.57735,1.037
segsweep_psm_merge_n5,Psm,IncrementalTaskArithmeticPipeline,5,merge,merged/test,pa_f1,3,7 42 123,0.771839,0.003851,0.499
segsweep_psm_merge_n5,Psm,IncrementalTaskArithmeticPipeline,5,merge,merged/test,pa_precision,3,7 42 123,0.660448,0.005391,0.816
segsweep_psm_merge_n5,Psm,IncrementalTaskArithmeticPipeline,5,merge,merged/test,pa_recall,3,7 42 123,0.928501,0.00846,0.911
segsweep_psm_merge_n5,Psm,IncrementalTaskArithmeticPipeline,5,merge,merged/test,point_auprc,3,7 42 123,0.557759,0.003425,0.614
segsweep_psm_merge_n5,Psm,IncrementalTaskArithmeticPipeline,5,merge,merged/test,point_auroc,3,7 42 123,0.797458,0.004707,0.59
segsweep_psm_merge_n5,Psm,IncrementalTaskArithmeticPipeline,5,merge,merged/test,point_f1,3,7 42 123,0.633904,0.015559,2.455
segsweep_psm_merge_n5,Psm,IncrementalTaskArithmeticPipeline,5,merge,merged/test,point_precision,3,7 42 123,0.507081,0.019978,3.94
segsweep_psm_merge_n5,Psm,IncrementalTaskArithmeticPipeline,5,merge,merged/test,point_recall,3,7 42 123,0.846091,0.01717,2.029
segsweep_psm_merge_n5,Psm,IncrementalTaskArithmeticPipeline,5,merge,merged/test,window_auprc,3,7 42 123,0.639216,0.002783,0.435
segsweep_psm_merge_n5,Psm,IncrementalTaskArithmeticPipeline,5,merge,merged/test,window_auroc,3,7 42 123,0.794416,0.004909,0.618
segsweep_psm_merge_n5,Psm,IncrementalTaskArithmeticPipeline,5,merge,merged/test,window_f1,3,7 42 123,0.686309,0.013161,1.918
segsweep_psm_merge_n5,Psm,IncrementalTaskArithmeticPipeline,5,merge,merged/test,window_precision,3,7 42 123,0.592243,0.021476,3.626
segsweep_psm_merge_n5,Psm,IncrementalTaskArithmeticPipeline,5,merge,merged/test,window_recall,3,7 42 123,0.816584,0.015145,1.855
segsweep_psm_merge_n5,Psm,IncrementalTaskArithmeticPipeline,5,merge,merged/val,reconstruction/score_mean,3,7 42 123,0.378055,0.030955,8.188
segsweep_psm_merge_n5,Psm,IncrementalTaskArithmeticPipeline,5,merge,merged/val,reconstruction/score_p50,3,7 42 123,0.289829,0.035415,12.219
segsweep_psm_merge_n5,Psm,IncrementalTaskArithmeticPipeline,5,merge,merged/val,reconstruction/score_p95,3,7 42 123,1.038261,0.107155,10.321
segsweep_psm_merge_n5,Psm,IncrementalTaskArithmeticPipeline,5,merge,merged/val,reconstruction/score_p99,3,7 42 123,1.720078,0.043178,2.51
segsweep_psm_merge_n5,Psm,IncrementalTaskArithmeticPipeline,5,merge,merged/val,reconstruction/score_std,3,7 42 123,0.275798,0.01287,4.666
segsweep_psm_seq_n2,Psm,ContinualFineTuningPipeline,2,sequential,baseline/test,event_f1,3,7 42 123,0.238114,0.01468,6.165
segsweep_psm_seq_n2,Psm,ContinualFineTuningPipeline,2,sequential,baseline/test,event_fn,3,7 42 123,16.333333,2.886751,17.674
segsweep_psm_seq_n2,Psm,ContinualFineTuningPipeline,2,sequential,baseline/test,event_fp,3,7 42 123,333.666667,7.505553,2.249
segsweep_psm_seq_n2,Psm,ContinualFineTuningPipeline,2,sequential,baseline/test,event_precision,3,7 42 123,0.140837,0.008921,6.334
segsweep_psm_seq_n2,Psm,ContinualFineTuningPipeline,2,sequential,baseline/test,event_recall,3,7 42 123,0.769953,0.040658,5.281
segsweep_psm_seq_n2,Psm,ContinualFineTuningPipeline,2,sequential,baseline/test,event_tp,3,7 42 123,54.666667,2.886751,5.281
segsweep_psm_seq_n2,Psm,ContinualFineTuningPipeline,2,sequential,baseline/test,pa_f1,3,7 42 123,0.800932,0.008024,1.002
segsweep_psm_seq_n2,Psm,ContinualFineTuningPipeline,2,sequential,baseline/test,pa_precision,3,7 42 123,0.947817,0.022444,2.368
segsweep_psm_seq_n2,Psm,ContinualFineTuningPipeline,2,sequential,baseline/test,pa_recall,3,7 42 123,0.693576,7.1e-05,0.01
segsweep_psm_seq_n2,Psm,ContinualFineTuningPipeline,2,sequential,baseline/test,point_auprc,3,7 42 123,0.561693,0.000971,0.173
segsweep_psm_seq_n2,Psm,ContinualFineTuningPipeline,2,sequential,baseline/test,point_auroc,3,7 42 123,0.772028,0.004943,0.64
segsweep_psm_seq_n2,Psm,ContinualFineTuningPipeline,2,sequential,baseline/test,point_f1,3,7 42 123,0.580674,0.002887,0.497
segsweep_psm_seq_n2,Psm,ContinualFineTuningPipeline,2,sequential,baseline/test,point_precision,3,7 42 123,0.468155,0.003629,0.775
segsweep_psm_seq_n2,Psm,ContinualFineTuningPipeline,2,sequential,baseline/test,point_recall,3,7 42 123,0.764528,0.011686,1.529
segsweep_psm_seq_n2,Psm,ContinualFineTuningPipeline,2,sequential,baseline/test,window_auprc,3,7 42 123,0.637997,0.000933,0.146
segsweep_psm_seq_n2,Psm,ContinualFineTuningPipeline,2,sequential,baseline/test,window_auroc,3,7 42 123,0.775945,0.00428,0.552
segsweep_psm_seq_n2,Psm,ContinualFineTuningPipeline,2,sequential,baseline/test,window_f1,3,7 42 123,0.637154,0.004941,0.775
segsweep_psm_seq_n2,Psm,ContinualFineTuningPipeline,2,sequential,baseline/test,window_precision,3,7 42 123,0.524046,0.014495,2.766
segsweep_psm_seq_n2,Psm,ContinualFineTuningPipeline,2,sequential,baseline/test,window_recall,3,7 42 123,0.814619,0.043357,5.322
segsweep_psm_seq_n2,Psm,ContinualFineTuningPipeline,2,sequential,continual_0/test,event_f1,3,7 42 123,0.278635,0.049778,17.865
segsweep_psm_seq_n2,Psm,ContinualFineTuningPipeline,2,sequential,continual_0/test,event_fn,3,7 42 123,13.333333,3.785939,28.395
segsweep_psm_seq_n2,Psm,ContinualFineTuningPipeline,2,sequential,continual_0/test,event_fp,3,7 42 123,298.666667,109.737566,36.742
segsweep_psm_seq_n2,Psm,ContinualFineTuningPipeline,2,sequential,continual_0/test,event_precision,3,7 42 123,0.169712,0.037376,22.023
segsweep_psm_seq_n2,Psm,ContinualFineTuningPipeline,2,sequential,continual_0/test,event_recall,3,7 42 123,0.812207,0.053323,6.565
segsweep_psm_seq_n2,Psm,ContinualFineTuningPipeline,2,sequential,continual_0/test,event_tp,3,7 42 123,57.666667,3.785939,6.565
segsweep_psm_seq_n2,Psm,ContinualFineTuningPipeline,2,sequential,continual_0/test,pa_f1,3,7 42 123,0.766335,0.000319,0.042
segsweep_psm_seq_n2,Psm,ContinualFineTuningPipeline,2,sequential,continual_0/test,pa_precision,3,7 42 123,0.66311,0.000477,0.072
segsweep_psm_seq_n2,Psm,ContinualFineTuningPipeline,2,sequential,continual_0/test,pa_recall,3,7 42 123,0.907622,0.0,0.0
segsweep_psm_seq_n2,Psm,ContinualFineTuningPipeline,2,sequential,continual_0/test,point_auprc,3,7 42 123,0.559995,6.2e-05,0.011
segsweep_psm_seq_n2,Psm,ContinualFineTuningPipeline,2,sequential,continual_0/test,point_auroc,3,7 42 123,0.787434,0.002369,0.301
segsweep_psm_seq_n2,Psm,ContinualFineTuningPipeline,2,sequential,continual_0/test,point_f1,3,7 42 123,0.599207,0.00085,0.142
segsweep_psm_seq_n2,Psm,ContinualFineTuningPipeline,2,sequential,continual_0/test,point_precision,3,7 42 123,0.485431,0.02421,4.987
segsweep_psm_seq_n2,Psm,ContinualFineTuningPipeline,2,sequential,continual_0/test,point_recall,3,7 42 123,0.788976,0.072077,9.135
segsweep_psm_seq_n2,Psm,ContinualFineTuningPipeline,2,sequential,continual_0/test,window_auprc,3,7 42 123,0.643125,0.000852,0.132
segsweep_psm_seq_n2,Psm,ContinualFineTuningPipeline,2,sequential,continual_0/test,window_auroc,3,7 42 123,0.791609,0.001242,0.157
segsweep_psm_seq_n2,Psm,ContinualFineTuningPipeline,2,sequential,continual_0/test,window_f1,3,7 42 123,0.657012,0.000884,0.135
segsweep_psm_seq_n2,Psm,ContinualFineTuningPipeline,2,sequential,continual_0/test,window_precision,3,7 42 123,0.561459,0.029562,5.265
segsweep_psm_seq_n2,Psm,ContinualFineTuningPipeline,2,sequential,continual_0/test,window_recall,3,7 42 123,0.796644,0.057409,7.206
segsweep_psm_seq_n2,Psm,ContinualFineTuningPipeline,2,sequential,continual_1/test,event_f1,3,7 42 123,0.268288,0.013421,5.003
segsweep_psm_seq_n2,Psm,ContinualFineTuningPipeline,2,sequential,continual_1/test,event_fn,3,7 42 123,12.0,2.0,16.667
segsweep_psm_seq_n2,Psm,ContinualFineTuningPipeline,2,sequential,continual_1/test,event_fp,3,7 42 123,311.0,33.719431,10.842
segsweep_psm_seq_n2,Psm,ContinualFineTuningPipeline,2,sequential,continual_1/test,event_precision,3,7 42 123,0.160137,0.010638,6.643
segsweep_psm_seq_n2,Psm,ContinualFineTuningPipeline,2,sequential,continual_1/test,event_recall,3,7 42 123,0.830986,0.028169,3.39
segsweep_psm_seq_n2,Psm,ContinualFineTuningPipeline,2,sequential,continual_1/test,event_tp,3,7 42 123,59.0,2.0,3.39
segsweep_psm_seq_n2,Psm,ContinualFineTuningPipeline,2,sequential,continual_1/test,pa_f1,3,7 42 123,0.767552,0.001764,0.23
segsweep_psm_seq_n2,Psm,ContinualFineTuningPipeline,2,sequential,continual_1/test,pa_precision,3,7 42 123,0.656451,0.009479,1.444
segsweep_psm_seq_n2,Psm,ContinualFineTuningPipeline,2,sequential,continual_1/test,pa_recall,3,7 42 123,0.924399,0.020498,2.217
segsweep_psm_seq_n2,Psm,ContinualFineTuningPipeline,2,sequential,continual_1/test,point_auprc,3,7 42 123,0.56952,0.001697,0.298
segsweep_psm_seq_n2,Psm,ContinualFineTuningPipeline,2,sequential,continual_1/test,point_auroc,3,7 42 123,0.802682,0.002542,0.317
segsweep_psm_seq_n2,Psm,ContinualFineTuningPipeline,2,sequential,continual_1/test,point_f1,3,7 42 123,0.628692,0.009294,1.478
segsweep_psm_seq_n2,Psm,ContinualFineTuningPipeline,2,sequential,continual_1/test,point_precision,3,7 42 123,0.499507,0.010322,2.067
segsweep_psm_seq_n2,Psm,ContinualFineTuningPipeline,2,sequential,continual_1/test,point_recall,3,7 42 123,0.848101,0.004316,0.509
segsweep_psm_seq_n2,Psm,ContinualFineTuningPipeline,2,sequential,continual_1/test,window_auprc,3,7 42 123,0.650901,0.001326,0.204
segsweep_psm_seq_n2,Psm,ContinualFineTuningPipeline,2,sequential,continual_1/test,window_auroc,3,7 42 123,0.803046,0.001464,0.182
segsweep_psm_seq_n2,Psm,ContinualFineTuningPipeline,2,sequential,continual_1/test,window_f1,3,7 42 123,0.682552,0.008839,1.295
segsweep_psm_seq_n2,Psm,ContinualFineTuningPipeline,2,sequential,continual_1/test,window_precision,3,7 42 123,0.588824,0.012653,2.149
segsweep_psm_seq_n2,Psm,ContinualFineTuningPipeline,2,sequential,continual_1/test,window_recall,3,7 42 123,0.811966,0.008982,1.106
segsweep_psm_seq_n5,Psm,ContinualFineTuningPipeline,5,sequential,baseline/test,event_f1,3,7 42 123,0.251115,0.037135,14.788
segsweep_psm_seq_n5,Psm,ContinualFineTuningPipeline,5,sequential,baseline/test,event_fn,3,7 42 123,18.666667,1.154701,6.186
segsweep_psm_seq_n5,Psm,ContinualFineTuningPipeline,5,sequential,baseline/test,event_fp,3,7 42 123,300.0,65.046137,21.682
segsweep_psm_seq_n5,Psm,ContinualFineTuningPipeline,5,sequential,baseline/test,event_precision,3,7 42 123,0.152084,0.028344,18.637
segsweep_psm_seq_n5,Psm,ContinualFineTuningPipeline,5,sequential,baseline/test,event_recall,3,7 42 123,0.737089,0.016263,2.206
segsweep_psm_seq_n5,Psm,ContinualFineTuningPipeline,5,sequential,baseline/test,event_tp,3,7 42 123,52.333333,1.154701,2.206
segsweep_psm_seq_n5,Psm,ContinualFineTuningPipeline,5,sequential,baseline/test,pa_f1,3,7 42 123,0.788668,0.017184,2.179
segsweep_psm_seq_n5,Psm,ContinualFineTuningPipeline,5,sequential,baseline/test,pa_precision,3,7 42 123,0.934304,0.019237,2.059
segsweep_psm_seq_n5,Psm,ContinualFineTuningPipeline,5,sequential,baseline/test,pa_recall,3,7 42 123,0.682446,0.019314,2.83
segsweep_psm_seq_n5,Psm,ContinualFineTuningPipeline,5,sequential,baseline/test,point_auprc,3,7 42 123,0.561143,0.001454,0.259
segsweep_psm_seq_n5,Psm,ContinualFineTuningPipeline,5,sequential,baseline/test,point_auroc,3,7 42 123,0.769908,0.007861,1.021
segsweep_psm_seq_n5,Psm,ContinualFineTuningPipeline,5,sequential,baseline/test,point_f1,3,7 42 123,0.578094,0.00526,0.91
segsweep_psm_seq_n5,Psm,ContinualFineTuningPipeline,5,sequential,baseline/test,point_precision,3,7 42 123,0.474753,0.008079,1.702
segsweep_psm_seq_n5,Psm,ContinualFineTuningPipeline,5,sequential,baseline/test,point_recall,3,7 42 123,0.740094,0.033524,4.53
segsweep_psm_seq_n5,Psm,ContinualFineTuningPipeline,5,sequential,baseline/test,window_auprc,3,7 42 123,0.635609,0.003205,0.504
segsweep_psm_seq_n5,Psm,ContinualFineTuningPipeline,5,sequential,baseline/test,window_auroc,3,7 42 123,0.772194,0.00953,1.234
segsweep_psm_seq_n5,Psm,ContinualFineTuningPipeline,5,sequential,baseline/test,window_f1,3,7 42 123,0.631396,0.012257,1.941
segsweep_psm_seq_n5,Psm,ContinualFineTuningPipeline,5,sequential,baseline/test,window_precision,3,7 42 123,0.526769,0.019181,3.641
segsweep_psm_seq_n5,Psm,ContinualFineTuningPipeline,5,sequential,baseline/test,window_recall,3,7 42 123,0.793607,0.077109,9.716
segsweep_psm_seq_n5,Psm,ContinualFineTuningPipeline,5,sequential,continual_0/test,event_f1,3,7 42 123,0.240195,0.050819,21.157
segsweep_psm_seq_n5,Psm,ContinualFineTuningPipeline,5,sequential,continual_0/test,event_fn,3,7 42 123,17.666667,0.57735,3.268
segsweep_psm_seq_n5,Psm,ContinualFineTuningPipeline,5,sequential,continual_0/test,event_fp,3,7 42 123,332.333333,89.052419,26.796
segsweep_psm_seq_n5,Psm,ContinualFineTuningPipeline,5,sequential,continual_0/test,event_precision,3,7 42 123,0.143982,0.036936,25.653
segsweep_psm_seq_n5,Psm,ContinualFineTuningPipeline,5,sequential,continual_0/test,event_recall,3,7 42 123,0.751174,0.008132,1.083
segsweep_psm_seq_n5,Psm,ContinualFineTuningPipeline,5,sequential,continual_0/test,event_tp,3,7 42 123,53.333333,0.57735,1.083
segsweep_psm_seq_n5,Psm,ContinualFineTuningPipeline,5,sequential,continual_0/test,pa_f1,3,7 42 123,0.771035,0.008029,1.041
segsweep_psm_seq_n5,Psm,ContinualFineTuningPipeline,5,sequential,continual_0/test,pa_precision,3,7 42 123,0.740559,0.130894,17.675
segsweep_psm_seq_n5,Psm,ContinualFineTuningPipeline,5,sequential,continual_0/test,pa_recall,3,7 42 123,0.834099,0.12167,14.587
segsweep_psm_seq_n5,Psm,ContinualFineTuningPipeline,5,sequential,continual_0/test,point_auprc,3,7 42 123,0.55558,0.005263,0.947
segsweep_psm_seq_n5,Psm,ContinualFineTuningPipeline,5,sequential,continual_0/test,point_auroc,3,7 42 123,0.767534,0.006491,0.846
segsweep_psm_seq_n5,Psm,ContinualFineTuningPipeline,5,sequential,continual_0/test,point_f1,3,7 42 123,0.576982,0.007111,1.232
segsweep_psm_seq_n5,Psm,ContinualFineTuningPipeline,5,sequential,continual_0/test,point_precision,3,7 42 123,0.473583,0.012129,2.561
segsweep_psm_seq_n5,Psm,ContinualFineTuningPipeline,5,sequential,continual_0/test,point_recall,3,7 42 123,0.738849,0.021175,2.866
segsweep_psm_seq_n5,Psm,ContinualFineTuningPipeline,5,sequential,continual_0/test,window_auprc,3,7 42 123,0.631676,0.003025,0.479
segsweep_psm_seq_n5,Psm,ContinualFineTuningPipeline,5,sequential,continual_0/test,window_auroc,3,7 42 123,0.77071,0.00868,1.126
segsweep_psm_seq_n5,Psm,ContinualFineTuningPipeline,5,sequential,continual_0/test,window_f1,3,7 42 123,0.62837,0.009729,1.548
segsweep_psm_seq_n5,Psm,ContinualFineTuningPipeline,5,sequential,continual_0/test,window_precision,3,7 42 123,0.544663,0.031047,5.7
segsweep_psm_seq_n5,Psm,ContinualFineTuningPipeline,5,sequential,continual_0/test,window_recall,3,7 42 123,0.747451,0.059813,8.002
segsweep_psm_seq_n5,Psm,ContinualFineTuningPipeline,5,sequential,continual_1/test,event_f1,3,7 42 123,0.338158,0.035965,10.636
segsweep_psm_seq_n5,Psm,ContinualFineTuningPipeline,5,sequential,continual_1/test,event_fn,3,7 42 123,15.333333,1.154701,7.531
segsweep_psm_seq_n5,Psm,ContinualFineTuningPipeline,5,sequential,continual_1/test,event_fp,3,7 42 123,205.333333,38.63073,18.814
segsweep_psm_seq_n5,Psm,ContinualFineTuningPipeline,5,sequential,continual_1/test,event_precision,3,7 42 123,0.216323,0.030478,14.089
segsweep_psm_seq_n5,Psm,ContinualFineTuningPipeline,5,sequential,continual_1/test,event_recall,3,7 42 123,0.784038,0.016263,2.074
segsweep_psm_seq_n5,Psm,ContinualFineTuningPipeline,5,sequential,continual_1/test,event_tp,3,7 42 123,55.666667,1.154701,2.074
segsweep_psm_seq_n5,Psm,ContinualFineTuningPipeline,5,sequential,continual_1/test,pa_f1,3,7 42 123,0.767076,0.000488,0.064
segsweep_psm_seq_n5,Psm,ContinualFineTuningPipeline,5,sequential,continual_1/test,pa_precision,3,7 42 123,0.66574,0.00301,0.452
segsweep_psm_seq_n5,Psm,ContinualFineTuningPipeline,5,sequential,continual_1/test,pa_recall,3,7 42 123,0.904832,0.004446,0.491
segsweep_psm_seq_n5,Psm,ContinualFineTuningPipeline,5,sequential,continual_1/test,point_auprc,3,7 42 123,0.558056,0.003366,0.603
segsweep_psm_seq_n5,Psm,ContinualFineTuningPipeline,5,sequential,continual_1/test,point_auroc,3,7 42 123,0.780551,0.009015,1.155
segsweep_psm_seq_n5,Psm,ContinualFineTuningPipeline,5,sequential,continual_1/test,point_f1,3,7 42 123,0.589299,0.013874,2.354
segsweep_psm_seq_n5,Psm,ContinualFineTuningPipeline,5,sequential,continual_1/test,point_precision,3,7 42 123,0.486136,0.017965,3.696
segsweep_psm_seq_n5,Psm,ContinualFineTuningPipeline,5,sequential,continual_1/test,point_recall,3,7 42 123,0.748407,0.002702,0.361
segsweep_psm_seq_n5,Psm,ContinualFineTuningPipeline,5,sequential,continual_1/test,window_auprc,3,7 42 123,0.638548,0.00654,1.024
segsweep_psm_seq_n5,Psm,ContinualFineTuningPipeline,5,sequential,continual_1/test,window_auroc,3,7 42 123,0.783846,0.010782,1.376
segsweep_psm_seq_n5,Psm,ContinualFineTuningPipeline,5,sequential,continual_1/test,window_f1,3,7 42 123,0.645216,0.015192,2.354
segsweep_psm_seq_n5,Psm,ContinualFineTuningPipeline,5,sequential,continual_1/test,window_precision,3,7 42 123,0.57595,0.023178,4.024
segsweep_psm_seq_n5,Psm,ContinualFineTuningPipeline,5,sequential,continual_1/test,window_recall,3,7 42 123,0.733835,0.002627,0.358
segsweep_psm_seq_n5,Psm,ContinualFineTuningPipeline,5,sequential,continual_2/test,event_f1,3,7 42 123,0.265218,0.080481,30.345
segsweep_psm_seq_n5,Psm,ContinualFineTuningPipeline,5,sequential,continual_2/test,event_fn,3,7 42 123,11.0,4.358899,39.626
segsweep_psm_seq_n5,Psm,ContinualFineTuningPipeline,5,sequential,continual_2/test,event_fp,3,7 42 123,353.666667,155.712342,44.028
segsweep_psm_seq_n5,Psm,ContinualFineTuningPipeline,5,sequential,continual_2/test,event_precision,3,7 42 123,0.160866,0.06188,38.467
segsweep_psm_seq_n5,Psm,ContinualFineTuningPipeline,5,sequential,continual_2/test,event_recall,3,7 42 123,0.84507,0.061393,7.265
segsweep_psm_seq_n5,Psm,ContinualFineTuningPipeline,5,sequential,continual_2/test,event_tp,3,7 42 123,60.0,4.358899,7.265
segsweep_psm_seq_n5,Psm,ContinualFineTuningPipeline,5,sequential,continual_2/test,pa_f1,3,7 42 123,0.769696,0.002107,0.274
segsweep_psm_seq_n5,Psm,ContinualFineTuningPipeline,5,sequential,continual_2/test,pa_precision,3,7 42 123,0.659786,0.008195,1.242
segsweep_psm_seq_n5,Psm,ContinualFineTuningPipeline,5,sequential,continual_2/test,pa_recall,3,7 42 123,0.923989,0.021031,2.276
segsweep_psm_seq_n5,Psm,ContinualFineTuningPipeline,5,sequential,continual_2/test,point_auprc,3,7 42 123,0.562114,0.00507,0.902
segsweep_psm_seq_n5,Psm,ContinualFineTuningPipeline,5,sequential,continual_2/test,point_auroc,3,7 42 123,0.78841,0.010403,1.319
segsweep_psm_seq_n5,Psm,ContinualFineTuningPipeline,5,sequential,continual_2/test,point_f1,3,7 42 123,0.60113,0.018036,3.0
segsweep_psm_seq_n5,Psm,ContinualFineTuningPipeline,5,sequential,continual_2/test,point_precision,3,7 42 123,0.474626,0.003762,0.793
segsweep_psm_seq_n5,Psm,ContinualFineTuningPipeline,5,sequential,continual_2/test,point_recall,3,7 42 123,0.822709,0.072723,8.839
segsweep_psm_seq_n5,Psm,ContinualFineTuningPipeline,5,sequential,continual_2/test,window_auprc,3,7 42 123,0.642703,0.00758,1.179
segsweep_psm_seq_n5,Psm,ContinualFineTuningPipeline,5,sequential,continual_2/test,window_auroc,3,7 42 123,0.790093,0.011021,1.395
segsweep_psm_seq_n5,Psm,ContinualFineTuningPipeline,5,sequential,continual_2/test,window_f1,3,7 42 123,0.658698,0.01906,2.894
segsweep_psm_seq_n5,Psm,ContinualFineTuningPipeline,5,sequential,continual_2/test,window_precision,3,7 42 123,0.561272,0.006468,1.152
segsweep_psm_seq_n5,Psm,ContinualFineTuningPipeline,5,sequential,continual_2/test,window_recall,3,7 42 123,0.79967,0.064776,8.1
segsweep_psm_seq_n5,Psm,ContinualFineTuningPipeline,5,sequential,continual_3/test,event_f1,3,7 42 123,0.20158,0.03297,16.356
segsweep_psm_seq_n5,Psm,ContinualFineTuningPipeline,5,sequential,continual_3/test,event_fn,3,7 42 123,10.333333,1.154701,11.175
segsweep_psm_seq_n5,Psm,ContinualFineTuningPipeline,5,sequential,continual_3/test,event_fp,3,7 42 123,481.666667,105.101538,21.82
segsweep_psm_seq_n5,Psm,ContinualFineTuningPipeline,5,sequential,continual_3/test,event_precision,3,7 42 123,0.114638,0.021567,18.813
segsweep_psm_seq_n5,Psm,ContinualFineTuningPipeline,5,sequential,continual_3/test,event_recall,3,7 42 123,0.85446,0.016263,1.903
segsweep_psm_seq_n5,Psm,ContinualFineTuningPipeline,5,sequential,continual_3/test,event_tp,3,7 42 123,60.666667,1.154701,1.903
segsweep_psm_seq_n5,Psm,ContinualFineTuningPipeline,5,sequential,continual_3/test,pa_f1,3,7 42 123,0.767661,0.001891,0.246
segsweep_psm_seq_n5,Psm,ContinualFineTuningPipeline,5,sequential,continual_3/test,pa_precision,3,7 42 123,0.661705,0.007006,1.059
segsweep_psm_seq_n5,Psm,ContinualFineTuningPipeline,5,sequential,continual_3/test,pa_recall,3,7 42 123,0.914363,0.018872,2.064
segsweep_psm_seq_n5,Psm,ContinualFineTuningPipeline,5,sequential,continual_3/test,point_auprc,3,7 42 123,0.561619,0.003074,0.547
segsweep_psm_seq_n5,Psm,ContinualFineTuningPipeline,5,sequential,continual_3/test,point_auroc,3,7 42 123,0.792388,0.006111,0.771
segsweep_psm_seq_n5,Psm,ContinualFineTuningPipeline,5,sequential,continual_3/test,point_f1,3,7 42 123,0.614004,0.010597,1.726
segsweep_psm_seq_n5,Psm,ContinualFineTuningPipeline,5,sequential,continual_3/test,point_precision,3,7 42 123,0.475883,0.014828,3.116
segsweep_psm_seq_n5,Psm,ContinualFineTuningPipeline,5,sequential,continual_3/test,point_recall,3,7 42 123,0.865726,0.011073,1.279
segsweep_psm_seq_n5,Psm,ContinualFineTuningPipeline,5,sequential,continual_3/test,window_auprc,3,7 42 123,0.642091,0.004658,0.725
segsweep_psm_seq_n5,Psm,ContinualFineTuningPipeline,5,sequential,continual_3/test,window_auroc,3,7 42 123,0.791992,0.006562,0.828
segsweep_psm_seq_n5,Psm,ContinualFineTuningPipeline,5,sequential,continual_3/test,window_f1,3,7 42 123,0.67113,0.011376,1.695
segsweep_psm_seq_n5,Psm,ContinualFineTuningPipeline,5,sequential,continual_3/test,window_precision,3,7 42 123,0.560332,0.018533,3.307
segsweep_psm_seq_n5,Psm,ContinualFineTuningPipeline,5,sequential,continual_3/test,window_recall,3,7 42 123,0.83711,0.007304,0.873
segsweep_psm_seq_n5,Psm,ContinualFineTuningPipeline,5,sequential,continual_4/test,event_f1,3,7 42 123,0.255037,0.031738,12.445
segsweep_psm_seq_n5,Psm,ContinualFineTuningPipeline,5,sequential,continual_4/test,event_fn,3,7 42 123,10.333333,1.527525,14.783
segsweep_psm_seq_n5,Psm,ContinualFineTuningPipeline,5,sequential,continual_4/test,event_fp,3,7 42 123,349.666667,65.957057,18.863
segsweep_psm_seq_n5,Psm,ContinualFineTuningPipeline,5,sequential,continual_4/test,event_precision,3,7 42 123,0.150359,0.022965,15.273
segsweep_psm_seq_n5,Psm,ContinualFineTuningPipeline,5,sequential,continual_4/test,event_recall,3,7 42 123,0.85446,0.021514,2.518
segsweep_psm_seq_n5,Psm,ContinualFineTuningPipeline,5,sequential,continual_4/test,event_tp,3,7 42 123,60.666667,1.527525,2.518
segsweep_psm_seq_n5,Psm,ContinualFineTuningPipeline,5,sequential,continual_4/test,pa_f1,3,7 42 123,0.767951,0.001431,0.186
segsweep_psm_seq_n5,Psm,ContinualFineTuningPipeline,5,sequential,continual_4/test,pa_precision,3,7 42 123,0.657094,0.009617,1.464
segsweep_psm_seq_n5,Psm,ContinualFineTuningPipeline,5,sequential,continual_4/test,pa_recall,3,7 42 123,0.92429,0.02051,2.219
segsweep_psm_seq_n5,Psm,ContinualFineTuningPipeline,5,sequential,continual_4/test,point_auprc,3,7 42 123,0.562202,0.004504,0.801
segsweep_psm_seq_n5,Psm,ContinualFineTuningPipeline,5,sequential,continual_4/test,point_auroc,3,7 42 123,0.794264,0.008459,1.065
segsweep_psm_seq_n5,Psm,ContinualFineTuningPipeline,5,sequential,continual_4/test,point_f1,3,7 42 123,0.611858,0.018087,2.956
segsweep_psm_seq_n5,Psm,ContinualFineTuningPipeline,5,sequential,continual_4/test,point_precision,3,7 42 123,0.47193,0.019551,4.143
segsweep_psm_seq_n5,Psm,ContinualFineTuningPipeline,5,sequential,continual_4/test,point_recall,3,7 42 123,0.870197,0.007811,0.898
segsweep_psm_seq_n5,Psm,ContinualFineTuningPipeline,5,sequential,continual_4/test,window_auprc,3,7 42 123,0.642633,0.007348,1.143
segsweep_psm_seq_n5,Psm,ContinualFineTuningPipeline,5,sequential,continual_4/test,window_auroc,3,7 42 123,0.795251,0.009797,1.232
segsweep_psm_seq_n5,Psm,ContinualFineTuningPipeline,5,sequential,continual_4/test,window_f1,3,7 42 123,0.66647,0.018448,2.768
segsweep_psm_seq_n5,Psm,ContinualFineTuningPipeline,5,sequential,continual_4/test,window_precision,3,7 42 123,0.554567,0.025348,4.571
segsweep_psm_seq_n5,Psm,ContinualFineTuningPipeline,5,sequential,continual_4/test,window_recall,3,7 42 123,0.835665,0.003046,0.364
segsweep_swat_merge_n2,Swat,IncrementalTaskArithmeticPipeline,2,merge,baseline/test,event_f1,3,7 42 123,0.231553,0.013776,5.949
segsweep_swat_merge_n2,Swat,IncrementalTaskArithmeticPipeline,2,merge,baseline/test,event_fn,3,7 42 123,26.333333,0.57735,2.192
segsweep_swat_merge_n2,Swat,IncrementalTaskArithmeticPipeline,2,merge,baseline/test,event_fp,3,7 42 123,31.333333,5.859465,18.7
segsweep_swat_merge_n2,Swat,IncrementalTaskArithmeticPipeline,2,merge,baseline/test,event_precision,3,7 42 123,0.218968,0.024154,11.031
segsweep_swat_merge_n2,Swat,IncrementalTaskArithmeticPipeline,2,merge,baseline/test,event_recall,3,7 42 123,0.247619,0.016496,6.662
segsweep_swat_merge_n2,Swat,IncrementalTaskArithmeticPipeline,2,merge,baseline/test,event_tp,3,7 42 123,8.666667,0.57735,6.662
segsweep_swat_merge_n2,Swat,IncrementalTaskArithmeticPipeline,2,merge,baseline/test,pa_f1,3,7 42 123,0.839233,0.007949,0.947
segsweep_swat_merge_n2,Swat,IncrementalTaskArithmeticPipeline,2,merge,baseline/test,pa_precision,3,7 42 123,0.932696,0.017075,1.831
segsweep_swat_merge_n2,Swat,IncrementalTaskArithmeticPipeline,2,merge,baseline/test,pa_recall,3,7 42 123,0.762875,0.005274,0.691
segsweep_swat_merge_n2,Swat,IncrementalTaskArithmeticPipeline,2,merge,baseline/test,point_auprc,3,7 42 123,0.704852,0.0045,0.638
segsweep_swat_merge_n2,Swat,IncrementalTaskArithmeticPipeline,2,merge,baseline/test,point_auroc,3,7 42 123,0.815174,0.001058,0.13
segsweep_swat_merge_n2,Swat,IncrementalTaskArithmeticPipeline,2,merge,baseline/test,point_f1,3,7 42 123,0.766295,0.000613,0.08
segsweep_swat_merge_n2,Swat,IncrementalTaskArithmeticPipeline,2,merge,baseline/test,point_precision,3,7 42 123,0.977327,0.001866,0.191
segsweep_swat_merge_n2,Swat,IncrementalTaskArithmeticPipeline,2,merge,baseline/test,point_recall,3,7 42 123,0.630215,0.000156,0.025
segsweep_swat_merge_n2,Swat,IncrementalTaskArithmeticPipeline,2,merge,baseline/test,window_auprc,3,7 42 123,0.702121,0.000872,0.124
segsweep_swat_merge_n2,Swat,IncrementalTaskArithmeticPipeline,2,merge,baseline/test,window_auroc,3,7 42 123,0.799784,0.001199,0.15
segsweep_swat_merge_n2,Swat,IncrementalTaskArithmeticPipeline,2,merge,baseline/test,window_f1,3,7 42 123,0.749789,0.000646,0.086
segsweep_swat_merge_n2,Swat,IncrementalTaskArithmeticPipeline,2,merge,baseline/test,window_precision,3,7 42 123,0.992092,0.0018,0.181
segsweep_swat_merge_n2,Swat,IncrementalTaskArithmeticPipeline,2,merge,baseline/test,window_recall,3,7 42 123,0.602611,0.000235,0.039
segsweep_swat_merge_n2,Swat,IncrementalTaskArithmeticPipeline,2,merge,finetune_0/test,event_f1,3,7 42 123,0.232442,0.040157,17.276
segsweep_swat_merge_n2,Swat,IncrementalTaskArithmeticPipeline,2,merge,finetune_0/test,event_fn,3,7 42 123,27.0,0.0,0.0
segsweep_swat_merge_n2,Swat,IncrementalTaskArithmeticPipeline,2,merge,finetune_0/test,event_fp,3,7 42 123,27.333333,13.051181,47.748
segsweep_swat_merge_n2,Swat,IncrementalTaskArithmeticPipeline,2,merge,finetune_0/test,event_precision,3,7 42 123,0.246022,0.080677,32.793
segsweep_swat_merge_n2,Swat,IncrementalTaskArithmeticPipeline,2,merge,finetune_0/test,event_recall,3,7 42 123,0.228571,0.0,0.0
segsweep_swat_merge_n2,Swat,IncrementalTaskArithmeticPipeline,2,merge,finetune_0/test,event_tp,3,7 42 123,8.0,0.0,0.0
segsweep_swat_merge_n2,Swat,IncrementalTaskArithmeticPipeline,2,merge,finetune_0/test,pa_f1,3,7 42 123,0.842039,0.006893,0.819
segsweep_swat_merge_n2,Swat,IncrementalTaskArithmeticPipeline,2,merge,finetune_0/test,pa_precision,3,7 42 123,0.949515,0.016544,1.742
segsweep_swat_merge_n2,Swat,IncrementalTaskArithmeticPipeline,2,merge,finetune_0/test,pa_recall,3,7 42 123,0.756644,0.013564,1.793
segsweep_swat_merge_n2,Swat,IncrementalTaskArithmeticPipeline,2,merge,finetune_0/test,point_auprc,3,7 42 123,0.703952,0.003933,0.559
segsweep_swat_merge_n2,Swat,IncrementalTaskArithmeticPipeline,2,merge,finetune_0/test,point_auroc,3,7 42 123,0.814893,0.001412,0.173
segsweep_swat_merge_n2,Swat,IncrementalTaskArithmeticPipeline,2,merge,finetune_0/test,point_f1,3,7 42 123,0.766326,0.000801,0.105
segsweep_swat_merge_n2,Swat,IncrementalTaskArithmeticPipeline,2,merge,finetune_0/test,point_precision,3,7 42 123,0.977866,0.00191,0.195
segsweep_swat_merge_n2,Swat,IncrementalTaskArithmeticPipeline,2,merge,finetune_0/test,point_recall,3,7 42 123,0.630032,0.000319,0.051
segsweep_swat_merge_n2,Swat,IncrementalTaskArithmeticPipeline,2,merge,finetune_0/test,window_auprc,3,7 42 123,0.70191,0.00108,0.154
segsweep_swat_merge_n2,Swat,IncrementalTaskArithmeticPipeline,2,merge,finetune_0/test,window_auroc,3,7 42 123,0.799365,0.001547,0.194
segsweep_swat_merge_n2,Swat,IncrementalTaskArithmeticPipeline,2,merge,finetune_0/test,window_f1,3,7 42 123,0.749825,0.000874,0.117
segsweep_swat_merge_n2,Swat,IncrementalTaskArithmeticPipeline,2,merge,finetune_0/test,window_precision,3,7 42 123,0.992375,0.002428,0.245
segsweep_swat_merge_n2,Swat,IncrementalTaskArithmeticPipeline,2,merge,finetune_0/test,window_recall,3,7 42 123,0.602554,0.000234,0.039
segsweep_swat_merge_n2,Swat,IncrementalTaskArithmeticPipeline,2,merge,finetune_1/test,event_f1,3,7 42 123,0.30413,0.07332,24.108
segsweep_swat_merge_n2,Swat,IncrementalTaskArithmeticPipeline,2,merge,finetune_1/test,event_fn,3,7 42 123,27.0,0.0,0.0
segsweep_swat_merge_n2,Swat,IncrementalTaskArithmeticPipeline,2,merge,finetune_1/test,event_fp,3,7 42 123,12.0,14.933185,124.443
segsweep_swat_merge_n2,Swat,IncrementalTaskArithmeticPipeline,2,merge,finetune_1/test,event_precision,3,7 42 123,0.558845,0.336513,60.216
segsweep_swat_merge_n2,Swat,IncrementalTaskArithmeticPipeline,2,merge,finetune_1/test,event_recall,3,7 42 123,0.228571,0.0,0.0
segsweep_swat_merge_n2,Swat,IncrementalTaskArithmeticPipeline,2,merge,finetune_1/test,event_tp,3,7 42 123,8.0,0.0,0.0
segsweep_swat_merge_n2,Swat,IncrementalTaskArithmeticPipeline,2,merge,finetune_1/test,pa_f1,3,7 42 123,0.840162,0.003853,0.459
segsweep_swat_merge_n2,Swat,IncrementalTaskArithmeticPipeline,2,merge,finetune_1/test,pa_precision,3,7 42 123,0.948984,0.017035,1.795
segsweep_swat_merge_n2,Swat,IncrementalTaskArithmeticPipeline,2,merge,finetune_1/test,pa_recall,3,7 42 123,0.753935,0.010322,1.369
segsweep_swat_merge_n2,Swat,IncrementalTaskArithmeticPipeline,2,merge,finetune_1/test,point_auprc,3,7 42 123,0.704356,0.003819,0.542
segsweep_swat_merge_n2,Swat,IncrementalTaskArithmeticPipeline,2,merge,finetune_1/test,point_auroc,3,7 42 123,0.816893,0.000625,0.077
segsweep_swat_merge_n2,Swat,IncrementalTaskArithmeticPipeline,2,merge,finetune_1/test,point_f1,3,7 42 123,0.766875,0.000591,0.077
segsweep_swat_merge_n2,Swat,IncrementalTaskArithmeticPipeline,2,merge,finetune_1/test,point_precision,3,7 42 123,0.979509,0.001246,0.127
segsweep_swat_merge_n2,Swat,IncrementalTaskArithmeticPipeline,2,merge,finetune_1/test,point_recall,3,7 42 123,0.630093,0.000284,0.045
segsweep_swat_merge_n2,Swat,IncrementalTaskArithmeticPipeline,2,merge,finetune_1/test,window_auprc,3,7 42 123,0.702284,0.000779,0.111
segsweep_swat_merge_n2,Swat,IncrementalTaskArithmeticPipeline,2,merge,finetune_1/test,window_auroc,3,7 42 123,0.80172,0.000824,0.103
segsweep_swat_merge_n2,Swat,IncrementalTaskArithmeticPipeline,2,merge,finetune_1/test,window_f1,3,7 42 123,0.750342,0.000722,0.096
segsweep_swat_merge_n2,Swat,IncrementalTaskArithmeticPipeline,2,merge,finetune_1/test,window_precision,3,7 42 123,0.994358,0.00167,0.168
segsweep_swat_merge_n2,Swat,IncrementalTaskArithmeticPipeline,2,merge,finetune_1/test,window_recall,3,7 42 123,0.602491,0.00032,0.053
segsweep_swat_merge_n2,Swat,IncrementalTaskArithmeticPipeline,2,merge,merged/test,event_f1,3,7 42 123,0.309019,0.060919,19.714
segsweep_swat_merge_n2,Swat,IncrementalTaskArithmeticPipeline,2,merge,merged/test,event_fn,3,7 42 123,27.0,0.0,0.0
segsweep_swat_merge_n2,Swat,IncrementalTaskArithmeticPipeline,2,merge,merged/test,event_fp,3,7 42 123,10.333333,11.846237,114.641
segsweep_swat_merge_n2,Swat,IncrementalTaskArithmeticPipeline,2,merge,merged/test,event_precision,3,7 42 123,0.54798,0.259831,47.416
segsweep_swat_merge_n2,Swat,IncrementalTaskArithmeticPipeline,2,merge,merged/test,event_recall,3,7 42 123,0.228571,0.0,0.0
segsweep_swat_merge_n2,Swat,IncrementalTaskArithmeticPipeline,2,merge,merged/test,event_tp,3,7 42 123,8.0,0.0,0.0
segsweep_swat_merge_n2,Swat,IncrementalTaskArithmeticPipeline,2,merge,merged/test,pa_f1,3,7 42 123,0.840985,0.0037,0.44
segsweep_swat_merge_n2,Swat,IncrementalTaskArithmeticPipeline,2,merge,merged/test,pa_precision,3,7 42 123,0.936981,0.008889,0.949
segsweep_swat_merge_n2,Swat,IncrementalTaskArithmeticPipeline,2,merge,merged/test,pa_recall,3,7 42 123,0.762875,0.005274,0.691
segsweep_swat_merge_n2,Swat,IncrementalTaskArithmeticPipeline,2,merge,merged/test,point_auprc,3,7 42 123,0.705157,0.002709,0.384
segsweep_swat_merge_n2,Swat,IncrementalTaskArithmeticPipeline,2,merge,merged/test,point_auroc,3,7 42 123,0.819294,0.001024,0.125
segsweep_swat_merge_n2,Swat,IncrementalTaskArithmeticPipeline,2,merge,merged/test,point_f1,3,7 42 123,0.766969,0.000561,0.073
segsweep_swat_merge_n2,Swat,IncrementalTaskArithmeticPipeline,2,merge,merged/test,point_precision,3,7 42 123,0.979624,0.001455,0.149
segsweep_swat_merge_n2,Swat,IncrementalTaskArithmeticPipeline,2,merge,merged/test,point_recall,3,7 42 123,0.630173,0.000183,0.029
segsweep_swat_merge_n2,Swat,IncrementalTaskArithmeticPipeline,2,merge,merged/test,window_auprc,3,7 42 123,0.702594,0.000998,0.142
segsweep_swat_merge_n2,Swat,IncrementalTaskArithmeticPipeline,2,merge,merged/test,window_auroc,3,7 42 123,0.8044,0.000985,0.122
segsweep_swat_merge_n2,Swat,IncrementalTaskArithmeticPipeline,2,merge,merged/test,window_f1,3,7 42 123,0.750476,0.000689,0.092
segsweep_swat_merge_n2,Swat,IncrementalTaskArithmeticPipeline,2,merge,merged/test,window_precision,3,7 42 123,0.994547,0.001581,0.159
segsweep_swat_merge_n2,Swat,IncrementalTaskArithmeticPipeline,2,merge,merged/test,window_recall,3,7 42 123,0.602594,0.000354,0.059
segsweep_swat_merge_n2,Swat,IncrementalTaskArithmeticPipeline,2,merge,merged/val,reconstruction/score_mean,3,7 42 123,0.094565,0.006481,6.853
segsweep_swat_merge_n2,Swat,IncrementalTaskArithmeticPipeline,2,merge,merged/val,reconstruction/score_p50,3,7 42 123,0.073807,0.009813,13.295
segsweep_swat_merge_n2,Swat,IncrementalTaskArithmeticPipeline,2,merge,merged/val,reconstruction/score_p95,3,7 42 123,0.310814,0.006755,2.173
segsweep_swat_merge_n2,Swat,IncrementalTaskArithmeticPipeline,2,merge,merged/val,reconstruction/score_p99,3,7 42 123,0.692354,0.016246,2.347
segsweep_swat_merge_n2,Swat,IncrementalTaskArithmeticPipeline,2,merge,merged/val,reconstruction/score_std,3,7 42 123,0.11836,0.002946,2.489
segsweep_swat_merge_n5,Swat,IncrementalTaskArithmeticPipeline,5,merge,baseline/test,event_f1,3,7 42 123,0.2377,0.041552,17.481
segsweep_swat_merge_n5,Swat,IncrementalTaskArithmeticPipeline,5,merge,baseline/test,event_fn,3,7 42 123,26.666667,0.57735,2.165
segsweep_swat_merge_n5,Swat,IncrementalTaskArithmeticPipeline,5,merge,baseline/test,event_fp,3,7 42 123,28.0,11.357817,40.564
segsweep_swat_merge_n5,Swat,IncrementalTaskArithmeticPipeline,5,merge,baseline/test,event_precision,3,7 42 123,0.24341,0.069443,28.529
segsweep_swat_merge_n5,Swat,IncrementalTaskArithmeticPipeline,5,merge,baseline/test,event_recall,3,7 42 123,0.238095,0.016496,6.928
segsweep_swat_merge_n5,Swat,IncrementalTaskArithmeticPipeline,5,merge,baseline/test,event_tp,3,7 42 123,8.333333,0.57735,6.928
segsweep_swat_merge_n5,Swat,IncrementalTaskArithmeticPipeline,5,merge,baseline/test,pa_f1,3,7 42 123,0.840482,0.004309,0.513
segsweep_swat_merge_n5,Swat,IncrementalTaskArithmeticPipeline,5,merge,baseline/test,pa_precision,3,7 42 123,0.949794,0.017022,1.792
segsweep_swat_merge_n5,Swat,IncrementalTaskArithmeticPipeline,5,merge,baseline/test,pa_recall,3,7 42 123,0.753935,0.010322,1.369
segsweep_swat_merge_n5,Swat,IncrementalTaskArithmeticPipeline,5,merge,baseline/test,point_auprc,3,7 42 123,0.704106,0.001841,0.261
segsweep_swat_merge_n5,Swat,IncrementalTaskArithmeticPipeline,5,merge,baseline/test,point_auroc,3,7 42 123,0.814437,0.001526,0.187
segsweep_swat_merge_n5,Swat,IncrementalTaskArithmeticPipeline,5,merge,baseline/test,point_f1,3,7 42 123,0.766417,0.000711,0.093
segsweep_swat_merge_n5,Swat,IncrementalTaskArithmeticPipeline,5,merge,baseline/test,point_precision,3,7 42 123,0.978208,0.001621,0.166
segsweep_swat_merge_n5,Swat,IncrementalTaskArithmeticPipeline,5,merge,baseline/test,point_recall,3,7 42 123,0.630014,0.000638,0.101
segsweep_swat_merge_n5,Swat,IncrementalTaskArithmeticPipeline,5,merge,baseline/test,window_auprc,3,7 42 123,0.702081,0.001683,0.24
segsweep_swat_merge_n5,Swat,IncrementalTaskArithmeticPipeline,5,merge,baseline/test,window_auroc,3,7 42 123,0.799036,0.001576,0.197
segsweep_swat_merge_n5,Swat,IncrementalTaskArithmeticPipeline,5,merge,baseline/test,window_f1,3,7 42 123,0.749872,0.000879,0.117
segsweep_swat_merge_n5,Swat,IncrementalTaskArithmeticPipeline,5,merge,baseline/test,window_precision,3,7 42 123,0.992757,0.001525,0.154
segsweep_swat_merge_n5,Swat,IncrementalTaskArithmeticPipeline,5,merge,baseline/test,window_recall,3,7 42 123,0.602473,0.00074,0.123
segsweep_swat_merge_n5,Swat,IncrementalTaskArithmeticPipeline,5,merge,finetune_0/test,event_f1,3,7 42 123,0.243398,0.056092,23.045
segsweep_swat_merge_n5,Swat,IncrementalTaskArithmeticPipeline,5,merge,finetune_0/test,event_fn,3,7 42 123,26.666667,0.57735,2.165
segsweep_swat_merge_n5,Swat,IncrementalTaskArithmeticPipeline,5,merge,finetune_0/test,event_fp,3,7 42 123,27.666667,16.802778,60.733
segsweep_swat_merge_n5,Swat,IncrementalTaskArithmeticPipeline,5,merge,finetune_0/test,event_precision,3,7 42 123,0.267276,0.116498,43.587
segsweep_swat_merge_n5,Swat,IncrementalTaskArithmeticPipeline,5,merge,finetune_0/test,event_recall,3,7 42 123,0.238095,0.016496,6.928
segsweep_swat_merge_n5,Swat,IncrementalTaskArithmeticPipeline,5,merge,finetune_0/test,event_tp,3,7 42 123,8.333333,0.57735,6.928
segsweep_swat_merge_n5,Swat,IncrementalTaskArithmeticPipeline,5,merge,finetune_0/test,pa_f1,3,7 42 123,0.84026,0.004213,0.501
segsweep_swat_merge_n5,Swat,IncrementalTaskArithmeticPipeline,5,merge,finetune_0/test,pa_precision,3,7 42 123,0.949212,0.016337,1.721
segsweep_swat_merge_n5,Swat,IncrementalTaskArithmeticPipeline,5,merge,finetune_0/test,pa_recall,3,7 42 123,0.753935,0.010322,1.369
segsweep_swat_merge_n5,Swat,IncrementalTaskArithmeticPipeline,5,merge,finetune_0/test,point_auprc,3,7 42 123,0.703592,0.001939,0.276
segsweep_swat_merge_n5,Swat,IncrementalTaskArithmeticPipeline,5,merge,finetune_0/test,point_auroc,3,7 42 123,0.813424,0.001476,0.181
segsweep_swat_merge_n5,Swat,IncrementalTaskArithmeticPipeline,5,merge,finetune_0/test,point_f1,3,7 42 123,0.766174,0.001102,0.144
segsweep_swat_merge_n5,Swat,IncrementalTaskArithmeticPipeline,5,merge,finetune_0/test,point_precision,3,7 42 123,0.977123,0.00281,0.288
segsweep_swat_merge_n5,Swat,IncrementalTaskArithmeticPipeline,5,merge,finetune_0/test,point_recall,3,7 42 123,0.630136,0.000472,0.075
segsweep_swat_merge_n5,Swat,IncrementalTaskArithmeticPipeline,5,merge,finetune_0/test,window_auprc,3,7 42 123,0.701643,0.001398,0.199
segsweep_swat_merge_n5,Swat,IncrementalTaskArithmeticPipeline,5,merge,finetune_0/test,window_auroc,3,7 42 123,0.797881,0.001497,0.188
segsweep_swat_merge_n5,Swat,IncrementalTaskArithmeticPipeline,5,merge,finetune_0/test,window_f1,3,7 42 123,0.749651,0.001251,0.167
segsweep_swat_merge_n5,Swat,IncrementalTaskArithmeticPipeline,5,merge,finetune_0/test,window_precision,3,7 42 123,0.991811,0.002711,0.273
segsweep_swat_merge_n5,Swat,IncrementalTaskArithmeticPipeline,5,merge,finetune_0/test,window_recall,3,7 42 123,0.602537,0.000694,0.115
segsweep_swat_merge_n5,Swat,IncrementalTaskArithmeticPipeline,5,merge,finetune_1/test,event_f1,3,7 42 123,0.226703,0.047508,20.956
segsweep_swat_merge_n5,Swat,IncrementalTaskArithmeticPipeline,5,merge,finetune_1/test,event_fn,3,7 42 123,26.666667,0.57735,2.165
segsweep_swat_merge_n5,Swat,IncrementalTaskArithmeticPipeline,5,merge,finetune_1/test,event_fp,3,7 42 123,32.333333,15.947832,49.323
segsweep_swat_merge_n5,Swat,IncrementalTaskArithmeticPipeline,5,merge,finetune_1/test,event_precision,3,7 42 123,0.225824,0.080607,35.695
segsweep_swat_merge_n5,Swat,IncrementalTaskArithmeticPipeline,5,merge,finetune_1/test,event_recall,3,7 42 123,0.238095,0.016496,6.928
segsweep_swat_merge_n5,Swat,IncrementalTaskArithmeticPipeline,5,merge,finetune_1/test,event_tp,3,7 42 123,8.333333,0.57735,6.928
segsweep_swat_merge_n5,Swat,IncrementalTaskArithmeticPipeline,5,merge,finetune_1/test,pa_f1,3,7 42 123,0.842886,0.006612,0.784
segsweep_swat_merge_n5,Swat,IncrementalTaskArithmeticPipeline,5,merge,finetune_1/test,pa_precision,3,7 42 123,0.937589,0.010728,1.144
segsweep_swat_merge_n5,Swat,IncrementalTaskArithmeticPipeline,5,merge,finetune_1/test,pa_recall,3,7 42 123,0.765585,0.005708,0.746
segsweep_swat_merge_n5,Swat,IncrementalTaskArithmeticPipeline,5,merge,finetune_1/test,point_auprc,3,7 42 123,0.702659,0.001638,0.233
segsweep_swat_merge_n5,Swat,IncrementalTaskArithmeticPipeline,5,merge,finetune_1/test,point_auroc,3,7 42 123,0.813643,0.001435,0.176
segsweep_swat_merge_n5,Swat,IncrementalTaskArithmeticPipeline,5,merge,finetune_1/test,point_f1,3,7 42 123,0.766241,0.000933,0.122
segsweep_swat_merge_n5,Swat,IncrementalTaskArithmeticPipeline,5,merge,finetune_1/test,point_precision,3,7 42 123,0.977444,0.002289,0.234
segsweep_swat_merge_n5,Swat,IncrementalTaskArithmeticPipeline,5,merge,finetune_1/test,point_recall,3,7 42 123,0.630093,0.0005,0.079
segsweep_swat_merge_n5,Swat,IncrementalTaskArithmeticPipeline,5,merge,finetune_1/test,window_auprc,3,7 42 123,0.701653,0.001571,0.224
segsweep_swat_merge_n5,Swat,IncrementalTaskArithmeticPipeline,5,merge,finetune_1/test,window_auroc,3,7 42 123,0.798178,0.001458,0.183
segsweep_swat_merge_n5,Swat,IncrementalTaskArithmeticPipeline,5,merge,finetune_1/test,window_f1,3,7 42 123,0.749658,0.001059,0.141
segsweep_swat_merge_n5,Swat,IncrementalTaskArithmeticPipeline,5,merge,finetune_1/test,window_precision,3,7 42 123,0.992146,0.002229,0.225
segsweep_swat_merge_n5,Swat,IncrementalTaskArithmeticPipeline,5,merge,finetune_1/test,window_recall,3,7 42 123,0.602422,0.000678,0.113
segsweep_swat_merge_n5,Swat,IncrementalTaskArithmeticPipeline,5,merge,finetune_2/test,event_f1,3,7 42 123,0.282291,0.067312,23.845
segsweep_swat_merge_n5,Swat,IncrementalTaskArithmeticPipeline,5,merge,finetune_2/test,event_fn,3,7 42 123,26.666667,0.57735,2.165
segsweep_swat_merge_n5,Swat,IncrementalTaskArithmeticPipeline,5,merge,finetune_2/test,event_fp,3,7 42 123,18.0,14.525839,80.699
segsweep_swat_merge_n5,Swat,IncrementalTaskArithmeticPipeline,5,merge,finetune_2/test,event_precision,3,7 42 123,0.416234,0.276125,66.339
segsweep_swat_merge_n5,Swat,IncrementalTaskArithmeticPipeline,5,merge,finetune_2/test,event_recall,3,7 42 123,0.238095,0.016496,6.928
segsweep_swat_merge_n5,Swat,IncrementalTaskArithmeticPipeline,5,merge,finetune_2/test,event_tp,3,7 42 123,8.333333,0.57735,6.928
segsweep_swat_merge_n5,Swat,IncrementalTaskArithmeticPipeline,5,merge,finetune_2/test,pa_f1,3,7 42 123,0.842981,0.006466,0.767
segsweep_swat_merge_n5,Swat,IncrementalTaskArithmeticPipeline,5,merge,finetune_2/test,pa_precision,3,7 42 123,0.937823,0.010343,1.103
segsweep_swat_merge_n5,Swat,IncrementalTaskArithmeticPipeline,5,merge,finetune_2/test,pa_recall,3,7 42 123,0.765585,0.005708,0.746
segsweep_swat_merge_n5,Swat,IncrementalTaskArithmeticPipeline,5,merge,finetune_2/test,point_auprc,3,7 42 123,0.703865,0.002157,0.306
segsweep_swat_merge_n5,Swat,IncrementalTaskArithmeticPipeline,5,merge,finetune_2/test,point_auroc,3,7 42 123,0.815565,0.001775,0.218
segsweep_swat_merge_n5,Swat,IncrementalTaskArithmeticPipeline,5,merge,finetune_2/test,point_f1,3,7 42 123,0.766653,0.000593,0.077
segsweep_swat_merge_n5,Swat,IncrementalTaskArithmeticPipeline,5,merge,finetune_2/test,point_precision,3,7 42 123,0.978813,0.001571,0.16
segsweep_swat_merge_n5,Swat,IncrementalTaskArithmeticPipeline,5,merge,finetune_2/test,point_recall,3,7 42 123,0.630081,0.000521,0.083
segsweep_swat_merge_n5,Swat,IncrementalTaskArithmeticPipeline,5,merge,finetune_2/test,window_auprc,3,7 42 123,0.702176,0.001426,0.203
segsweep_swat_merge_n5,Swat,IncrementalTaskArithmeticPipeline,5,merge,finetune_2/test,window_auroc,3,7 42 123,0.800191,0.001801,0.225
segsweep_swat_merge_n5,Swat,IncrementalTaskArithmeticPipeline,5,merge,finetune_2/test,window_f1,3,7 42 123,0.750134,0.000774,0.103
segsweep_swat_merge_n5,Swat,IncrementalTaskArithmeticPipeline,5,merge,finetune_2/test,window_precision,3,7 42 123,0.993613,0.001504,0.151
segsweep_swat_merge_n5,Swat,IncrementalTaskArithmeticPipeline,5,merge,finetune_2/test,window_recall,3,7 42 123,0.602496,0.000687,0.114
segsweep_swat_merge_n5,Swat,IncrementalTaskArithmeticPipeline,5,merge,finetune_3/test,event_f1,3,7 42 123,0.252219,0.071119,28.197
segsweep_swat_merge_n5,Swat,IncrementalTaskArithmeticPipeline,5,merge,finetune_3/test,event_fn,3,7 42 123,26.666667,0.57735,2.165
segsweep_swat_merge_n5,Swat,IncrementalTaskArithmeticPipeline,5,merge,finetune_3/test,event_fp,3,7 42 123,26.666667,21.079216,79.047
segsweep_swat_merge_n5,Swat,IncrementalTaskArithmeticPipeline,5,merge,finetune_3/test,event_precision,3,7 42 123,0.30284,0.166347,54.929
segsweep_swat_merge_n5,Swat,IncrementalTaskArithmeticPipeline,5,merge,finetune_3/test,event_recall,3,7 42 123,0.238095,0.016496,6.928
segsweep_swat_merge_n5,Swat,IncrementalTaskArithmeticPipeline,5,merge,finetune_3/test,event_tp,3,7 42 123,8.333333,0.57735,6.928
segsweep_swat_merge_n5,Swat,IncrementalTaskArithmeticPipeline,5,merge,finetune_3/test,pa_f1,3,7 42 123,0.842854,0.00656,0.778
segsweep_swat_merge_n5,Swat,IncrementalTaskArithmeticPipeline,5,merge,finetune_3/test,pa_precision,3,7 42 123,0.937508,0.010469,1.117
segsweep_swat_merge_n5,Swat,IncrementalTaskArithmeticPipeline,5,merge,finetune_3/test,pa_recall,3,7 42 123,0.765585,0.005708,0.746
segsweep_swat_merge_n5,Swat,IncrementalTaskArithmeticPipeline,5,merge,finetune_3/test,point_auprc,3,7 42 123,0.703354,0.001934,0.275
segsweep_swat_merge_n5,Swat,IncrementalTaskArithmeticPipeline,5,merge,finetune_3/test,point_auroc,3,7 42 123,0.815189,0.001759,0.216
segsweep_swat_merge_n5,Swat,IncrementalTaskArithmeticPipeline,5,merge,finetune_3/test,point_f1,3,7 42 123,0.766237,0.001165,0.152
segsweep_swat_merge_n5,Swat,IncrementalTaskArithmeticPipeline,5,merge,finetune_3/test,point_precision,3,7 42 123,0.977417,0.002643,0.27
segsweep_swat_merge_n5,Swat,IncrementalTaskArithmeticPipeline,5,merge,finetune_3/test,point_recall,3,7 42 123,0.6301,0.000551,0.087
segsweep_swat_merge_n5,Swat,IncrementalTaskArithmeticPipeline,5,merge,finetune_3/test,window_auprc,3,7 42 123,0.701933,0.00147,0.209
segsweep_swat_merge_n5,Swat,IncrementalTaskArithmeticPipeline,5,merge,finetune_3/test,window_auroc,3,7 42 123,0.799812,0.0018,0.225
segsweep_swat_merge_n5,Swat,IncrementalTaskArithmeticPipeline,5,merge,finetune_3/test,window_f1,3,7 42 123,0.749761,0.001354,0.181
segsweep_swat_merge_n5,Swat,IncrementalTaskArithmeticPipeline,5,merge,finetune_3/test,window_precision,3,7 42 123,0.992197,0.003171,0.32
segsweep_swat_merge_n5,Swat,IncrementalTaskArithmeticPipeline,5,merge,finetune_3/test,window_recall,3,7 42 123,0.602537,0.000634,0.105
segsweep_swat_merge_n5,Swat,IncrementalTaskArithmeticPipeline,5,merge,finetune_4/test,event_f1,3,7 42 123,0.260166,0.063493,24.405
segsweep_swat_merge_n5,Swat,IncrementalTaskArithmeticPipeline,5,merge,finetune_4/test,event_fn,3,7 42 123,27.0,0.0,0.0
segsweep_swat_merge_n5,Swat,IncrementalTaskArithmeticPipeline,5,merge,finetune_4/test,event_fp,3,7 42 123,21.0,15.524175,73.925
segsweep_swat_merge_n5,Swat,IncrementalTaskArithmeticPipeline,5,merge,finetune_4/test,event_precision,3,7 42 123,0.344974,0.203406,58.963
segsweep_swat_merge_n5,Swat,IncrementalTaskArithmeticPipeline,5,merge,finetune_4/test,event_recall,3,7 42 123,0.228571,0.0,0.0
segsweep_swat_merge_n5,Swat,IncrementalTaskArithmeticPipeline,5,merge,finetune_4/test,event_tp,3,7 42 123,8.0,0.0,0.0
segsweep_swat_merge_n5,Swat,IncrementalTaskArithmeticPipeline,5,merge,finetune_4/test,pa_f1,3,7 42 123,0.8429,0.006541,0.776
segsweep_swat_merge_n5,Swat,IncrementalTaskArithmeticPipeline,5,merge,finetune_4/test,pa_precision,3,7 42 123,0.937626,0.010708,1.142
segsweep_swat_merge_n5,Swat,IncrementalTaskArithmeticPipeline,5,merge,finetune_4/test,pa_recall,3,7 42 123,0.765585,0.005708,0.746
segsweep_swat_merge_n5,Swat,IncrementalTaskArithmeticPipeline,5,merge,finetune_4/test,point_auprc,3,7 42 123,0.703794,0.002261,0.321
segsweep_swat_merge_n5,Swat,IncrementalTaskArithmeticPipeline,5,merge,finetune_4/test,point_auroc,3,7 42 123,0.815946,0.001694,0.208
segsweep_swat_merge_n5,Swat,IncrementalTaskArithmeticPipeline,5,merge,finetune_4/test,point_f1,3,7 42 123,0.766589,0.000741,0.097
segsweep_swat_merge_n5,Swat,IncrementalTaskArithmeticPipeline,5,merge,finetune_4/test,point_precision,3,7 42 123,0.978445,0.001779,0.182
segsweep_swat_merge_n5,Swat,IncrementalTaskArithmeticPipeline,5,merge,finetune_4/test,point_recall,3,7 42 123,0.630148,0.000434,0.069
segsweep_swat_merge_n5,Swat,IncrementalTaskArithmeticPipeline,5,merge,finetune_4/test,window_auprc,3,7 42 123,0.702222,0.001425,0.203
segsweep_swat_merge_n5,Swat,IncrementalTaskArithmeticPipeline,5,merge,finetune_4/test,window_auroc,3,7 42 123,0.800721,0.001691,0.211
segsweep_swat_merge_n5,Swat,IncrementalTaskArithmeticPipeline,5,merge,finetune_4/test,window_f1,3,7 42 123,0.750108,0.000932,0.124
segsweep_swat_merge_n5,Swat,IncrementalTaskArithmeticPipeline,5,merge,finetune_4/test,window_precision,3,7 42 123,0.993209,0.001639,0.165
segsweep_swat_merge_n5,Swat,IncrementalTaskArithmeticPipeline,5,merge,finetune_4/test,window_recall,3,7 42 123,0.602611,0.000667,0.111
segsweep_swat_merge_n5,Swat,IncrementalTaskArithmeticPipeline,5,merge,merged/test,event_f1,3,7 42 123,0.277218,0.06502,23.454
segsweep_swat_merge_n5,Swat,IncrementalTaskArithmeticPipeline,5,merge,merged/test,event_fn,3,7 42 123,27.0,0.0,0.0
segsweep_swat_merge_n5,Swat,IncrementalTaskArithmeticPipeline,5,merge,merged/test,event_fp,3,7 42 123,17.0,14.73092,86.652
segsweep_swat_merge_n5,Swat,IncrementalTaskArithmeticPipeline,5,merge,merged/test,event_precision,3,7 42 123,0.408475,0.238949,58.498
segsweep_swat_merge_n5,Swat,IncrementalTaskArithmeticPipeline,5,merge,merged/test,event_recall,3,7 42 123,0.228571,0.0,0.0
segsweep_swat_merge_n5,Swat,IncrementalTaskArithmeticPipeline,5,merge,merged/test,event_tp,3,7 42 123,8.0,0.0,0.0
segsweep_swat_merge_n5,Swat,IncrementalTaskArithmeticPipeline,5,merge,merged/test,pa_f1,3,7 42 123,0.844467,0.005044,0.597
segsweep_swat_merge_n5,Swat,IncrementalTaskArithmeticPipeline,5,merge,merged/test,pa_precision,3,7 42 123,0.943137,0.013655,1.448
segsweep_swat_merge_n5,Swat,IncrementalTaskArithmeticPipeline,5,merge,merged/test,pa_recall,3,7 42 123,0.76459,0.007431,0.972
segsweep_swat_merge_n5,Swat,IncrementalTaskArithmeticPipeline,5,merge,merged/test,point_auprc,3,7 42 123,0.705836,0.002729,0.387
segsweep_swat_merge_n5,Swat,IncrementalTaskArithmeticPipeline,5,merge,merged/test,point_auroc,3,7 42 123,0.819533,0.001896,0.231
segsweep_swat_merge_n5,Swat,IncrementalTaskArithmeticPipeline,5,merge,merged/test,point_f1,3,7 42 123,0.766859,0.00055,0.072
segsweep_swat_merge_n5,Swat,IncrementalTaskArithmeticPipeline,5,merge,merged/test,point_precision,3,7 42 123,0.979132,0.000768,0.078
segsweep_swat_merge_n5,Swat,IncrementalTaskArithmeticPipeline,5,merge,merged/test,point_recall,3,7 42 123,0.630228,0.000434,0.069
segsweep_swat_merge_n5,Swat,IncrementalTaskArithmeticPipeline,5,merge,merged/test,window_auprc,3,7 42 123,0.703257,0.001399,0.199
segsweep_swat_merge_n5,Swat,IncrementalTaskArithmeticPipeline,5,merge,merged/test,window_auroc,3,7 42 123,0.804853,0.001889,0.235
segsweep_swat_merge_n5,Swat,IncrementalTaskArithmeticPipeline,5,merge,merged/test,window_f1,3,7 42 123,0.750521,0.000823,0.11
segsweep_swat_merge_n5,Swat,IncrementalTaskArithmeticPipeline,5,merge,merged/test,window_precision,3,7 42 123,0.994218,0.001193,0.12
segsweep_swat_merge_n5,Swat,IncrementalTaskArithmeticPipeline,5,merge,merged/test,window_recall,3,7 42 123,0.602772,0.000645,0.107
segsweep_swat_merge_n5,Swat,IncrementalTaskArithmeticPipeline,5,merge,merged/val,reconstruction/score_mean,3,7 42 123,0.350003,0.048154,13.758
segsweep_swat_merge_n5,Swat,IncrementalTaskArithmeticPipeline,5,merge,merged/val,reconstruction/score_p50,3,7 42 123,0.327626,0.053469,16.32
segsweep_swat_merge_n5,Swat,IncrementalTaskArithmeticPipeline,5,merge,merged/val,reconstruction/score_p95,3,7 42 123,0.614973,0.02943,4.786
segsweep_swat_merge_n5,Swat,IncrementalTaskArithmeticPipeline,5,merge,merged/val,reconstruction/score_p99,3,7 42 123,1.554067,0.054203,3.488
segsweep_swat_merge_n5,Swat,IncrementalTaskArithmeticPipeline,5,merge,merged/val,reconstruction/score_std,3,7 42 123,0.219096,0.026948,12.3
segsweep_swat_seq_n2,Swat,ContinualFineTuningPipeline,2,sequential,baseline/test,event_f1,3,7 42 123,0.218818,0.040909,18.696
segsweep_swat_seq_n2,Swat,ContinualFineTuningPipeline,2,sequential,baseline/test,event_fn,3,7 42 123,27.0,0.0,0.0
segsweep_swat_seq_n2,Swat,ContinualFineTuningPipeline,2,sequential,baseline/test,event_fp,3,7 42 123,32.0,15.132746,47.29
segsweep_swat_seq_n2,Swat,ContinualFineTuningPipeline,2,sequential,baseline/test,event_precision,3,7 42 123,0.218212,0.073233,33.561
segsweep_swat_seq_n2,Swat,ContinualFineTuningPipeline,2,sequential,baseline/test,event_recall,3,7 42 123,0.228571,0.0,0.0
segsweep_swat_seq_n2,Swat,ContinualFineTuningPipeline,2,sequential,baseline/test,event_tp,3,7 42 123,8.0,0.0,0.0
segsweep_swat_seq_n2,Swat,ContinualFineTuningPipeline,2,sequential,baseline/test,pa_f1,3,7 42 123,0.839263,0.007852,0.936
segsweep_swat_seq_n2,Swat,ContinualFineTuningPipeline,2,sequential,baseline/test,pa_precision,3,7 42 123,0.932768,0.016864,1.808
segsweep_swat_seq_n2,Swat,ContinualFineTuningPipeline,2,sequential,baseline/test,pa_recall,3,7 42 123,0.762875,0.005274,0.691
segsweep_swat_seq_n2,Swat,ContinualFineTuningPipeline,2,sequential,baseline/test,point_auprc,3,7 42 123,0.704737,0.004549,0.645
segsweep_swat_seq_n2,Swat,ContinualFineTuningPipeline,2,sequential,baseline/test,point_auroc,3,7 42 123,0.814762,0.00147,0.18
segsweep_swat_seq_n2,Swat,ContinualFineTuningPipeline,2,sequential,baseline/test,point_f1,3,7 42 123,0.76655,0.000223,0.029
segsweep_swat_seq_n2,Swat,ContinualFineTuningPipeline,2,sequential,baseline/test,point_precision,3,7 42 123,0.978625,0.001042,0.106
segsweep_swat_seq_n2,Swat,ContinualFineTuningPipeline,2,sequential,baseline/test,point_recall,3,7 42 123,0.63002,0.00017,0.027
segsweep_swat_seq_n2,Swat,ContinualFineTuningPipeline,2,sequential,baseline/test,window_auprc,3,7 42 123,0.701497,0.00096,0.137
segsweep_swat_seq_n2,Swat,ContinualFineTuningPipeline,2,sequential,baseline/test,window_auroc,3,7 42 123,0.799311,0.001489,0.186
segsweep_swat_seq_n2,Swat,ContinualFineTuningPipeline,2,sequential,baseline/test,window_f1,3,7 42 123,0.749935,0.000281,0.037
segsweep_swat_seq_n2,Swat,ContinualFineTuningPipeline,2,sequential,baseline/test,window_precision,3,7 42 123,0.993273,0.001004,0.101
segsweep_swat_seq_n2,Swat,ContinualFineTuningPipeline,2,sequential,baseline/test,window_recall,3,7 42 123,0.602364,0.000238,0.039
segsweep_swat_seq_n2,Swat,ContinualFineTuningPipeline,2,sequential,continual_0/test,event_f1,3,7 42 123,0.240684,0.047453,19.716
segsweep_swat_seq_n2,Swat,ContinualFineTuningPipeline,2,sequential,continual_0/test,event_fn,3,7 42 123,26.666667,0.57735,2.165
segsweep_swat_seq_n2,Swat,ContinualFineTuningPipeline,2,sequential,continual_0/test,event_fp,3,7 42 123,27.0,8.888194,32.919
segsweep_swat_seq_n2,Swat,ContinualFineTuningPipeline,2,sequential,continual_0/test,event_precision,3,7 42 123,0.249052,0.084688,34.004
segsweep_swat_seq_n2,Swat,ContinualFineTuningPipeline,2,sequential,continual_0/test,event_recall,3,7 42 123,0.238095,0.016496,6.928
segsweep_swat_seq_n2,Swat,ContinualFineTuningPipeline,2,sequential,continual_0/test,event_tp,3,7 42 123,8.333333,0.57735,6.928
segsweep_swat_seq_n2,Swat,ContinualFineTuningPipeline,2,sequential,continual_0/test,pa_f1,3,7 42 123,0.838236,0.007032,0.839
segsweep_swat_seq_n2,Swat,ContinualFineTuningPipeline,2,sequential,continual_0/test,pa_precision,3,7 42 123,0.944264,0.025264,2.676
segsweep_swat_seq_n2,Swat,ContinualFineTuningPipeline,2,sequential,continual_0/test,pa_recall,3,7 42 123,0.753935,0.010322,1.369
segsweep_swat_seq_n2,Swat,ContinualFineTuningPipeline,2,sequential,continual_0/test,point_auprc,3,7 42 123,0.704167,0.003346,0.475
segsweep_swat_seq_n2,Swat,ContinualFineTuningPipeline,2,sequential,continual_0/test,point_auroc,3,7 42 123,0.814493,0.001595,0.196
segsweep_swat_seq_n2,Swat,ContinualFineTuningPipeline,2,sequential,continual_0/test,point_f1,3,7 42 123,0.766664,0.000125,0.016
segsweep_swat_seq_n2,Swat,ContinualFineTuningPipeline,2,sequential,continual_0/test,point_precision,3,7 42 123,0.978895,0.00053,0.054
segsweep_swat_seq_n2,Swat,ContinualFineTuningPipeline,2,sequential,continual_0/test,point_recall,3,7 42 123,0.630063,0.00016,0.025
segsweep_swat_seq_n2,Swat,ContinualFineTuningPipeline,2,sequential,continual_0/test,window_auprc,3,7 42 123,0.701424,0.001203,0.172
segsweep_swat_seq_n2,Swat,ContinualFineTuningPipeline,2,sequential,continual_0/test,window_auroc,3,7 42 123,0.798927,0.001562,0.196
segsweep_swat_seq_n2,Swat,ContinualFineTuningPipeline,2,sequential,continual_0/test,window_f1,3,7 42 123,0.750095,8.7e-05,0.012
segsweep_swat_seq_n2,Swat,ContinualFineTuningPipeline,2,sequential,continual_0/test,window_precision,3,7 42 123,0.993584,0.000394,0.04
segsweep_swat_seq_n2,Swat,ContinualFineTuningPipeline,2,sequential,continual_0/test,window_recall,3,7 42 123,0.602456,0.000235,0.039
segsweep_swat_seq_n2,Swat,ContinualFineTuningPipeline,2,sequential,continual_1/test,event_f1,3,7 42 123,0.289796,0.043901,15.149
segsweep_swat_seq_n2,Swat,ContinualFineTuningPipeline,2,sequential,continual_1/test,event_fn,3,7 42 123,27.0,0.0,0.0
segsweep_swat_seq_n2,Swat,ContinualFineTuningPipeline,2,sequential,continual_1/test,event_fp,3,7 42 123,13.0,7.81025,60.079
segsweep_swat_seq_n2,Swat,ContinualFineTuningPipeline,2,sequential,continual_1/test,event_precision,3,7 42 123,0.431453,0.203794,47.234
segsweep_swat_seq_n2,Swat,ContinualFineTuningPipeline,2,sequential,continual_1/test,event_recall,3,7 42 123,0.228571,0.0,0.0
segsweep_swat_seq_n2,Swat,ContinualFineTuningPipeline,2,sequential,continual_1/test,event_tp,3,7 42 123,8.0,0.0,0.0
segsweep_swat_seq_n2,Swat,ContinualFineTuningPipeline,2,sequential,continual_1/test,pa_f1,3,7 42 123,0.840185,0.003826,0.455
segsweep_swat_seq_n2,Swat,ContinualFineTuningPipeline,2,sequential,continual_1/test,pa_precision,3,7 42 123,0.949024,0.016215,1.709
segsweep_swat_seq_n2,Swat,ContinualFineTuningPipeline,2,sequential,continual_1/test,pa_recall,3,7 42 123,0.753935,0.010322,1.369
segsweep_swat_seq_n2,Swat,ContinualFineTuningPipeline,2,sequential,continual_1/test,point_auprc,3,7 42 123,0.704281,0.002949,0.419
segsweep_swat_seq_n2,Swat,ContinualFineTuningPipeline,2,sequential,continual_1/test,point_auroc,3,7 42 123,0.817821,0.00094,0.115
segsweep_swat_seq_n2,Swat,ContinualFineTuningPipeline,2,sequential,continual_1/test,point_f1,3,7 42 123,0.766978,0.000187,0.024
segsweep_swat_seq_n2,Swat,ContinualFineTuningPipeline,2,sequential,continual_1/test,point_precision,3,7 42 123,0.980036,0.000736,0.075
segsweep_swat_seq_n2,Swat,ContinualFineTuningPipeline,2,sequential,continual_1/test,point_recall,3,7 42 123,0.630014,9.5e-05,0.015
segsweep_swat_seq_n2,Swat,ContinualFineTuningPipeline,2,sequential,continual_1/test,window_auprc,3,7 42 123,0.702002,0.001222,0.174
segsweep_swat_seq_n2,Swat,ContinualFineTuningPipeline,2,sequential,continual_1/test,window_auroc,3,7 42 123,0.802682,0.000884,0.11
segsweep_swat_seq_n2,Swat,ContinualFineTuningPipeline,2,sequential,continual_1/test,window_f1,3,7 42 123,0.750412,0.000198,0.026
segsweep_swat_seq_n2,Swat,ContinualFineTuningPipeline,2,sequential,continual_1/test,window_precision,3,7 42 123,0.994621,0.000821,0.083
segsweep_swat_seq_n2,Swat,ContinualFineTuningPipeline,2,sequential,continual_1/test,window_recall,3,7 42 123,0.602485,0.000301,0.05
segsweep_swat_seq_n5,Swat,ContinualFineTuningPipeline,5,sequential,baseline/test,event_f1,3,7 42 123,0.297308,0.03553,11.951
segsweep_swat_seq_n5,Swat,ContinualFineTuningPipeline,5,sequential,baseline/test,event_fn,3,7 42 123,27.333333,0.57735,2.112
segsweep_swat_seq_n5,Swat,ContinualFineTuningPipeline,5,sequential,baseline/test,event_fp,3,7 42 123,9.666667,9.073772,93.867
segsweep_swat_seq_n5,Swat,ContinualFineTuningPipeline,5,sequential,baseline/test,event_precision,3,7 42 123,0.576248,0.371331,64.439
segsweep_swat_seq_n5,Swat,ContinualFineTuningPipeline,5,sequential,baseline/test,event_recall,3,7 42 123,0.219048,0.016496,7.531
segsweep_swat_seq_n5,Swat,ContinualFineTuningPipeline,5,sequential,baseline/test,event_tp,3,7 42 123,7.666667,0.57735,7.531
segsweep_swat_seq_n5,Swat,ContinualFineTuningPipeline,5,sequential,baseline/test,pa_f1,3,7 42 123,0.838414,0.009197,1.097
segsweep_swat_seq_n5,Swat,ContinualFineTuningPipeline,5,sequential,baseline/test,pa_precision,3,7 42 123,0.923791,0.030744,3.328
segsweep_swat_seq_n5,Swat,ContinualFineTuningPipeline,5,sequential,baseline/test,pa_recall,3,7 42 123,0.767885,0.006692,0.872
segsweep_swat_seq_n5,Swat,ContinualFineTuningPipeline,5,sequential,baseline/test,point_auprc,3,7 42 123,0.70593,0.00417,0.591
segsweep_swat_seq_n5,Swat,ContinualFineTuningPipeline,5,sequential,baseline/test,point_auroc,3,7 42 123,0.815383,0.00102,0.125
segsweep_swat_seq_n5,Swat,ContinualFineTuningPipeline,5,sequential,baseline/test,point_f1,3,7 42 123,0.765945,0.001919,0.251
segsweep_swat_seq_n5,Swat,ContinualFineTuningPipeline,5,sequential,baseline/test,point_precision,3,7 42 123,0.980524,0.001347,0.137
segsweep_swat_seq_n5,Swat,ContinualFineTuningPipeline,5,sequential,baseline/test,point_recall,3,7 42 123,0.628427,0.00313,0.498
segsweep_swat_seq_n5,Swat,ContinualFineTuningPipeline,5,sequential,baseline/test,window_auprc,3,7 42 123,0.702164,0.001196,0.17
segsweep_swat_seq_n5,Swat,ContinualFineTuningPipeline,5,sequential,baseline/test,window_auroc,3,7 42 123,0.799956,0.000969,0.121
segsweep_swat_seq_n5,Swat,ContinualFineTuningPipeline,5,sequential,baseline/test,window_f1,3,7 42 123,0.749222,0.002271,0.303
segsweep_swat_seq_n5,Swat,ContinualFineTuningPipeline,5,sequential,baseline/test,window_precision,3,7 42 123,0.989916,0.008053,0.813
segsweep_swat_seq_n5,Swat,ContinualFineTuningPipeline,5,sequential,baseline/test,window_recall,3,7 42 123,0.602692,5.5e-05,0.009
segsweep_swat_seq_n5,Swat,ContinualFineTuningPipeline,5,sequential,continual_0/test,event_f1,3,7 42 123,0.317677,0.006845,2.155
segsweep_swat_seq_n5,Swat,ContinualFineTuningPipeline,5,sequential,continual_0/test,event_fn,3,7 42 123,27.333333,0.57735,2.112
segsweep_swat_seq_n5,Swat,ContinualFineTuningPipeline,5,sequential,continual_0/test,event_fp,3,7 42 123,5.666667,4.041452,71.32
segsweep_swat_seq_n5,Swat,ContinualFineTuningPipeline,5,sequential,continual_0/test,event_precision,3,7 42 123,0.625,0.216506,34.641
segsweep_swat_seq_n5,Swat,ContinualFineTuningPipeline,5,sequential,continual_0/test,event_recall,3,7 42 123,0.219048,0.016496,7.531
segsweep_swat_seq_n5,Swat,ContinualFineTuningPipeline,5,sequential,continual_0/test,event_tp,3,7 42 123,7.666667,0.57735,7.531
segsweep_swat_seq_n5,Swat,ContinualFineTuningPipeline,5,sequential,continual_0/test,pa_f1,3,7 42 123,0.838656,0.009166,1.093
segsweep_swat_seq_n5,Swat,ContinualFineTuningPipeline,5,sequential,continual_0/test,pa_precision,3,7 42 123,0.924374,0.030625,3.313
segsweep_swat_seq_n5,Swat,ContinualFineTuningPipeline,5,sequential,continual_0/test,pa_recall,3,7 42 123,0.767885,0.006692,0.872
segsweep_swat_seq_n5,Swat,ContinualFineTuningPipeline,5,sequential,continual_0/test,point_auprc,3,7 42 123,0.705745,0.003969,0.562
segsweep_swat_seq_n5,Swat,ContinualFineTuningPipeline,5,sequential,continual_0/test,point_auroc,3,7 42 123,0.814099,0.000942,0.116
segsweep_swat_seq_n5,Swat,ContinualFineTuningPipeline,5,sequential,continual_0/test,point_f1,3,7 42 123,0.766033,0.00201,0.262
segsweep_swat_seq_n5,Swat,ContinualFineTuningPipeline,5,sequential,continual_0/test,point_precision,3,7 42 123,0.980766,0.001083,0.11
segsweep_swat_seq_n5,Swat,ContinualFineTuningPipeline,5,sequential,continual_0/test,point_recall,3,7 42 123,0.628446,0.003145,0.5
segsweep_swat_seq_n5,Swat,ContinualFineTuningPipeline,5,sequential,continual_0/test,window_auprc,3,7 42 123,0.701917,0.001244,0.177
segsweep_swat_seq_n5,Swat,ContinualFineTuningPipeline,5,sequential,continual_0/test,window_auroc,3,7 42 123,0.798527,0.0009,0.113
segsweep_swat_seq_n5,Swat,ContinualFineTuningPipeline,5,sequential,continual_0/test,window_f1,3,7 42 123,0.749297,0.002314,0.309
segsweep_swat_seq_n5,Swat,ContinualFineTuningPipeline,5,sequential,continual_0/test,window_precision,3,7 42 123,0.990366,0.008206,0.829
segsweep_swat_seq_n5,Swat,ContinualFineTuningPipeline,5,sequential,continual_0/test,window_recall,3,7 42 123,0.602623,5.5e-05,0.009
segsweep_swat_seq_n5,Swat,ContinualFineTuningPipeline,5,sequential,continual_1/test,event_f1,3,7 42 123,0.319214,0.00774,2.425
segsweep_swat_seq_n5,Swat,ContinualFineTuningPipeline,5,sequential,continual_1/test,event_fn,3,7 42 123,27.333333,0.57735,2.112
segsweep_swat_seq_n5,Swat,ContinualFineTuningPipeline,5,sequential,continual_1/test,event_fp,3,7 42 123,5.333333,2.081666,39.031
segsweep_swat_seq_n5,Swat,ContinualFineTuningPipeline,5,sequential,continual_1/test,event_precision,3,7 42 123,0.601587,0.08733,14.517
segsweep_swat_seq_n5,Swat,ContinualFineTuningPipeline,5,sequential,continual_1/test,event_recall,3,7 42 123,0.219048,0.016496,7.531
segsweep_swat_seq_n5,Swat,ContinualFineTuningPipeline,5,sequential,continual_1/test,event_tp,3,7 42 123,7.666667,0.57735,7.531
segsweep_swat_seq_n5,Swat,ContinualFineTuningPipeline,5,sequential,continual_1/test,pa_f1,3,7 42 123,0.838216,0.009391,1.12
segsweep_swat_seq_n5,Swat,ContinualFineTuningPipeline,5,sequential,continual_1/test,pa_precision,3,7 42 123,0.92779,0.023791,2.564
segsweep_swat_seq_n5,Swat,ContinualFineTuningPipeline,5,sequential,continual_1/test,pa_recall,3,7 42 123,0.76459,0.004083,0.534
segsweep_swat_seq_n5,Swat,ContinualFineTuningPipeline,5,sequential,continual_1/test,point_auprc,3,7 42 123,0.704531,0.003322,0.472
segsweep_swat_seq_n5,Swat,ContinualFineTuningPipeline,5,sequential,continual_1/test,point_auroc,3,7 42 123,0.814194,0.000942,0.116
segsweep_swat_seq_n5,Swat,ContinualFineTuningPipeline,5,sequential,continual_1/test,point_f1,3,7 42 123,0.766058,0.002037,0.266
segsweep_swat_seq_n5,Swat,ContinualFineTuningPipeline,5,sequential,continual_1/test,point_precision,3,7 42 123,0.980877,0.000902,0.092
segsweep_swat_seq_n5,Swat,ContinualFineTuningPipeline,5,sequential,continual_1/test,point_recall,3,7 42 123,0.628434,0.003102,0.494
segsweep_swat_seq_n5,Swat,ContinualFineTuningPipeline,5,sequential,continual_1/test,window_auprc,3,7 42 123,0.70171,0.001243,0.177
segsweep_swat_seq_n5,Swat,ContinualFineTuningPipeline,5,sequential,continual_1/test,window_auroc,3,7 42 123,0.798716,0.000873,0.109
segsweep_swat_seq_n5,Swat,ContinualFineTuningPipeline,5,sequential,continual_1/test,window_f1,3,7 42 123,0.749476,0.002005,0.267
segsweep_swat_seq_n5,Swat,ContinualFineTuningPipeline,5,sequential,continual_1/test,window_precision,3,7 42 123,0.991204,0.007047,0.711
segsweep_swat_seq_n5,Swat,ContinualFineTuningPipeline,5,sequential,continual_1/test,window_recall,3,7 42 123,0.602542,7.2e-05,0.012
segsweep_swat_seq_n5,Swat,ContinualFineTuningPipeline,5,sequential,continual_2/test,event_f1,3,7 42 123,0.281009,0.062179,22.127
segsweep_swat_seq_n5,Swat,ContinualFineTuningPipeline,5,sequential,continual_2/test,event_fn,3,7 42 123,26.666667,0.57735,2.165
segsweep_swat_seq_n5,Swat,ContinualFineTuningPipeline,5,sequential,continual_2/test,event_fp,3,7 42 123,19.0,19.924859,104.868
segsweep_swat_seq_n5,Swat,ContinualFineTuningPipeline,5,sequential,continual_2/test,event_precision,3,7 42 123,0.403268,0.197118,48.88
segsweep_swat_seq_n5,Swat,ContinualFineTuningPipeline,5,sequential,continual_2/test,event_recall,3,7 42 123,0.238095,0.016496,6.928
segsweep_swat_seq_n5,Swat,ContinualFineTuningPipeline,5,sequential,continual_2/test,event_tp,3,7 42 123,8.333333,0.57735,6.928
segsweep_swat_seq_n5,Swat,ContinualFineTuningPipeline,5,sequential,continual_2/test,pa_f1,3,7 42 123,0.838323,0.009123,1.088
segsweep_swat_seq_n5,Swat,ContinualFineTuningPipeline,5,sequential,continual_2/test,pa_precision,3,7 42 123,0.923565,0.030549,3.308
segsweep_swat_seq_n5,Swat,ContinualFineTuningPipeline,5,sequential,continual_2/test,pa_recall,3,7 42 123,0.767885,0.006692,0.872
segsweep_swat_seq_n5,Swat,ContinualFineTuningPipeline,5,sequential,continual_2/test,point_auprc,3,7 42 123,0.705012,0.003,0.426
segsweep_swat_seq_n5,Swat,ContinualFineTuningPipeline,5,sequential,continual_2/test,point_auroc,3,7 42 123,0.81588,0.000613,0.075
segsweep_swat_seq_n5,Swat,ContinualFineTuningPipeline,5,sequential,continual_2/test,point_f1,3,7 42 123,0.766189,0.001798,0.235
segsweep_swat_seq_n5,Swat,ContinualFineTuningPipeline,5,sequential,continual_2/test,point_precision,3,7 42 123,0.977049,0.005623,0.575
segsweep_swat_seq_n5,Swat,ContinualFineTuningPipeline,5,sequential,continual_2/test,point_recall,3,7 42 123,0.630191,9e-05,0.014
segsweep_swat_seq_n5,Swat,ContinualFineTuningPipeline,5,sequential,continual_2/test,window_auprc,3,7 42 123,0.702034,0.001081,0.154
segsweep_swat_seq_n5,Swat,ContinualFineTuningPipeline,5,sequential,continual_2/test,window_auroc,3,7 42 123,0.800398,0.000659,0.082
segsweep_swat_seq_n5,Swat,ContinualFineTuningPipeline,5,sequential,continual_2/test,window_f1,3,7 42 123,0.749698,0.001672,0.223
segsweep_swat_seq_n5,Swat,ContinualFineTuningPipeline,5,sequential,continual_2/test,window_precision,3,7 42 123,0.991924,0.005776,0.582
segsweep_swat_seq_n5,Swat,ContinualFineTuningPipeline,5,sequential,continual_2/test,window_recall,3,7 42 123,0.60256,5e-05,0.008
segsweep_swat_seq_n5,Swat,ContinualFineTuningPipeline,5,sequential,continual_3/test,event_f1,3,7 42 123,0.309417,0.060231,19.466
segsweep_swat_seq_n5,Swat,ContinualFineTuningPipeline,5,sequential,continual_3/test,event_fn,3,7 42 123,26.666667,0.57735,2.165
segsweep_swat_seq_n5,Swat,ContinualFineTuningPipeline,5,sequential,continual_3/test,event_fp,3,7 42 123,12.666667,15.885003,125.408
segsweep_swat_seq_n5,Swat,ContinualFineTuningPipeline,5,sequential,continual_3/test,event_precision,3,7 42 123,0.539646,0.274172,50.806
segsweep_swat_seq_n5,Swat,ContinualFineTuningPipeline,5,sequential,continual_3/test,event_recall,3,7 42 123,0.238095,0.016496,6.928
segsweep_swat_seq_n5,Swat,ContinualFineTuningPipeline,5,sequential,continual_3/test,event_tp,3,7 42 123,8.333333,0.57735,6.928
segsweep_swat_seq_n5,Swat,ContinualFineTuningPipeline,5,sequential,continual_3/test,pa_f1,3,7 42 123,0.840869,0.006359,0.756
segsweep_swat_seq_n5,Swat,ContinualFineTuningPipeline,5,sequential,continual_3/test,pa_precision,3,7 42 123,0.948571,0.031593,3.331
segsweep_swat_seq_n5,Swat,ContinualFineTuningPipeline,5,sequential,continual_3/test,pa_recall,3,7 42 123,0.75565,0.011891,1.574
segsweep_swat_seq_n5,Swat,ContinualFineTuningPipeline,5,sequential,continual_3/test,point_auprc,3,7 42 123,0.705093,0.002556,0.362
segsweep_swat_seq_n5,Swat,ContinualFineTuningPipeline,5,sequential,continual_3/test,point_auroc,3,7 42 123,0.817673,0.000475,0.058
segsweep_swat_seq_n5,Swat,ContinualFineTuningPipeline,5,sequential,continual_3/test,point_f1,3,7 42 123,0.766314,0.001622,0.212
segsweep_swat_seq_n5,Swat,ContinualFineTuningPipeline,5,sequential,continual_3/test,point_precision,3,7 42 123,0.977543,0.005055,0.517
segsweep_swat_seq_n5,Swat,ContinualFineTuningPipeline,5,sequential,continual_3/test,point_recall,3,7 42 123,0.630154,9.4e-05,0.015
segsweep_swat_seq_n5,Swat,ContinualFineTuningPipeline,5,sequential,continual_3/test,window_auprc,3,7 42 123,0.702278,0.001067,0.152
segsweep_swat_seq_n5,Swat,ContinualFineTuningPipeline,5,sequential,continual_3/test,window_auroc,3,7 42 123,0.802495,0.000371,0.046
segsweep_swat_seq_n5,Swat,ContinualFineTuningPipeline,5,sequential,continual_3/test,window_f1,3,7 42 123,0.749839,0.001523,0.203
segsweep_swat_seq_n5,Swat,ContinualFineTuningPipeline,5,sequential,continual_3/test,window_precision,3,7 42 123,0.99223,0.005173,0.521
segsweep_swat_seq_n5,Swat,ContinualFineTuningPipeline,5,sequential,continual_3/test,window_recall,3,7 42 123,0.602629,9.5e-05,0.016
segsweep_swat_seq_n5,Swat,ContinualFineTuningPipeline,5,sequential,continual_4/test,event_f1,3,7 42 123,0.31683,0.056882,17.954
segsweep_swat_seq_n5,Swat,ContinualFineTuningPipeline,5,sequential,continual_4/test,event_fn,3,7 42 123,26.666667,0.57735,2.165
segsweep_swat_seq_n5,Swat,ContinualFineTuningPipeline,5,sequential,continual_4/test,event_fp,3,7 42 123,11.0,14.0,127.273
segsweep_swat_seq_n5,Swat,ContinualFineTuningPipeline,5,sequential,continual_4/test,event_precision,3,7 42 123,0.584758,0.320544,54.816
segsweep_swat_seq_n5,Swat,ContinualFineTuningPipeline,5,sequential,continual_4/test,event_recall,3,7 42 123,0.238095,0.016496,6.928
segsweep_swat_seq_n5,Swat,ContinualFineTuningPipeline,5,sequential,continual_4/test,event_tp,3,7 42 123,8.333333,0.57735,6.928
segsweep_swat_seq_n5,Swat,ContinualFineTuningPipeline,5,sequential,continual_4/test,pa_f1,3,7 42 123,0.840723,0.006222,0.74
segsweep_swat_seq_n5,Swat,ContinualFineTuningPipeline,5,sequential,continual_4/test,pa_precision,3,7 42 123,0.9482,0.031549,3.327
segsweep_swat_seq_n5,Swat,ContinualFineTuningPipeline,5,sequential,continual_4/test,pa_recall,3,7 42 123,0.75565,0.011891,1.574
segsweep_swat_seq_n5,Swat,ContinualFineTuningPipeline,5,sequential,continual_4/test,point_auprc,3,7 42 123,0.705318,0.002261,0.321
segsweep_swat_seq_n5,Swat,ContinualFineTuningPipeline,5,sequential,continual_4/test,point_auroc,3,7 42 123,0.818457,0.000457,0.056
segsweep_swat_seq_n5,Swat,ContinualFineTuningPipeline,5,sequential,continual_4/test,point_f1,3,7 42 123,0.766423,0.001445,0.189
segsweep_swat_seq_n5,Swat,ContinualFineTuningPipeline,5,sequential,continual_4/test,point_precision,3,7 42 123,0.977792,0.004696,0.48
segsweep_swat_seq_n5,Swat,ContinualFineTuningPipeline,5,sequential,continual_4/test,point_recall,3,7 42 123,0.630197,0.0,0.0
segsweep_swat_seq_n5,Swat,ContinualFineTuningPipeline,5,sequential,continual_4/test,window_auprc,3,7 42 123,0.702514,0.000895,0.127
segsweep_swat_seq_n5,Swat,ContinualFineTuningPipeline,5,sequential,continual_4/test,window_auroc,3,7 42 123,0.803422,0.000515,0.064
segsweep_swat_seq_n5,Swat,ContinualFineTuningPipeline,5,sequential,continual_4/test,window_f1,3,7 42 123,0.74999,0.001396,0.186
segsweep_swat_seq_n5,Swat,ContinualFineTuningPipeline,5,sequential,continual_4/test,window_precision,3,7 42 123,0.992537,0.004546,0.458
segsweep_swat_seq_n5,Swat,ContinualFineTuningPipeline,5,sequential,continual_4/test,window_recall,3,7 42 123,0.602709,0.000132,0.022
slurm_grid_etth_forecast_model,EtthForecastDataset,StandardPipeline,0,,train/test,forecast/mae,3,7 42 123,0.444847,0.023726,5.334
slurm_grid_etth_forecast_model,EtthForecastDataset,StandardPipeline,0,,train/test,forecast/mse,3,7 42 123,0.405225,0.030469,7.519
slurm_grid_etth_forecast_model,EtthForecastDataset,StandardPipeline,0,,train/test,forecast/rmse,3,7 42 123,0.636279,0.023702,3.725
slurm_grid_etth_forecast_train_incremental,EtthForecastDataset,IncrementalTaskArithmeticPipeline,2,,baseline/test,forecast/mae,1,42,0.587382,0.0,0.0
slurm_grid_etth_forecast_train_incremental,EtthForecastDataset,IncrementalTaskArithmeticPipeline,2,,baseline/test,forecast/mse,1,42,0.63009,0.0,0.0
slurm_grid_etth_forecast_train_incremental,EtthForecastDataset,IncrementalTaskArithmeticPipeline,2,,baseline/test,forecast/rmse,1,42,0.793782,0.0,0.0
slurm_grid_etth_forecast_train_incremental,EtthForecastDataset,IncrementalTaskArithmeticPipeline,2,,finetune_0/test,forecast/mae,1,42,0.531166,0.0,0.0
slurm_grid_etth_forecast_train_incremental,EtthForecastDataset,IncrementalTaskArithmeticPipeline,2,,finetune_0/test,forecast/mse,1,42,0.504777,0.0,0.0
slurm_grid_etth_forecast_train_incremental,EtthForecastDataset,IncrementalTaskArithmeticPipeline,2,,finetune_0/test,forecast/rmse,1,42,0.710477,0.0,0.0
slurm_grid_etth_forecast_train_incremental,EtthForecastDataset,IncrementalTaskArithmeticPipeline,2,,finetune_1/test,forecast/mae,1,42,0.462234,0.0,0.0
slurm_grid_etth_forecast_train_incremental,EtthForecastDataset,IncrementalTaskArithmeticPipeline,2,,finetune_1/test,forecast/mse,1,42,0.42192,0.0,0.0
slurm_grid_etth_forecast_train_incremental,EtthForecastDataset,IncrementalTaskArithmeticPipeline,2,,finetune_1/test,forecast/rmse,1,42,0.649554,0.0,0.0
slurm_grid_etth_forecast_train_incremental,EtthForecastDataset,IncrementalTaskArithmeticPipeline,2,,merged/test,forecast/mae,1,42,0.500141,0.0,0.0
slurm_grid_etth_forecast_train_incremental,EtthForecastDataset,IncrementalTaskArithmeticPipeline,2,,merged/test,forecast/mse,1,42,0.456166,0.0,0.0
slurm_grid_etth_forecast_train_incremental,EtthForecastDataset,IncrementalTaskArithmeticPipeline,2,,merged/test,forecast/rmse,1,42,0.675401,0.0,0.0
slurm_grid_etth_forecast_train_incremental,EtthForecastDataset,IncrementalTaskArithmeticPipeline,2,,merged/val,forecast/mae,1,42,0.394821,0.0,0.0
slurm_grid_etth_forecast_train_incremental,EtthForecastDataset,IncrementalTaskArithmeticPipeline,2,,merged/val,forecast/mse,1,42,0.27484,0.0,0.0
slurm_grid_etth_forecast_train_incremental,EtthForecastDataset,IncrementalTaskArithmeticPipeline,2,,merged/val,forecast/rmse,1,42,0.524251,0.0,0.0
slurm_grid_etth_forecast_train_incremental,EtthForecastDataset,IncrementalTaskArithmeticPipeline,3,,baseline/test,forecast/mae,1,42,0.613071,0.0,0.0
slurm_grid_etth_forecast_train_incremental,EtthForecastDataset,IncrementalTaskArithmeticPipeline,3,,baseline/test,forecast/mse,1,42,0.702315,0.0,0.0
slurm_grid_etth_forecast_train_incremental,EtthForecastDataset,IncrementalTaskArithmeticPipeline,3,,baseline/test,forecast/rmse,1,42,0.838042,0.0,0.0
slurm_grid_etth_forecast_train_incremental,EtthForecastDataset,IncrementalTaskArithmeticPipeline,3,,finetune_0/test,forecast/mae,1,42,0.65949,0.0,0.0
slurm_grid_etth_forecast_train_incremental,EtthForecastDataset,IncrementalTaskArithmeticPipeline,3,,finetune_0/test,forecast/mse,1,42,0.73548,0.0,0.0
slurm_grid_etth_forecast_train_incremental,EtthForecastDataset,IncrementalTaskArithmeticPipeline,3,,finetune_0/test,forecast/rmse,1,42,0.857602,0.0,0.0
slurm_grid_etth_forecast_train_incremental,EtthForecastDataset,IncrementalTaskArithmeticPipeline,3,,finetune_1/test,forecast/mae,1,42,0.525817,0.0,0.0
slurm_grid_etth_forecast_train_incremental,EtthForecastDataset,IncrementalTaskArithmeticPipeline,3,,finetune_1/test,forecast/mse,1,42,0.5125,0.0,0.0
slurm_grid_etth_forecast_train_incremental,EtthForecastDataset,IncrementalTaskArithmeticPipeline,3,,finetune_1/test,forecast/rmse,1,42,0.715891,0.0,0.0
slurm_grid_etth_forecast_train_incremental,EtthForecastDataset,IncrementalTaskArithmeticPipeline,3,,finetune_2/test,forecast/mae,1,42,0.478905,0.0,0.0
slurm_grid_etth_forecast_train_incremental,EtthForecastDataset,IncrementalTaskArithmeticPipeline,3,,finetune_2/test,forecast/mse,1,42,0.450272,0.0,0.0
slurm_grid_etth_forecast_train_incremental,EtthForecastDataset,IncrementalTaskArithmeticPipeline,3,,finetune_2/test,forecast/rmse,1,42,0.671023,0.0,0.0
slurm_grid_etth_forecast_train_incremental,EtthForecastDataset,IncrementalTaskArithmeticPipeline,3,,merged/test,forecast/mae,1,42,0.5661,0.0,0.0
slurm_grid_etth_forecast_train_incremental,EtthForecastDataset,IncrementalTaskArithmeticPipeline,3,,merged/test,forecast/mse,1,42,0.591839,0.0,0.0
slurm_grid_etth_forecast_train_incremental,EtthForecastDataset,IncrementalTaskArithmeticPipeline,3,,merged/test,forecast/rmse,1,42,0.769311,0.0,0.0
slurm_grid_etth_forecast_train_incremental,EtthForecastDataset,IncrementalTaskArithmeticPipeline,3,,merged/val,forecast/mae,1,42,0.550333,0.0,0.0
slurm_grid_etth_forecast_train_incremental,EtthForecastDataset,IncrementalTaskArithmeticPipeline,3,,merged/val,forecast/mse,1,42,0.545644,0.0,0.0
slurm_grid_etth_forecast_train_incremental,EtthForecastDataset,IncrementalTaskArithmeticPipeline,3,,merged/val,forecast/rmse,1,42,0.738677,0.0,0.0
slurm_grid_etth_forecast_train_incremental,EtthForecastDataset,IncrementalTaskArithmeticPipeline,5,,baseline/test,forecast/mae,1,42,0.596356,0.0,0.0
slurm_grid_etth_forecast_train_incremental,EtthForecastDataset,IncrementalTaskArithmeticPipeline,5,,baseline/test,forecast/mse,1,42,0.682,0.0,0.0
slurm_grid_etth_forecast_train_incremental,EtthForecastDataset,IncrementalTaskArithmeticPipeline,5,,baseline/test,forecast/rmse,1,42,0.825833,0.0,0.0
slurm_grid_etth_forecast_train_incremental,EtthForecastDataset,IncrementalTaskArithmeticPipeline,5,,finetune_0/test,forecast/mae,1,42,0.619011,0.0,0.0
slurm_grid_etth_forecast_train_incremental,EtthForecastDataset,IncrementalTaskArithmeticPipeline,5,,finetune_0/test,forecast/mse,1,42,0.699735,0.0,0.0
slurm_grid_etth_forecast_train_incremental,EtthForecastDataset,IncrementalTaskArithmeticPipeline,5,,finetune_0/test,forecast/rmse,1,42,0.836501,0.0,0.0
slurm_grid_etth_forecast_train_incremental,EtthForecastDataset,IncrementalTaskArithmeticPipeline,5,,finetune_1/test,forecast/mae,1,42,0.594495,0.0,0.0
slurm_grid_etth_forecast_train_incremental,EtthForecastDataset,IncrementalTaskArithmeticPipeline,5,,finetune_1/test,forecast/mse,1,42,0.593797,0.0,0.0
slurm_grid_etth_forecast_train_incremental,EtthForecastDataset,IncrementalTaskArithmeticPipeline,5,,finetune_1/test,forecast/rmse,1,42,0.770582,0.0,0.0
slurm_grid_etth_forecast_train_incremental,EtthForecastDataset,IncrementalTaskArithmeticPipeline,5,,finetune_2/test,forecast/mae,1,42,0.497157,0.0,0.0
slurm_grid_etth_forecast_train_incremental,EtthForecastDataset,IncrementalTaskArithmeticPipeline,5,,finetune_2/test,forecast/mse,1,42,0.475825,0.0,0.0
slurm_grid_etth_forecast_train_incremental,EtthForecastDataset,IncrementalTaskArithmeticPipeline,5,,finetune_2/test,forecast/rmse,1,42,0.689801,0.0,0.0
slurm_grid_etth_forecast_train_incremental,EtthForecastDataset,IncrementalTaskArithmeticPipeline,5,,finetune_3/test,forecast/mae,1,42,0.463161,0.0,0.0
slurm_grid_etth_forecast_train_incremental,EtthForecastDataset,IncrementalTaskArithmeticPipeline,5,,finetune_3/test,forecast/mse,1,42,0.432033,0.0,0.0
slurm_grid_etth_forecast_train_incremental,EtthForecastDataset,IncrementalTaskArithmeticPipeline,5,,finetune_3/test,forecast/rmse,1,42,0.657292,0.0,0.0
slurm_grid_etth_forecast_train_incremental,EtthForecastDataset,IncrementalTaskArithmeticPipeline,5,,finetune_4/test,forecast/mae,1,42,0.504922,0.0,0.0
slurm_grid_etth_forecast_train_incremental,EtthForecastDataset,IncrementalTaskArithmeticPipeline,5,,finetune_4/test,forecast/mse,1,42,0.491448,0.0,0.0
slurm_grid_etth_forecast_train_incremental,EtthForecastDataset,IncrementalTaskArithmeticPipeline,5,,finetune_4/test,forecast/rmse,1,42,0.701034,0.0,0.0
slurm_grid_etth_forecast_train_incremental,EtthForecastDataset,IncrementalTaskArithmeticPipeline,5,,merged/test,forecast/mae,1,42,0.63856,0.0,0.0
slurm_grid_etth_forecast_train_incremental,EtthForecastDataset,IncrementalTaskArithmeticPipeline,5,,merged/test,forecast/mse,1,42,0.726089,0.0,0.0
slurm_grid_etth_forecast_train_incremental,EtthForecastDataset,IncrementalTaskArithmeticPipeline,5,,merged/test,forecast/rmse,1,42,0.852109,0.0,0.0
slurm_grid_etth_forecast_train_incremental,EtthForecastDataset,IncrementalTaskArithmeticPipeline,5,,merged/val,forecast/mae,1,42,0.723205,0.0,0.0
slurm_grid_etth_forecast_train_incremental,EtthForecastDataset,IncrementalTaskArithmeticPipeline,5,,merged/val,forecast/mse,1,42,0.810995,0.0,0.0
slurm_grid_etth_forecast_train_incremental,EtthForecastDataset,IncrementalTaskArithmeticPipeline,5,,merged/val,forecast/rmse,1,42,0.900553,0.0,0.0
slurm_grid_etth_forecast_train_standard,EtthForecastDataset,StandardPipeline,0,,train/test,forecast/mae,1,42,0.434428,0.0,0.0
slurm_grid_etth_forecast_train_standard,EtthForecastDataset,StandardPipeline,0,,train/test,forecast/mse,1,42,0.391555,0.0,0.0
slurm_grid_etth_forecast_train_standard,EtthForecastDataset,StandardPipeline,0,,train/test,forecast/rmse,1,42,0.625743,0.0,0.0
slurm_grid_psm_model,Psm,StandardPipeline,0,,train/test,event_f1,1,42,0.141343,0.0,0.0
slurm_grid_psm_model,Psm,StandardPipeline,0,,train/test,event_fn,1,42,11.0,0.0,0.0
slurm_grid_psm_model,Psm,StandardPipeline,0,,train/test,event_fp,1,42,718.0,0.0,0.0
slurm_grid_psm_model,Psm,StandardPipeline,0,,train/test,event_precision,1,42,0.077121,0.0,0.0
slurm_grid_psm_model,Psm,StandardPipeline,0,,train/test,event_recall,1,42,0.84507,0.0,0.0
slurm_grid_psm_model,Psm,StandardPipeline,0,,train/test,event_tp,1,42,60.0,0.0,0.0
slurm_grid_psm_model,Psm,StandardPipeline,0,,train/test,pa_f1,1,42,0.81158,0.0,0.0
slurm_grid_psm_model,Psm,StandardPipeline,0,,train/test,pa_precision,1,42,0.730758,0.0,0.0
slurm_grid_psm_model,Psm,StandardPipeline,0,,train/test,pa_recall,1,42,0.912503,0.0,0.0
slurm_grid_psm_model,Psm,StandardPipeline,0,,train/test,point_auprc,1,42,0.563711,0.0,0.0
slurm_grid_psm_model,Psm,StandardPipeline,0,,train/test,point_auroc,1,42,0.810513,0.0,0.0
slurm_grid_psm_model,Psm,StandardPipeline,0,,train/test,point_f1,1,42,0.654574,0.0,0.0
slurm_grid_psm_model,Psm,StandardPipeline,0,,train/test,point_precision,1,42,0.529754,0.0,0.0
slurm_grid_psm_model,Psm,StandardPipeline,0,,train/test,point_recall,1,42,0.856346,0.0,0.0
slurm_grid_psm_model,Psm,StandardPipeline,0,,train/test,window_auprc,1,42,0.652794,0.0,0.0
slurm_grid_psm_model,Psm,StandardPipeline,0,,train/test,window_auroc,1,42,0.81314,0.0,0.0
slurm_grid_psm_model,Psm,StandardPipeline,0,,train/test,window_f1,1,42,0.704237,0.0,0.0
slurm_grid_psm_model,Psm,StandardPipeline,0,,train/test,window_precision,1,42,0.608035,0.0,0.0
slurm_grid_psm_model,Psm,StandardPipeline,0,,train/test,window_recall,1,42,0.836602,0.0,0.0
slurm_grid_psm_train_incremental,Psm,IncrementalTaskArithmeticPipeline,2,,baseline/test,event_f1,1,42,0.23608,0.0,0.0
slurm_grid_psm_train_incremental,Psm,IncrementalTaskArithmeticPipeline,2,,baseline/test,event_fn,1,42,18.0,0.0,0.0
slurm_grid_psm_train_incremental,Psm,IncrementalTaskArithmeticPipeline,2,,baseline/test,event_fp,1,42,325.0,0.0,0.0
slurm_grid_psm_train_incremental,Psm,IncrementalTaskArithmeticPipeline,2,,baseline/test,event_precision,1,42,0.140212,0.0,0.0
slurm_grid_psm_train_incremental,Psm,IncrementalTaskArithmeticPipeline,2,,baseline/test,event_recall,1,42,0.746479,0.0,0.0
slurm_grid_psm_train_incremental,Psm,IncrementalTaskArithmeticPipeline,2,,baseline/test,event_tp,1,42,53.0,0.0,0.0
slurm_grid_psm_train_incremental,Psm,IncrementalTaskArithmeticPipeline,2,,baseline/test,pa_f1,1,42,0.805979,0.0,0.0
slurm_grid_psm_train_incremental,Psm,IncrementalTaskArithmeticPipeline,2,,baseline/test,pa_precision,1,42,0.97743,0.0,0.0
slurm_grid_psm_train_incremental,Psm,IncrementalTaskArithmeticPipeline,2,,baseline/test,pa_recall,1,42,0.6857,0.0,0.0
slurm_grid_psm_train_incremental,Psm,IncrementalTaskArithmeticPipeline,2,,baseline/test,point_auprc,1,42,0.560837,0.0,0.0
slurm_grid_psm_train_incremental,Psm,IncrementalTaskArithmeticPipeline,2,,baseline/test,point_auroc,1,42,0.768089,0.0,0.0
slurm_grid_psm_train_incremental,Psm,IncrementalTaskArithmeticPipeline,2,,baseline/test,point_f1,1,42,0.577416,0.0,0.0
slurm_grid_psm_train_incremental,Psm,IncrementalTaskArithmeticPipeline,2,,baseline/test,point_precision,1,42,0.469409,0.0,0.0
slurm_grid_psm_train_incremental,Psm,IncrementalTaskArithmeticPipeline,2,,baseline/test,point_recall,1,42,0.749979,0.0,0.0
slurm_grid_psm_train_incremental,Psm,IncrementalTaskArithmeticPipeline,2,,baseline/test,window_auprc,1,42,0.634701,0.0,0.0
slurm_grid_psm_train_incremental,Psm,IncrementalTaskArithmeticPipeline,2,,baseline/test,window_auroc,1,42,0.771261,0.0,0.0
slurm_grid_psm_train_incremental,Psm,IncrementalTaskArithmeticPipeline,2,,baseline/test,window_f1,1,42,0.632393,0.0,0.0
slurm_grid_psm_train_incremental,Psm,IncrementalTaskArithmeticPipeline,2,,baseline/test,window_precision,1,42,0.512625,0.0,0.0
slurm_grid_psm_train_incremental,Psm,IncrementalTaskArithmeticPipeline,2,,baseline/test,window_recall,1,42,0.825187,0.0,0.0
slurm_grid_psm_train_incremental,Psm,IncrementalTaskArithmeticPipeline,2,,finetune_0/test,event_f1,1,42,0.223423,0.0,0.0
slurm_grid_psm_train_incremental,Psm,IncrementalTaskArithmeticPipeline,2,,finetune_0/test,event_fn,1,42,9.0,0.0,0.0
slurm_grid_psm_train_incremental,Psm,IncrementalTaskArithmeticPipeline,2,,finetune_0/test,event_fp,1,42,422.0,0.0,0.0
slurm_grid_psm_train_incremental,Psm,IncrementalTaskArithmeticPipeline,2,,finetune_0/test,event_precision,1,42,0.128099,0.0,0.0
slurm_grid_psm_train_incremental,Psm,IncrementalTaskArithmeticPipeline,2,,finetune_0/test,event_recall,1,42,0.873239,0.0,0.0
slurm_grid_psm_train_incremental,Psm,IncrementalTaskArithmeticPipeline,2,,finetune_0/test,event_tp,1,42,62.0,0.0,0.0
slurm_grid_psm_train_incremental,Psm,IncrementalTaskArithmeticPipeline,2,,finetune_0/test,pa_f1,1,42,0.766494,0.0,0.0
slurm_grid_psm_train_incremental,Psm,IncrementalTaskArithmeticPipeline,2,,finetune_0/test,pa_precision,1,42,0.663349,0.0,0.0
slurm_grid_psm_train_incremental,Psm,IncrementalTaskArithmeticPipeline,2,,finetune_0/test,pa_recall,1,42,0.907622,0.0,0.0
slurm_grid_psm_train_incremental,Psm,IncrementalTaskArithmeticPipeline,2,,finetune_0/test,point_auprc,1,42,0.562536,0.0,0.0
slurm_grid_psm_train_incremental,Psm,IncrementalTaskArithmeticPipeline,2,,finetune_0/test,point_auroc,1,42,0.790584,0.0,0.0
slurm_grid_psm_train_incremental,Psm,IncrementalTaskArithmeticPipeline,2,,finetune_0/test,point_f1,1,42,0.604293,0.0,0.0
slurm_grid_psm_train_incremental,Psm,IncrementalTaskArithmeticPipeline,2,,finetune_0/test,point_precision,1,42,0.468962,0.0,0.0
slurm_grid_psm_train_incremental,Psm,IncrementalTaskArithmeticPipeline,2,,finetune_0/test,point_recall,1,42,0.849413,0.0,0.0
slurm_grid_psm_train_incremental,Psm,IncrementalTaskArithmeticPipeline,2,,finetune_0/test,window_auprc,1,42,0.644463,0.0,0.0
slurm_grid_psm_train_incremental,Psm,IncrementalTaskArithmeticPipeline,2,,finetune_0/test,window_auroc,1,42,0.793641,0.0,0.0
slurm_grid_psm_train_incremental,Psm,IncrementalTaskArithmeticPipeline,2,,finetune_0/test,window_f1,1,42,0.662285,0.0,0.0
slurm_grid_psm_train_incremental,Psm,IncrementalTaskArithmeticPipeline,2,,finetune_0/test,window_precision,1,42,0.543935,0.0,0.0
slurm_grid_psm_train_incremental,Psm,IncrementalTaskArithmeticPipeline,2,,finetune_0/test,window_recall,1,42,0.846459,0.0,0.0
slurm_grid_psm_train_incremental,Psm,IncrementalTaskArithmeticPipeline,2,,finetune_1/test,event_f1,1,42,0.22619,0.0,0.0
slurm_grid_psm_train_incremental,Psm,IncrementalTaskArithmeticPipeline,2,,finetune_1/test,event_fn,1,42,14.0,0.0,0.0
slurm_grid_psm_train_incremental,Psm,IncrementalTaskArithmeticPipeline,2,,finetune_1/test,event_fp,1,42,376.0,0.0,0.0
slurm_grid_psm_train_incremental,Psm,IncrementalTaskArithmeticPipeline,2,,finetune_1/test,event_precision,1,42,0.13164,0.0,0.0
slurm_grid_psm_train_incremental,Psm,IncrementalTaskArithmeticPipeline,2,,finetune_1/test,event_recall,1,42,0.802817,0.0,0.0
slurm_grid_psm_train_incremental,Psm,IncrementalTaskArithmeticPipeline,2,,finetune_1/test,event_tp,1,42,57.0,0.0,0.0
slurm_grid_psm_train_incremental,Psm,IncrementalTaskArithmeticPipeline,2,,finetune_1/test,pa_f1,1,42,0.766727,0.0,0.0
slurm_grid_psm_train_incremental,Psm,IncrementalTaskArithmeticPipeline,2,,finetune_1/test,pa_precision,1,42,0.667477,0.0,0.0
slurm_grid_psm_train_incremental,Psm,IncrementalTaskArithmeticPipeline,2,,finetune_1/test,pa_recall,1,42,0.900648,0.0,0.0
slurm_grid_psm_train_incremental,Psm,IncrementalTaskArithmeticPipeline,2,,finetune_1/test,point_auprc,1,42,0.565772,0.0,0.0
slurm_grid_psm_train_incremental,Psm,IncrementalTaskArithmeticPipeline,2,,finetune_1/test,point_auroc,1,42,0.798117,0.0,0.0
slurm_grid_psm_train_incremental,Psm,IncrementalTaskArithmeticPipeline,2,,finetune_1/test,point_f1,1,42,0.615069,0.0,0.0
slurm_grid_psm_train_incremental,Psm,IncrementalTaskArithmeticPipeline,2,,finetune_1/test,point_precision,1,42,0.488057,0.0,0.0
slurm_grid_psm_train_incremental,Psm,IncrementalTaskArithmeticPipeline,2,,finetune_1/test,point_recall,1,42,0.831446,0.0,0.0
slurm_grid_psm_train_incremental,Psm,IncrementalTaskArithmeticPipeline,2,,finetune_1/test,window_auprc,1,42,0.643732,0.0,0.0
slurm_grid_psm_train_incremental,Psm,IncrementalTaskArithmeticPipeline,2,,finetune_1/test,window_auroc,1,42,0.798309,0.0,0.0
slurm_grid_psm_train_incremental,Psm,IncrementalTaskArithmeticPipeline,2,,finetune_1/test,window_f1,1,42,0.669641,0.0,0.0
slurm_grid_psm_train_incremental,Psm,IncrementalTaskArithmeticPipeline,2,,finetune_1/test,window_precision,1,42,0.572804,0.0,0.0
slurm_grid_psm_train_incremental,Psm,IncrementalTaskArithmeticPipeline,2,,finetune_1/test,window_recall,1,42,0.80588,0.0,0.0
slurm_grid_psm_train_incremental,Psm,IncrementalTaskArithmeticPipeline,2,,merged/test,event_f1,1,42,0.275862,0.0,0.0
slurm_grid_psm_train_incremental,Psm,IncrementalTaskArithmeticPipeline,2,,merged/test,event_fn,1,42,15.0,0.0,0.0
slurm_grid_psm_train_incremental,Psm,IncrementalTaskArithmeticPipeline,2,,merged/test,event_fp,1,42,279.0,0.0,0.0
slurm_grid_psm_train_incremental,Psm,IncrementalTaskArithmeticPipeline,2,,merged/test,event_precision,1,42,0.167164,0.0,0.0
slurm_grid_psm_train_incremental,Psm,IncrementalTaskArithmeticPipeline,2,,merged/test,event_recall,1,42,0.788732,0.0,0.0
slurm_grid_psm_train_incremental,Psm,IncrementalTaskArithmeticPipeline,2,,merged/test,event_tp,1,42,56.0,0.0,0.0
slurm_grid_psm_train_incremental,Psm,IncrementalTaskArithmeticPipeline,2,,merged/test,pa_f1,1,42,0.769174,0.0,0.0
slurm_grid_psm_train_incremental,Psm,IncrementalTaskArithmeticPipeline,2,,merged/test,pa_precision,1,42,0.652756,0.0,0.0
slurm_grid_psm_train_incremental,Psm,IncrementalTaskArithmeticPipeline,2,,merged/test,pa_recall,1,42,0.936131,0.0,0.0
slurm_grid_psm_train_incremental,Psm,IncrementalTaskArithmeticPipeline,2,,merged/test,point_auprc,1,42,0.576064,0.0,0.0
slurm_grid_psm_train_incremental,Psm,IncrementalTaskArithmeticPipeline,2,,merged/test,point_auroc,1,42,0.808575,0.0,0.0
slurm_grid_psm_train_incremental,Psm,IncrementalTaskArithmeticPipeline,2,,merged/test,point_f1,1,42,0.657916,0.0,0.0
slurm_grid_psm_train_incremental,Psm,IncrementalTaskArithmeticPipeline,2,,merged/test,point_precision,1,42,0.525713,0.0,0.0
slurm_grid_psm_train_incremental,Psm,IncrementalTaskArithmeticPipeline,2,,merged/test,point_recall,1,42,0.878948,0.0,0.0
slurm_grid_psm_train_incremental,Psm,IncrementalTaskArithmeticPipeline,2,,merged/test,window_auprc,1,42,0.656221,0.0,0.0
slurm_grid_psm_train_incremental,Psm,IncrementalTaskArithmeticPipeline,2,,merged/test,window_auroc,1,42,0.805283,0.0,0.0
slurm_grid_psm_train_incremental,Psm,IncrementalTaskArithmeticPipeline,2,,merged/test,window_f1,1,42,0.711398,0.0,0.0
slurm_grid_psm_train_incremental,Psm,IncrementalTaskArithmeticPipeline,2,,merged/test,window_precision,1,42,0.613223,0.0,0.0
slurm_grid_psm_train_incremental,Psm,IncrementalTaskArithmeticPipeline,2,,merged/test,window_recall,1,42,0.847001,0.0,0.0
slurm_grid_psm_train_incremental,Psm,IncrementalTaskArithmeticPipeline,2,,merged/val,reconstruction/score_mean,1,42,0.275097,0.0,0.0
slurm_grid_psm_train_incremental,Psm,IncrementalTaskArithmeticPipeline,2,,merged/val,reconstruction/score_p50,1,42,0.192695,0.0,0.0
slurm_grid_psm_train_incremental,Psm,IncrementalTaskArithmeticPipeline,2,,merged/val,reconstruction/score_p95,1,42,0.517054,0.0,0.0
slurm_grid_psm_train_incremental,Psm,IncrementalTaskArithmeticPipeline,2,,merged/val,reconstruction/score_p99,1,42,1.750578,0.0,0.0
slurm_grid_psm_train_incremental,Psm,IncrementalTaskArithmeticPipeline,2,,merged/val,reconstruction/score_std,1,42,0.473616,0.0,0.0
slurm_grid_psm_train_incremental,Psm,IncrementalTaskArithmeticPipeline,3,,baseline/test,event_f1,1,42,0.241164,0.0,0.0
slurm_grid_psm_train_incremental,Psm,IncrementalTaskArithmeticPipeline,3,,baseline/test,event_fn,1,42,13.0,0.0,0.0
slurm_grid_psm_train_incremental,Psm,IncrementalTaskArithmeticPipeline,3,,baseline/test,event_fp,1,42,352.0,0.0,0.0
slurm_grid_psm_train_incremental,Psm,IncrementalTaskArithmeticPipeline,3,,baseline/test,event_precision,1,42,0.141463,0.0,0.0
slurm_grid_psm_train_incremental,Psm,IncrementalTaskArithmeticPipeline,3,,baseline/test,event_recall,1,42,0.816901,0.0,0.0
slurm_grid_psm_train_incremental,Psm,IncrementalTaskArithmeticPipeline,3,,baseline/test,event_tp,1,42,58.0,0.0,0.0
slurm_grid_psm_train_incremental,Psm,IncrementalTaskArithmeticPipeline,3,,baseline/test,pa_f1,1,42,0.809199,0.0,0.0
slurm_grid_psm_train_incremental,Psm,IncrementalTaskArithmeticPipeline,3,,baseline/test,pa_precision,1,42,0.971164,0.0,0.0
slurm_grid_psm_train_incremental,Psm,IncrementalTaskArithmeticPipeline,3,,baseline/test,pa_recall,1,42,0.693535,0.0,0.0
slurm_grid_psm_train_incremental,Psm,IncrementalTaskArithmeticPipeline,3,,baseline/test,point_auprc,1,42,0.562147,0.0,0.0
slurm_grid_psm_train_incremental,Psm,IncrementalTaskArithmeticPipeline,3,,baseline/test,point_auroc,1,42,0.771035,0.0,0.0
slurm_grid_psm_train_incremental,Psm,IncrementalTaskArithmeticPipeline,3,,baseline/test,point_f1,1,42,0.587274,0.0,0.0
slurm_grid_psm_train_incremental,Psm,IncrementalTaskArithmeticPipeline,3,,baseline/test,point_precision,1,42,0.458434,0.0,0.0
slurm_grid_psm_train_incremental,Psm,IncrementalTaskArithmeticPipeline,3,,baseline/test,point_recall,1,42,0.816843,0.0,0.0
slurm_grid_psm_train_incremental,Psm,IncrementalTaskArithmeticPipeline,3,,baseline/test,window_auprc,1,42,0.636776,0.0,0.0
slurm_grid_psm_train_incremental,Psm,IncrementalTaskArithmeticPipeline,3,,baseline/test,window_auroc,1,42,0.772964,0.0,0.0
slurm_grid_psm_train_incremental,Psm,IncrementalTaskArithmeticPipeline,3,,baseline/test,window_f1,1,42,0.641036,0.0,0.0
slurm_grid_psm_train_incremental,Psm,IncrementalTaskArithmeticPipeline,3,,baseline/test,window_precision,1,42,0.538366,0.0,0.0
slurm_grid_psm_train_incremental,Psm,IncrementalTaskArithmeticPipeline,3,,baseline/test,window_recall,1,42,0.792094,0.0,0.0
slurm_grid_psm_train_incremental,Psm,IncrementalTaskArithmeticPipeline,3,,finetune_0/test,event_f1,1,42,0.325967,0.0,0.0
slurm_grid_psm_train_incremental,Psm,IncrementalTaskArithmeticPipeline,3,,finetune_0/test,event_fn,1,42,12.0,0.0,0.0
slurm_grid_psm_train_incremental,Psm,IncrementalTaskArithmeticPipeline,3,,finetune_0/test,event_fp,1,42,232.0,0.0,0.0
slurm_grid_psm_train_incremental,Psm,IncrementalTaskArithmeticPipeline,3,,finetune_0/test,event_precision,1,42,0.202749,0.0,0.0
slurm_grid_psm_train_incremental,Psm,IncrementalTaskArithmeticPipeline,3,,finetune_0/test,event_recall,1,42,0.830986,0.0,0.0
slurm_grid_psm_train_incremental,Psm,IncrementalTaskArithmeticPipeline,3,,finetune_0/test,event_tp,1,42,59.0,0.0,0.0
slurm_grid_psm_train_incremental,Psm,IncrementalTaskArithmeticPipeline,3,,finetune_0/test,pa_f1,1,42,0.766162,0.0,0.0
slurm_grid_psm_train_incremental,Psm,IncrementalTaskArithmeticPipeline,3,,finetune_0/test,pa_precision,1,42,0.662852,0.0,0.0
slurm_grid_psm_train_incremental,Psm,IncrementalTaskArithmeticPipeline,3,,finetune_0/test,pa_recall,1,42,0.907622,0.0,0.0
slurm_grid_psm_train_incremental,Psm,IncrementalTaskArithmeticPipeline,3,,finetune_0/test,point_auprc,1,42,0.556578,0.0,0.0
slurm_grid_psm_train_incremental,Psm,IncrementalTaskArithmeticPipeline,3,,finetune_0/test,point_auroc,1,42,0.777492,0.0,0.0
slurm_grid_psm_train_incremental,Psm,IncrementalTaskArithmeticPipeline,3,,finetune_0/test,point_f1,1,42,0.596807,0.0,0.0
slurm_grid_psm_train_incremental,Psm,IncrementalTaskArithmeticPipeline,3,,finetune_0/test,point_precision,1,42,0.498405,0.0,0.0
slurm_grid_psm_train_incremental,Psm,IncrementalTaskArithmeticPipeline,3,,finetune_0/test,point_recall,1,42,0.743621,0.0,0.0
slurm_grid_psm_train_incremental,Psm,IncrementalTaskArithmeticPipeline,3,,finetune_0/test,window_auprc,1,42,0.63975,0.0,0.0
slurm_grid_psm_train_incremental,Psm,IncrementalTaskArithmeticPipeline,3,,finetune_0/test,window_auroc,1,42,0.783611,0.0,0.0
slurm_grid_psm_train_incremental,Psm,IncrementalTaskArithmeticPipeline,3,,finetune_0/test,window_f1,1,42,0.651753,0.0,0.0
slurm_grid_psm_train_incremental,Psm,IncrementalTaskArithmeticPipeline,3,,finetune_0/test,window_precision,1,42,0.589116,0.0,0.0
slurm_grid_psm_train_incremental,Psm,IncrementalTaskArithmeticPipeline,3,,finetune_0/test,window_recall,1,42,0.729296,0.0,0.0
slurm_grid_psm_train_incremental,Psm,IncrementalTaskArithmeticPipeline,3,,finetune_1/test,event_f1,1,42,0.274112,0.0,0.0
slurm_grid_psm_train_incremental,Psm,IncrementalTaskArithmeticPipeline,3,,finetune_1/test,event_fn,1,42,17.0,0.0,0.0
slurm_grid_psm_train_incremental,Psm,IncrementalTaskArithmeticPipeline,3,,finetune_1/test,event_fp,1,42,269.0,0.0,0.0
slurm_grid_psm_train_incremental,Psm,IncrementalTaskArithmeticPipeline,3,,finetune_1/test,event_precision,1,42,0.167183,0.0,0.0
slurm_grid_psm_train_incremental,Psm,IncrementalTaskArithmeticPipeline,3,,finetune_1/test,event_recall,1,42,0.760563,0.0,0.0
slurm_grid_psm_train_incremental,Psm,IncrementalTaskArithmeticPipeline,3,,finetune_1/test,event_tp,1,42,54.0,0.0,0.0
slurm_grid_psm_train_incremental,Psm,IncrementalTaskArithmeticPipeline,3,,finetune_1/test,pa_f1,1,42,0.768358,0.0,0.0
slurm_grid_psm_train_incremental,Psm,IncrementalTaskArithmeticPipeline,3,,finetune_1/test,pa_precision,1,42,0.651582,0.0,0.0
slurm_grid_psm_train_incremental,Psm,IncrementalTaskArithmeticPipeline,3,,finetune_1/test,pa_recall,1,42,0.936131,0.0,0.0
slurm_grid_psm_train_incremental,Psm,IncrementalTaskArithmeticPipeline,3,,finetune_1/test,point_auprc,1,42,0.558069,0.0,0.0
slurm_grid_psm_train_incremental,Psm,IncrementalTaskArithmeticPipeline,3,,finetune_1/test,point_auroc,1,42,0.786438,0.0,0.0
slurm_grid_psm_train_incremental,Psm,IncrementalTaskArithmeticPipeline,3,,finetune_1/test,point_f1,1,42,0.593448,0.0,0.0
slurm_grid_psm_train_incremental,Psm,IncrementalTaskArithmeticPipeline,3,,finetune_1/test,point_precision,1,42,0.502187,0.0,0.0
slurm_grid_psm_train_incremental,Psm,IncrementalTaskArithmeticPipeline,3,,finetune_1/test,point_recall,1,42,0.725244,0.0,0.0
slurm_grid_psm_train_incremental,Psm,IncrementalTaskArithmeticPipeline,3,,finetune_1/test,window_auprc,1,42,0.640388,0.0,0.0
slurm_grid_psm_train_incremental,Psm,IncrementalTaskArithmeticPipeline,3,,finetune_1/test,window_auroc,1,42,0.791167,0.0,0.0
slurm_grid_psm_train_incremental,Psm,IncrementalTaskArithmeticPipeline,3,,finetune_1/test,window_f1,1,42,0.64861,0.0,0.0
slurm_grid_psm_train_incremental,Psm,IncrementalTaskArithmeticPipeline,3,,finetune_1/test,window_precision,1,42,0.596021,0.0,0.0
slurm_grid_psm_train_incremental,Psm,IncrementalTaskArithmeticPipeline,3,,finetune_1/test,window_recall,1,42,0.711378,0.0,0.0
slurm_grid_psm_train_incremental,Psm,IncrementalTaskArithmeticPipeline,3,,finetune_2/test,event_f1,1,42,0.232645,0.0,0.0
slurm_grid_psm_train_incremental,Psm,IncrementalTaskArithmeticPipeline,3,,finetune_2/test,event_fn,1,42,9.0,0.0,0.0
slurm_grid_psm_train_incremental,Psm,IncrementalTaskArithmeticPipeline,3,,finetune_2/test,event_fp,1,42,400.0,0.0,0.0
slurm_grid_psm_train_incremental,Psm,IncrementalTaskArithmeticPipeline,3,,finetune_2/test,event_precision,1,42,0.134199,0.0,0.0
slurm_grid_psm_train_incremental,Psm,IncrementalTaskArithmeticPipeline,3,,finetune_2/test,event_recall,1,42,0.873239,0.0,0.0
slurm_grid_psm_train_incremental,Psm,IncrementalTaskArithmeticPipeline,3,,finetune_2/test,event_tp,1,42,62.0,0.0,0.0
slurm_grid_psm_train_incremental,Psm,IncrementalTaskArithmeticPipeline,3,,finetune_2/test,pa_f1,1,42,0.766647,0.0,0.0
slurm_grid_psm_train_incremental,Psm,IncrementalTaskArithmeticPipeline,3,,finetune_2/test,pa_precision,1,42,0.667356,0.0,0.0
slurm_grid_psm_train_incremental,Psm,IncrementalTaskArithmeticPipeline,3,,finetune_2/test,pa_recall,1,42,0.900648,0.0,0.0
slurm_grid_psm_train_incremental,Psm,IncrementalTaskArithmeticPipeline,3,,finetune_2/test,point_auprc,1,42,0.557942,0.0,0.0
slurm_grid_psm_train_incremental,Psm,IncrementalTaskArithmeticPipeline,3,,finetune_2/test,point_auroc,1,42,0.792446,0.0,0.0
slurm_grid_psm_train_incremental,Psm,IncrementalTaskArithmeticPipeline,3,,finetune_2/test,point_f1,1,42,0.60193,0.0,0.0
slurm_grid_psm_train_incremental,Psm,IncrementalTaskArithmeticPipeline,3,,finetune_2/test,point_precision,1,42,0.449802,0.0,0.0
slurm_grid_psm_train_incremental,Psm,IncrementalTaskArithmeticPipeline,3,,finetune_2/test,point_recall,1,42,0.90955,0.0,0.0
slurm_grid_psm_train_incremental,Psm,IncrementalTaskArithmeticPipeline,3,,finetune_2/test,window_auprc,1,42,0.638805,0.0,0.0
slurm_grid_psm_train_incremental,Psm,IncrementalTaskArithmeticPipeline,3,,finetune_2/test,window_auroc,1,42,0.794581,0.0,0.0
slurm_grid_psm_train_incremental,Psm,IncrementalTaskArithmeticPipeline,3,,finetune_2/test,window_f1,1,42,0.660255,0.0,0.0
slurm_grid_psm_train_incremental,Psm,IncrementalTaskArithmeticPipeline,3,,finetune_2/test,window_precision,1,42,0.527843,0.0,0.0
slurm_grid_psm_train_incremental,Psm,IncrementalTaskArithmeticPipeline,3,,finetune_2/test,window_recall,1,42,0.881347,0.0,0.0
slurm_grid_psm_train_incremental,Psm,IncrementalTaskArithmeticPipeline,3,,merged/test,event_f1,1,42,0.189003,0.0,0.0
slurm_grid_psm_train_incremental,Psm,IncrementalTaskArithmeticPipeline,3,,merged/test,event_fn,1,42,16.0,0.0,0.0
slurm_grid_psm_train_incremental,Psm,IncrementalTaskArithmeticPipeline,3,,merged/test,event_fp,1,42,456.0,0.0,0.0
slurm_grid_psm_train_incremental,Psm,IncrementalTaskArithmeticPipeline,3,,merged/test,event_precision,1,42,0.107632,0.0,0.0
slurm_grid_psm_train_incremental,Psm,IncrementalTaskArithmeticPipeline,3,,merged/test,event_recall,1,42,0.774648,0.0,0.0
slurm_grid_psm_train_incremental,Psm,IncrementalTaskArithmeticPipeline,3,,merged/test,event_tp,1,42,55.0,0.0,0.0
slurm_grid_psm_train_incremental,Psm,IncrementalTaskArithmeticPipeline,3,,merged/test,pa_f1,1,42,0.772389,0.0,0.0
slurm_grid_psm_train_incremental,Psm,IncrementalTaskArithmeticPipeline,3,,merged/test,pa_precision,1,42,0.658641,0.0,0.0
slurm_grid_psm_train_incremental,Psm,IncrementalTaskArithmeticPipeline,3,,merged/test,pa_recall,1,42,0.933629,0.0,0.0
slurm_grid_psm_train_incremental,Psm,IncrementalTaskArithmeticPipeline,3,,merged/test,point_auprc,1,42,0.568911,0.0,0.0
slurm_grid_psm_train_incremental,Psm,IncrementalTaskArithmeticPipeline,3,,merged/test,point_auroc,1,42,0.802525,0.0,0.0
slurm_grid_psm_train_incremental,Psm,IncrementalTaskArithmeticPipeline,3,,merged/test,point_f1,1,42,0.630062,0.0,0.0
slurm_grid_psm_train_incremental,Psm,IncrementalTaskArithmeticPipeline,3,,merged/test,point_precision,1,42,0.49754,0.0,0.0
slurm_grid_psm_train_incremental,Psm,IncrementalTaskArithmeticPipeline,3,,merged/test,point_recall,1,42,0.858807,0.0,0.0
slurm_grid_psm_train_incremental,Psm,IncrementalTaskArithmeticPipeline,3,,merged/test,window_auprc,1,42,0.6496,0.0,0.0
slurm_grid_psm_train_incremental,Psm,IncrementalTaskArithmeticPipeline,3,,merged/test,window_auroc,1,42,0.800349,0.0,0.0
slurm_grid_psm_train_incremental,Psm,IncrementalTaskArithmeticPipeline,3,,merged/test,window_f1,1,42,0.679631,0.0,0.0
slurm_grid_psm_train_incremental,Psm,IncrementalTaskArithmeticPipeline,3,,merged/test,window_precision,1,42,0.57128,0.0,0.0
slurm_grid_psm_train_incremental,Psm,IncrementalTaskArithmeticPipeline,3,,merged/test,window_recall,1,42,0.838702,0.0,0.0
slurm_grid_psm_train_incremental,Psm,IncrementalTaskArithmeticPipeline,3,,merged/val,reconstruction/score_mean,1,42,0.283053,0.0,0.0
slurm_grid_psm_train_incremental,Psm,IncrementalTaskArithmeticPipeline,3,,merged/val,reconstruction/score_p50,1,42,0.220903,0.0,0.0
slurm_grid_psm_train_incremental,Psm,IncrementalTaskArithmeticPipeline,3,,merged/val,reconstruction/score_p95,1,42,0.600611,0.0,0.0
slurm_grid_psm_train_incremental,Psm,IncrementalTaskArithmeticPipeline,3,,merged/val,reconstruction/score_p99,1,42,1.56385,0.0,0.0
slurm_grid_psm_train_incremental,Psm,IncrementalTaskArithmeticPipeline,3,,merged/val,reconstruction/score_std,1,42,0.222486,0.0,0.0
slurm_grid_psm_train_incremental,Psm,IncrementalTaskArithmeticPipeline,5,,baseline/test,event_f1,1,42,0.243243,0.0,0.0
slurm_grid_psm_train_incremental,Psm,IncrementalTaskArithmeticPipeline,5,,baseline/test,event_fn,1,42,17.0,0.0,0.0
slurm_grid_psm_train_incremental,Psm,IncrementalTaskArithmeticPipeline,5,,baseline/test,event_fp,1,42,319.0,0.0,0.0
slurm_grid_psm_train_incremental,Psm,IncrementalTaskArithmeticPipeline,5,,baseline/test,event_precision,1,42,0.144772,0.0,0.0
slurm_grid_psm_train_incremental,Psm,IncrementalTaskArithmeticPipeline,5,,baseline/test,event_recall,1,42,0.760563,0.0,0.0
slurm_grid_psm_train_incremental,Psm,IncrementalTaskArithmeticPipeline,5,,baseline/test,event_tp,1,42,54.0,0.0,0.0
slurm_grid_psm_train_incremental,Psm,IncrementalTaskArithmeticPipeline,5,,baseline/test,pa_f1,1,42,0.780377,0.0,0.0
slurm_grid_psm_train_incremental,Psm,IncrementalTaskArithmeticPipeline,5,,baseline/test,pa_precision,1,42,0.891878,0.0,0.0
slurm_grid_psm_train_incremental,Psm,IncrementalTaskArithmeticPipeline,5,,baseline/test,pa_recall,1,42,0.693658,0.0,0.0
slurm_grid_psm_train_incremental,Psm,IncrementalTaskArithmeticPipeline,5,,baseline/test,point_auprc,1,42,0.558545,0.0,0.0
slurm_grid_psm_train_incremental,Psm,IncrementalTaskArithmeticPipeline,5,,baseline/test,point_auroc,1,42,0.771736,0.0,0.0
slurm_grid_psm_train_incremental,Psm,IncrementalTaskArithmeticPipeline,5,,baseline/test,point_f1,1,42,0.576118,0.0,0.0
slurm_grid_psm_train_incremental,Psm,IncrementalTaskArithmeticPipeline,5,,baseline/test,point_precision,1,42,0.461385,0.0,0.0
slurm_grid_psm_train_incremental,Psm,IncrementalTaskArithmeticPipeline,5,,baseline/test,point_recall,1,42,0.766798,0.0,0.0
slurm_grid_psm_train_incremental,Psm,IncrementalTaskArithmeticPipeline,5,,baseline/test,window_auprc,1,42,0.633949,0.0,0.0
slurm_grid_psm_train_incremental,Psm,IncrementalTaskArithmeticPipeline,5,,baseline/test,window_auroc,1,42,0.775323,0.0,0.0
slurm_grid_psm_train_incremental,Psm,IncrementalTaskArithmeticPipeline,5,,baseline/test,window_f1,1,42,0.636184,0.0,0.0
slurm_grid_psm_train_incremental,Psm,IncrementalTaskArithmeticPipeline,5,,baseline/test,window_precision,1,42,0.51596,0.0,0.0
slurm_grid_psm_train_incremental,Psm,IncrementalTaskArithmeticPipeline,5,,baseline/test,window_recall,1,42,0.829455,0.0,0.0
slurm_grid_psm_train_incremental,Psm,IncrementalTaskArithmeticPipeline,5,,finetune_0/test,event_f1,1,42,0.232558,0.0,0.0
slurm_grid_psm_train_incremental,Psm,IncrementalTaskArithmeticPipeline,5,,finetune_0/test,event_fn,1,42,16.0,0.0,0.0
slurm_grid_psm_train_incremental,Psm,IncrementalTaskArithmeticPipeline,5,,finetune_0/test,event_fp,1,42,347.0,0.0,0.0
slurm_grid_psm_train_incremental,Psm,IncrementalTaskArithmeticPipeline,5,,finetune_0/test,event_precision,1,42,0.136816,0.0,0.0
slurm_grid_psm_train_incremental,Psm,IncrementalTaskArithmeticPipeline,5,,finetune_0/test,event_recall,1,42,0.774648,0.0,0.0
slurm_grid_psm_train_incremental,Psm,IncrementalTaskArithmeticPipeline,5,,finetune_0/test,event_tp,1,42,55.0,0.0,0.0
slurm_grid_psm_train_incremental,Psm,IncrementalTaskArithmeticPipeline,5,,finetune_0/test,pa_f1,1,42,0.767039,0.0,0.0
slurm_grid_psm_train_incremental,Psm,IncrementalTaskArithmeticPipeline,5,,finetune_0/test,pa_precision,1,42,0.664165,0.0,0.0
slurm_grid_psm_train_incremental,Psm,IncrementalTaskArithmeticPipeline,5,,finetune_0/test,pa_recall,1,42,0.907622,0.0,0.0
slurm_grid_psm_train_incremental,Psm,IncrementalTaskArithmeticPipeline,5,,finetune_0/test,point_auprc,1,42,0.55362,0.0,0.0
slurm_grid_psm_train_incremental,Psm,IncrementalTaskArithmeticPipeline,5,,finetune_0/test,point_auroc,1,42,0.769859,0.0,0.0
slurm_grid_psm_train_incremental,Psm,IncrementalTaskArithmeticPipeline,5,,finetune_0/test,point_f1,1,42,0.575064,0.0,0.0
slurm_grid_psm_train_incremental,Psm,IncrementalTaskArithmeticPipeline,5,,finetune_0/test,point_precision,1,42,0.46115,0.0,0.0
slurm_grid_psm_train_incremental,Psm,IncrementalTaskArithmeticPipeline,5,,finetune_0/test,point_recall,1,42,0.763721,0.0,0.0
slurm_grid_psm_train_incremental,Psm,IncrementalTaskArithmeticPipeline,5,,finetune_0/test,window_auprc,1,42,0.630445,0.0,0.0
slurm_grid_psm_train_incremental,Psm,IncrementalTaskArithmeticPipeline,5,,finetune_0/test,window_auroc,1,42,0.774034,0.0,0.0
slurm_grid_psm_train_incremental,Psm,IncrementalTaskArithmeticPipeline,5,,finetune_0/test,window_f1,1,42,0.631925,0.0,0.0
slurm_grid_psm_train_incremental,Psm,IncrementalTaskArithmeticPipeline,5,,finetune_0/test,window_precision,1,42,0.507837,0.0,0.0
slurm_grid_psm_train_incremental,Psm,IncrementalTaskArithmeticPipeline,5,,finetune_0/test,window_recall,1,42,0.836263,0.0,0.0
slurm_grid_psm_train_incremental,Psm,IncrementalTaskArithmeticPipeline,5,,finetune_1/test,event_f1,1,42,0.311475,0.0,0.0
slurm_grid_psm_train_incremental,Psm,IncrementalTaskArithmeticPipeline,5,,finetune_1/test,event_fn,1,42,14.0,0.0,0.0
slurm_grid_psm_train_incremental,Psm,IncrementalTaskArithmeticPipeline,5,,finetune_1/test,event_fp,1,42,238.0,0.0,0.0
slurm_grid_psm_train_incremental,Psm,IncrementalTaskArithmeticPipeline,5,,finetune_1/test,event_precision,1,42,0.19322,0.0,0.0
slurm_grid_psm_train_incremental,Psm,IncrementalTaskArithmeticPipeline,5,,finetune_1/test,event_recall,1,42,0.802817,0.0,0.0
slurm_grid_psm_train_incremental,Psm,IncrementalTaskArithmeticPipeline,5,,finetune_1/test,event_tp,1,42,57.0,0.0,0.0
slurm_grid_psm_train_incremental,Psm,IncrementalTaskArithmeticPipeline,5,,finetune_1/test,pa_f1,1,42,0.768055,0.0,0.0
slurm_grid_psm_train_incremental,Psm,IncrementalTaskArithmeticPipeline,5,,finetune_1/test,pa_precision,1,42,0.665934,0.0,0.0
slurm_grid_psm_train_incremental,Psm,IncrementalTaskArithmeticPipeline,5,,finetune_1/test,pa_recall,1,42,0.90717,0.0,0.0
slurm_grid_psm_train_incremental,Psm,IncrementalTaskArithmeticPipeline,5,,finetune_1/test,point_auprc,1,42,0.559073,0.0,0.0
slurm_grid_psm_train_incremental,Psm,IncrementalTaskArithmeticPipeline,5,,finetune_1/test,point_auroc,1,42,0.785352,0.0,0.0
slurm_grid_psm_train_incremental,Psm,IncrementalTaskArithmeticPipeline,5,,finetune_1/test,point_f1,1,42,0.596346,0.0,0.0
slurm_grid_psm_train_incremental,Psm,IncrementalTaskArithmeticPipeline,5,,finetune_1/test,point_precision,1,42,0.497396,0.0,0.0
slurm_grid_psm_train_incremental,Psm,IncrementalTaskArithmeticPipeline,5,,finetune_1/test,point_recall,1,42,0.744442,0.0,0.0
slurm_grid_psm_train_incremental,Psm,IncrementalTaskArithmeticPipeline,5,,finetune_1/test,window_auprc,1,42,0.641217,0.0,0.0
slurm_grid_psm_train_incremental,Psm,IncrementalTaskArithmeticPipeline,5,,finetune_1/test,window_auroc,1,42,0.78967,0.0,0.0
slurm_grid_psm_train_incremental,Psm,IncrementalTaskArithmeticPipeline,5,,finetune_1/test,window_f1,1,42,0.652669,0.0,0.0
slurm_grid_psm_train_incremental,Psm,IncrementalTaskArithmeticPipeline,5,,finetune_1/test,window_precision,1,42,0.590391,0.0,0.0
slurm_grid_psm_train_incremental,Psm,IncrementalTaskArithmeticPipeline,5,,finetune_1/test,window_recall,1,42,0.729635,0.0,0.0
slurm_grid_psm_train_incremental,Psm,IncrementalTaskArithmeticPipeline,5,,finetune_2/test,event_f1,1,42,0.335366,0.0,0.0
slurm_grid_psm_train_incremental,Psm,IncrementalTaskArithmeticPipeline,5,,finetune_2/test,event_fn,1,42,16.0,0.0,0.0
slurm_grid_psm_train_incremental,Psm,IncrementalTaskArithmeticPipeline,5,,finetune_2/test,event_fp,1,42,202.0,0.0,0.0
slurm_grid_psm_train_incremental,Psm,IncrementalTaskArithmeticPipeline,5,,finetune_2/test,event_precision,1,42,0.214008,0.0,0.0
slurm_grid_psm_train_incremental,Psm,IncrementalTaskArithmeticPipeline,5,,finetune_2/test,event_recall,1,42,0.774648,0.0,0.0
slurm_grid_psm_train_incremental,Psm,IncrementalTaskArithmeticPipeline,5,,finetune_2/test,event_tp,1,42,55.0,0.0,0.0
slurm_grid_psm_train_incremental,Psm,IncrementalTaskArithmeticPipeline,5,,finetune_2/test,pa_f1,1,42,0.771535,0.0,0.0
slurm_grid_psm_train_incremental,Psm,IncrementalTaskArithmeticPipeline,5,,finetune_2/test,pa_precision,1,42,0.656246,0.0,0.0
slurm_grid_psm_train_incremental,Psm,IncrementalTaskArithmeticPipeline,5,,finetune_2/test,pa_recall,1,42,0.935967,0.0,0.0
slurm_grid_psm_train_incremental,Psm,IncrementalTaskArithmeticPipeline,5,,finetune_2/test,point_auprc,1,42,0.554897,0.0,0.0
slurm_grid_psm_train_incremental,Psm,IncrementalTaskArithmeticPipeline,5,,finetune_2/test,point_auroc,1,42,0.783657,0.0,0.0
slurm_grid_psm_train_incremental,Psm,IncrementalTaskArithmeticPipeline,5,,finetune_2/test,point_f1,1,42,0.591769,0.0,0.0
slurm_grid_psm_train_incremental,Psm,IncrementalTaskArithmeticPipeline,5,,finetune_2/test,point_precision,1,42,0.499127,0.0,0.0
slurm_grid_psm_train_incremental,Psm,IncrementalTaskArithmeticPipeline,5,,finetune_2/test,point_recall,1,42,0.726639,0.0,0.0
slurm_grid_psm_train_incremental,Psm,IncrementalTaskArithmeticPipeline,5,,finetune_2/test,window_auprc,1,42,0.636205,0.0,0.0
slurm_grid_psm_train_incremental,Psm,IncrementalTaskArithmeticPipeline,5,,finetune_2/test,window_auroc,1,42,0.788271,0.0,0.0
slurm_grid_psm_train_incremental,Psm,IncrementalTaskArithmeticPipeline,5,,finetune_2/test,window_f1,1,42,0.647035,0.0,0.0
slurm_grid_psm_train_incremental,Psm,IncrementalTaskArithmeticPipeline,5,,finetune_2/test,window_precision,1,42,0.582119,0.0,0.0
slurm_grid_psm_train_incremental,Psm,IncrementalTaskArithmeticPipeline,5,,finetune_2/test,window_recall,1,42,0.728246,0.0,0.0
slurm_grid_psm_train_incremental,Psm,IncrementalTaskArithmeticPipeline,5,,finetune_3/test,event_f1,1,42,0.232068,0.0,0.0
slurm_grid_psm_train_incremental,Psm,IncrementalTaskArithmeticPipeline,5,,finetune_3/test,event_fn,1,42,16.0,0.0,0.0
slurm_grid_psm_train_incremental,Psm,IncrementalTaskArithmeticPipeline,5,,finetune_3/test,event_fp,1,42,348.0,0.0,0.0
slurm_grid_psm_train_incremental,Psm,IncrementalTaskArithmeticPipeline,5,,finetune_3/test,event_precision,1,42,0.136476,0.0,0.0
slurm_grid_psm_train_incremental,Psm,IncrementalTaskArithmeticPipeline,5,,finetune_3/test,event_recall,1,42,0.774648,0.0,0.0
slurm_grid_psm_train_incremental,Psm,IncrementalTaskArithmeticPipeline,5,,finetune_3/test,event_tp,1,42,55.0,0.0,0.0
slurm_grid_psm_train_incremental,Psm,IncrementalTaskArithmeticPipeline,5,,finetune_3/test,pa_f1,1,42,0.766946,0.0,0.0
slurm_grid_psm_train_incremental,Psm,IncrementalTaskArithmeticPipeline,5,,finetune_3/test,pa_precision,1,42,0.664026,0.0,0.0
slurm_grid_psm_train_incremental,Psm,IncrementalTaskArithmeticPipeline,5,,finetune_3/test,pa_recall,1,42,0.907622,0.0,0.0
slurm_grid_psm_train_incremental,Psm,IncrementalTaskArithmeticPipeline,5,,finetune_3/test,point_auprc,1,42,0.545963,0.0,0.0
slurm_grid_psm_train_incremental,Psm,IncrementalTaskArithmeticPipeline,5,,finetune_3/test,point_auroc,1,42,0.774707,0.0,0.0
slurm_grid_psm_train_incremental,Psm,IncrementalTaskArithmeticPipeline,5,,finetune_3/test,point_f1,1,42,0.586886,0.0,0.0
slurm_grid_psm_train_incremental,Psm,IncrementalTaskArithmeticPipeline,5,,finetune_3/test,point_precision,1,42,0.485877,0.0,0.0
slurm_grid_psm_train_incremental,Psm,IncrementalTaskArithmeticPipeline,5,,finetune_3/test,point_recall,1,42,0.740914,0.0,0.0
slurm_grid_psm_train_incremental,Psm,IncrementalTaskArithmeticPipeline,5,,finetune_3/test,window_auprc,1,42,0.626181,0.0,0.0
slurm_grid_psm_train_incremental,Psm,IncrementalTaskArithmeticPipeline,5,,finetune_3/test,window_auroc,1,42,0.779449,0.0,0.0
slurm_grid_psm_train_incremental,Psm,IncrementalTaskArithmeticPipeline,5,,finetune_3/test,window_f1,1,42,0.64031,0.0,0.0
slurm_grid_psm_train_incremental,Psm,IncrementalTaskArithmeticPipeline,5,,finetune_3/test,window_precision,1,42,0.572328,0.0,0.0
slurm_grid_psm_train_incremental,Psm,IncrementalTaskArithmeticPipeline,5,,finetune_3/test,window_recall,1,42,0.72662,0.0,0.0
slurm_grid_psm_train_incremental,Psm,IncrementalTaskArithmeticPipeline,5,,finetune_4/test,event_f1,1,42,0.215652,0.0,0.0
slurm_grid_psm_train_incremental,Psm,IncrementalTaskArithmeticPipeline,5,,finetune_4/test,event_fn,1,42,9.0,0.0,0.0
slurm_grid_psm_train_incremental,Psm,IncrementalTaskArithmeticPipeline,5,,finetune_4/test,event_fp,1,42,442.0,0.0,0.0
slurm_grid_psm_train_incremental,Psm,IncrementalTaskArithmeticPipeline,5,,finetune_4/test,event_precision,1,42,0.123016,0.0,0.0
slurm_grid_psm_train_incremental,Psm,IncrementalTaskArithmeticPipeline,5,,finetune_4/test,event_recall,1,42,0.873239,0.0,0.0
slurm_grid_psm_train_incremental,Psm,IncrementalTaskArithmeticPipeline,5,,finetune_4/test,event_tp,1,42,62.0,0.0,0.0
slurm_grid_psm_train_incremental,Psm,IncrementalTaskArithmeticPipeline,5,,finetune_4/test,pa_f1,1,42,0.76676,0.0,0.0
slurm_grid_psm_train_incremental,Psm,IncrementalTaskArithmeticPipeline,5,,finetune_4/test,pa_precision,1,42,0.663747,0.0,0.0
slurm_grid_psm_train_incremental,Psm,IncrementalTaskArithmeticPipeline,5,,finetune_4/test,pa_recall,1,42,0.907622,0.0,0.0
slurm_grid_psm_train_incremental,Psm,IncrementalTaskArithmeticPipeline,5,,finetune_4/test,point_auprc,1,42,0.560957,0.0,0.0
slurm_grid_psm_train_incremental,Psm,IncrementalTaskArithmeticPipeline,5,,finetune_4/test,point_auroc,1,42,0.786253,0.0,0.0
slurm_grid_psm_train_incremental,Psm,IncrementalTaskArithmeticPipeline,5,,finetune_4/test,point_f1,1,42,0.594267,0.0,0.0
slurm_grid_psm_train_incremental,Psm,IncrementalTaskArithmeticPipeline,5,,finetune_4/test,point_precision,1,42,0.444043,0.0,0.0
slurm_grid_psm_train_incremental,Psm,IncrementalTaskArithmeticPipeline,5,,finetune_4/test,point_recall,1,42,0.898105,0.0,0.0
slurm_grid_psm_train_incremental,Psm,IncrementalTaskArithmeticPipeline,5,,finetune_4/test,window_auprc,1,42,0.639261,0.0,0.0
slurm_grid_psm_train_incremental,Psm,IncrementalTaskArithmeticPipeline,5,,finetune_4/test,window_auroc,1,42,0.789814,0.0,0.0
slurm_grid_psm_train_incremental,Psm,IncrementalTaskArithmeticPipeline,5,,finetune_4/test,window_f1,1,42,0.653965,0.0,0.0
slurm_grid_psm_train_incremental,Psm,IncrementalTaskArithmeticPipeline,5,,finetune_4/test,window_precision,1,42,0.521104,0.0,0.0
slurm_grid_psm_train_incremental,Psm,IncrementalTaskArithmeticPipeline,5,,finetune_4/test,window_recall,1,42,0.877756,0.0,0.0
slurm_grid_psm_train_incremental,Psm,IncrementalTaskArithmeticPipeline,5,,merged/test,event_f1,1,42,0.23913,0.0,0.0
slurm_grid_psm_train_incremental,Psm,IncrementalTaskArithmeticPipeline,5,,merged/test,event_fn,1,42,16.0,0.0,0.0
slurm_grid_psm_train_incremental,Psm,IncrementalTaskArithmeticPipeline,5,,merged/test,event_fp,1,42,334.0,0.0,0.0
slurm_grid_psm_train_incremental,Psm,IncrementalTaskArithmeticPipeline,5,,merged/test,event_precision,1,42,0.141388,0.0,0.0
slurm_grid_psm_train_incremental,Psm,IncrementalTaskArithmeticPipeline,5,,merged/test,event_recall,1,42,0.774648,0.0,0.0
slurm_grid_psm_train_incremental,Psm,IncrementalTaskArithmeticPipeline,5,,merged/test,event_tp,1,42,55.0,0.0,0.0
slurm_grid_psm_train_incremental,Psm,IncrementalTaskArithmeticPipeline,5,,merged/test,pa_f1,1,42,0.775078,0.0,0.0
slurm_grid_psm_train_incremental,Psm,IncrementalTaskArithmeticPipeline,5,,merged/test,pa_precision,1,42,0.66283,0.0,0.0
slurm_grid_psm_train_incremental,Psm,IncrementalTaskArithmeticPipeline,5,,merged/test,pa_recall,1,42,0.933095,0.0,0.0
slurm_grid_psm_train_incremental,Psm,IncrementalTaskArithmeticPipeline,5,,merged/test,point_auprc,1,42,0.563836,0.0,0.0
slurm_grid_psm_train_incremental,Psm,IncrementalTaskArithmeticPipeline,5,,merged/test,point_auroc,1,42,0.800912,0.0,0.0
slurm_grid_psm_train_incremental,Psm,IncrementalTaskArithmeticPipeline,5,,merged/test,point_f1,1,42,0.637605,0.0,0.0
slurm_grid_psm_train_incremental,Psm,IncrementalTaskArithmeticPipeline,5,,merged/test,point_precision,1,42,0.536768,0.0,0.0
slurm_grid_psm_train_incremental,Psm,IncrementalTaskArithmeticPipeline,5,,merged/test,point_recall,1,42,0.785093,0.0,0.0
slurm_grid_psm_train_incremental,Psm,IncrementalTaskArithmeticPipeline,5,,merged/test,window_auprc,1,42,0.644878,0.0,0.0
slurm_grid_psm_train_incremental,Psm,IncrementalTaskArithmeticPipeline,5,,merged/test,window_auroc,1,42,0.797269,0.0,0.0
slurm_grid_psm_train_incremental,Psm,IncrementalTaskArithmeticPipeline,5,,merged/test,window_f1,1,42,0.691054,0.0,0.0
slurm_grid_psm_train_incremental,Psm,IncrementalTaskArithmeticPipeline,5,,merged/test,window_precision,1,42,0.60961,0.0,0.0
slurm_grid_psm_train_incremental,Psm,IncrementalTaskArithmeticPipeline,5,,merged/test,window_recall,1,42,0.797615,0.0,0.0
slurm_grid_psm_train_incremental,Psm,IncrementalTaskArithmeticPipeline,5,,merged/val,reconstruction/score_mean,1,42,0.379197,0.0,0.0
slurm_grid_psm_train_incremental,Psm,IncrementalTaskArithmeticPipeline,5,,merged/val,reconstruction/score_p50,1,42,0.288029,0.0,0.0
slurm_grid_psm_train_incremental,Psm,IncrementalTaskArithmeticPipeline,5,,merged/val,reconstruction/score_p95,1,42,1.103485,0.0,0.0
slurm_grid_psm_train_incremental,Psm,IncrementalTaskArithmeticPipeline,5,,merged/val,reconstruction/score_p99,1,42,1.719439,0.0,0.0
slurm_grid_psm_train_incremental,Psm,IncrementalTaskArithmeticPipeline,5,,merged/val,reconstruction/score_std,1,42,0.289155,0.0,0.0
slurm_grid_psm_train_standard,Psm,StandardPipeline,0,,train/test,event_f1,1,42,0.40273,0.0,0.0
slurm_grid_psm_train_standard,Psm,StandardPipeline,0,,train/test,event_fn,1,42,12.0,0.0,0.0
slurm_grid_psm_train_standard,Psm,StandardPipeline,0,,train/test,event_fp,1,42,163.0,0.0,0.0
slurm_grid_psm_train_standard,Psm,StandardPipeline,0,,train/test,event_precision,1,42,0.265766,0.0,0.0
slurm_grid_psm_train_standard,Psm,StandardPipeline,0,,train/test,event_recall,1,42,0.830986,0.0,0.0
slurm_grid_psm_train_standard,Psm,StandardPipeline,0,,train/test,event_tp,1,42,59.0,0.0,0.0
slurm_grid_psm_train_standard,Psm,StandardPipeline,0,,train/test,pa_f1,1,42,0.767763,0.0,0.0
slurm_grid_psm_train_standard,Psm,StandardPipeline,0,,train/test,pa_precision,1,42,0.668777,0.0,0.0
slurm_grid_psm_train_standard,Psm,StandardPipeline,0,,train/test,pa_recall,1,42,0.90114,0.0,0.0
slurm_grid_psm_train_standard,Psm,StandardPipeline,0,,train/test,point_auprc,1,42,0.564279,0.0,0.0
slurm_grid_psm_train_standard,Psm,StandardPipeline,0,,train/test,point_auroc,1,42,0.797661,0.0,0.0
slurm_grid_psm_train_standard,Psm,StandardPipeline,0,,train/test,point_f1,1,42,0.639139,0.0,0.0
slurm_grid_psm_train_standard,Psm,StandardPipeline,0,,train/test,point_precision,1,42,0.488659,0.0,0.0
slurm_grid_psm_train_standard,Psm,StandardPipeline,0,,train/test,point_recall,1,42,0.923538,0.0,0.0
slurm_grid_psm_train_standard,Psm,StandardPipeline,0,,train/test,window_auprc,1,42,0.65324,0.0,0.0
slurm_grid_psm_train_standard,Psm,StandardPipeline,0,,train/test,window_auroc,1,42,0.800205,0.0,0.0
slurm_grid_psm_train_standard,Psm,StandardPipeline,0,,train/test,window_f1,1,42,0.691846,0.0,0.0
slurm_grid_psm_train_standard,Psm,StandardPipeline,0,,train/test,window_precision,1,42,0.565211,0.0,0.0
slurm_grid_psm_train_standard,Psm,StandardPipeline,0,,train/test,window_recall,1,42,0.89161,0.0,0.0
slurm_grid_swat_model,Swat,StandardPipeline,0,,train/test,event_f1,1,42,0.313725,0.0,0.0
slurm_grid_swat_model,Swat,StandardPipeline,0,,train/test,event_fn,1,42,27.0,0.0,0.0
slurm_grid_swat_model,Swat,StandardPipeline,0,,train/test,event_fp,1,42,8.0,0.0,0.0
slurm_grid_swat_model,Swat,StandardPipeline,0,,train/test,event_precision,1,42,0.5,0.0,0.0
slurm_grid_swat_model,Swat,StandardPipeline,0,,train/test,event_recall,1,42,0.228571,0.0,0.0
slurm_grid_swat_model,Swat,StandardPipeline,0,,train/test,event_tp,1,42,8.0,0.0,0.0
slurm_grid_swat_model,Swat,StandardPipeline,0,,train/test,pa_f1,1,42,0.849892,0.0,0.0
slurm_grid_swat_model,Swat,StandardPipeline,0,,train/test,pa_precision,1,42,0.949986,0.0,0.0
slurm_grid_swat_model,Swat,StandardPipeline,0,,train/test,pa_recall,1,42,0.76888,0.0,0.0
slurm_grid_swat_model,Swat,StandardPipeline,0,,train/test,point_auprc,1,42,0.700512,0.0,0.0
slurm_grid_swat_model,Swat,StandardPipeline,0,,train/test,point_auroc,1,42,0.823543,0.0,0.0
slurm_grid_swat_model,Swat,StandardPipeline,0,,train/test,point_f1,1,42,0.767328,0.0,0.0
slurm_grid_swat_model,Swat,StandardPipeline,0,,train/test,point_precision,1,42,0.97994,0.0,0.0
slurm_grid_swat_model,Swat,StandardPipeline,0,,train/test,point_recall,1,42,0.630527,0.0,0.0
slurm_grid_swat_model,Swat,StandardPipeline,0,,train/test,window_auprc,1,42,0.703042,0.0,0.0
slurm_grid_swat_model,Swat,StandardPipeline,0,,train/test,window_auroc,1,42,0.808884,0.0,0.0
slurm_grid_swat_model,Swat,StandardPipeline,0,,train/test,window_f1,1,42,0.751135,0.0,0.0
slurm_grid_swat_model,Swat,StandardPipeline,0,,train/test,window_precision,1,42,0.995249,0.0,0.0
slurm_grid_swat_model,Swat,StandardPipeline,0,,train/test,window_recall,1,42,0.603186,0.0,0.0
slurm_grid_swat_train_incremental,Swat,IncrementalTaskArithmeticPipeline,2,,baseline/test,event_f1,1,42,0.179775,0.0,0.0
slurm_grid_swat_train_incremental,Swat,IncrementalTaskArithmeticPipeline,2,,baseline/test,event_fn,1,42,27.0,0.0,0.0
slurm_grid_swat_train_incremental,Swat,IncrementalTaskArithmeticPipeline,2,,baseline/test,event_fp,1,42,46.0,0.0,0.0
slurm_grid_swat_train_incremental,Swat,IncrementalTaskArithmeticPipeline,2,,baseline/test,event_precision,1,42,0.148148,0.0,0.0
slurm_grid_swat_train_incremental,Swat,IncrementalTaskArithmeticPipeline,2,,baseline/test,event_recall,1,42,0.228571,0.0,0.0
slurm_grid_swat_train_incremental,Swat,IncrementalTaskArithmeticPipeline,2,,baseline/test,event_tp,1,42,8.0,0.0,0.0
slurm_grid_swat_train_incremental,Swat,IncrementalTaskArithmeticPipeline,2,,baseline/test,pa_f1,1,42,0.837312,0.0,0.0
slurm_grid_swat_train_incremental,Swat,IncrementalTaskArithmeticPipeline,2,,baseline/test,pa_precision,1,42,0.933653,0.0,0.0
slurm_grid_swat_train_incremental,Swat,IncrementalTaskArithmeticPipeline,2,,baseline/test,pa_recall,1,42,0.758994,0.0,0.0
slurm_grid_swat_train_incremental,Swat,IncrementalTaskArithmeticPipeline,2,,baseline/test,point_auprc,1,42,0.710287,0.0,0.0
slurm_grid_swat_train_incremental,Swat,IncrementalTaskArithmeticPipeline,2,,baseline/test,point_auroc,1,42,0.816414,0.0,0.0
slurm_grid_swat_train_incremental,Swat,IncrementalTaskArithmeticPipeline,2,,baseline/test,point_f1,1,42,0.766254,0.0,0.0
slurm_grid_swat_train_incremental,Swat,IncrementalTaskArithmeticPipeline,2,,baseline/test,point_precision,1,42,0.977368,0.0,0.0
slurm_grid_swat_train_incremental,Swat,IncrementalTaskArithmeticPipeline,2,,baseline/test,point_recall,1,42,0.630142,0.0,0.0
slurm_grid_swat_train_incremental,Swat,IncrementalTaskArithmeticPipeline,2,,baseline/test,window_auprc,1,42,0.703383,0.0,0.0
slurm_grid_swat_train_incremental,Swat,IncrementalTaskArithmeticPipeline,2,,baseline/test,window_auroc,1,42,0.800946,0.0,0.0
slurm_grid_swat_train_incremental,Swat,IncrementalTaskArithmeticPipeline,2,,baseline/test,window_f1,1,42,0.749756,0.0,0.0
slurm_grid_swat_train_incremental,Swat,IncrementalTaskArithmeticPipeline,2,,baseline/test,window_precision,1,42,0.991912,0.0,0.0
slurm_grid_swat_train_incremental,Swat,IncrementalTaskArithmeticPipeline,2,,baseline/test,window_recall,1,42,0.602634,0.0,0.0
slurm_grid_swat_train_incremental,Swat,IncrementalTaskArithmeticPipeline,2,,finetune_0/test,event_f1,1,42,0.210526,0.0,0.0
slurm_grid_swat_train_incremental,Swat,IncrementalTaskArithmeticPipeline,2,,finetune_0/test,event_fn,1,42,27.0,0.0,0.0
slurm_grid_swat_train_incremental,Swat,IncrementalTaskArithmeticPipeline,2,,finetune_0/test,event_fp,1,42,33.0,0.0,0.0
slurm_grid_swat_train_incremental,Swat,IncrementalTaskArithmeticPipeline,2,,finetune_0/test,event_precision,1,42,0.195122,0.0,0.0
slurm_grid_swat_train_incremental,Swat,IncrementalTaskArithmeticPipeline,2,,finetune_0/test,event_recall,1,42,0.228571,0.0,0.0
slurm_grid_swat_train_incremental,Swat,IncrementalTaskArithmeticPipeline,2,,finetune_0/test,event_tp,1,42,8.0,0.0,0.0
slurm_grid_swat_train_incremental,Swat,IncrementalTaskArithmeticPipeline,2,,finetune_0/test,pa_f1,1,42,0.837177,0.0,0.0
slurm_grid_swat_train_incremental,Swat,IncrementalTaskArithmeticPipeline,2,,finetune_0/test,pa_precision,1,42,0.933317,0.0,0.0
slurm_grid_swat_train_incremental,Swat,IncrementalTaskArithmeticPipeline,2,,finetune_0/test,pa_recall,1,42,0.758994,0.0,0.0
slurm_grid_swat_train_incremental,Swat,IncrementalTaskArithmeticPipeline,2,,finetune_0/test,point_auprc,1,42,0.70933,0.0,0.0
slurm_grid_swat_train_incremental,Swat,IncrementalTaskArithmeticPipeline,2,,finetune_0/test,point_auroc,1,42,0.816999,0.0,0.0
slurm_grid_swat_train_incremental,Swat,IncrementalTaskArithmeticPipeline,2,,finetune_0/test,point_f1,1,42,0.76677,0.0,0.0
slurm_grid_swat_train_incremental,Swat,IncrementalTaskArithmeticPipeline,2,,finetune_0/test,point_precision,1,42,0.978872,0.0,0.0
slurm_grid_swat_train_incremental,Swat,IncrementalTaskArithmeticPipeline,2,,finetune_0/test,point_recall,1,42,0.630215,0.0,0.0
slurm_grid_swat_train_incremental,Swat,IncrementalTaskArithmeticPipeline,2,,finetune_0/test,window_auprc,1,42,0.703662,0.0,0.0
slurm_grid_swat_train_incremental,Swat,IncrementalTaskArithmeticPipeline,2,,finetune_0/test,window_auroc,1,42,0.801548,0.0,0.0
slurm_grid_swat_train_incremental,Swat,IncrementalTaskArithmeticPipeline,2,,finetune_0/test,window_f1,1,42,0.750298,0.0,0.0
slurm_grid_swat_train_incremental,Swat,IncrementalTaskArithmeticPipeline,2,,finetune_0/test,window_precision,1,42,0.993577,0.0,0.0
slurm_grid_swat_train_incremental,Swat,IncrementalTaskArithmeticPipeline,2,,finetune_0/test,window_recall,1,42,0.602721,0.0,0.0
slurm_grid_swat_train_incremental,Swat,IncrementalTaskArithmeticPipeline,2,,finetune_1/test,event_f1,1,42,0.285714,0.0,0.0
slurm_grid_swat_train_incremental,Swat,IncrementalTaskArithmeticPipeline,2,,finetune_1/test,event_fn,1,42,27.0,0.0,0.0
slurm_grid_swat_train_incremental,Swat,IncrementalTaskArithmeticPipeline,2,,finetune_1/test,event_fp,1,42,13.0,0.0,0.0
slurm_grid_swat_train_incremental,Swat,IncrementalTaskArithmeticPipeline,2,,finetune_1/test,event_precision,1,42,0.380952,0.0,0.0
slurm_grid_swat_train_incremental,Swat,IncrementalTaskArithmeticPipeline,2,,finetune_1/test,event_recall,1,42,0.228571,0.0,0.0
slurm_grid_swat_train_incremental,Swat,IncrementalTaskArithmeticPipeline,2,,finetune_1/test,event_tp,1,42,8.0,0.0,0.0
slurm_grid_swat_train_incremental,Swat,IncrementalTaskArithmeticPipeline,2,,finetune_1/test,pa_f1,1,42,0.836695,0.0,0.0
slurm_grid_swat_train_incremental,Swat,IncrementalTaskArithmeticPipeline,2,,finetune_1/test,pa_precision,1,42,0.932121,0.0,0.0
slurm_grid_swat_train_incremental,Swat,IncrementalTaskArithmeticPipeline,2,,finetune_1/test,pa_recall,1,42,0.758994,0.0,0.0
slurm_grid_swat_train_incremental,Swat,IncrementalTaskArithmeticPipeline,2,,finetune_1/test,point_auprc,1,42,0.709181,0.0,0.0
slurm_grid_swat_train_incremental,Swat,IncrementalTaskArithmeticPipeline,2,,finetune_1/test,point_auroc,1,42,0.818391,0.0,0.0
slurm_grid_swat_train_incremental,Swat,IncrementalTaskArithmeticPipeline,2,,finetune_1/test,point_f1,1,42,0.767148,0.0,0.0
slurm_grid_swat_train_incremental,Swat,IncrementalTaskArithmeticPipeline,2,,finetune_1/test,point_precision,1,42,0.980236,0.0,0.0
slurm_grid_swat_train_incremental,Swat,IncrementalTaskArithmeticPipeline,2,,finetune_1/test,point_recall,1,42,0.630161,0.0,0.0
slurm_grid_swat_train_incremental,Swat,IncrementalTaskArithmeticPipeline,2,,finetune_1/test,window_auprc,1,42,0.703961,0.0,0.0
slurm_grid_swat_train_incremental,Swat,IncrementalTaskArithmeticPipeline,2,,finetune_1/test,window_auroc,1,42,0.80312,0.0,0.0
slurm_grid_swat_train_incremental,Swat,IncrementalTaskArithmeticPipeline,2,,finetune_1/test,window_f1,1,42,0.75066,0.0,0.0
slurm_grid_swat_train_incremental,Swat,IncrementalTaskArithmeticPipeline,2,,finetune_1/test,window_precision,1,42,0.994849,0.0,0.0
slurm_grid_swat_train_incremental,Swat,IncrementalTaskArithmeticPipeline,2,,finetune_1/test,window_recall,1,42,0.602721,0.0,0.0
slurm_grid_swat_train_incremental,Swat,IncrementalTaskArithmeticPipeline,2,,merged/test,event_f1,1,42,0.333333,0.0,0.0
slurm_grid_swat_train_incremental,Swat,IncrementalTaskArithmeticPipeline,2,,merged/test,event_fn,1,42,27.0,0.0,0.0
slurm_grid_swat_train_incremental,Swat,IncrementalTaskArithmeticPipeline,2,,merged/test,event_fp,1,42,5.0,0.0,0.0
slurm_grid_swat_train_incremental,Swat,IncrementalTaskArithmeticPipeline,2,,merged/test,event_precision,1,42,0.615385,0.0,0.0
slurm_grid_swat_train_incremental,Swat,IncrementalTaskArithmeticPipeline,2,,merged/test,event_recall,1,42,0.228571,0.0,0.0
slurm_grid_swat_train_incremental,Swat,IncrementalTaskArithmeticPipeline,2,,merged/test,event_tp,1,42,8.0,0.0,0.0
slurm_grid_swat_train_incremental,Swat,IncrementalTaskArithmeticPipeline,2,,merged/test,pa_f1,1,42,0.843788,0.0,0.0
slurm_grid_swat_train_incremental,Swat,IncrementalTaskArithmeticPipeline,2,,merged/test,pa_precision,1,42,0.949912,0.0,0.0
slurm_grid_swat_train_incremental,Swat,IncrementalTaskArithmeticPipeline,2,,merged/test,pa_recall,1,42,0.758994,0.0,0.0
slurm_grid_swat_train_incremental,Swat,IncrementalTaskArithmeticPipeline,2,,merged/test,point_auprc,1,42,0.709808,0.0,0.0
slurm_grid_swat_train_incremental,Swat,IncrementalTaskArithmeticPipeline,2,,merged/test,point_auroc,1,42,0.821403,0.0,0.0
slurm_grid_swat_train_incremental,Swat,IncrementalTaskArithmeticPipeline,2,,merged/test,point_f1,1,42,0.767304,0.0,0.0
slurm_grid_swat_train_incremental,Swat,IncrementalTaskArithmeticPipeline,2,,merged/test,point_precision,1,42,0.980215,0.0,0.0
slurm_grid_swat_train_incremental,Swat,IncrementalTaskArithmeticPipeline,2,,merged/test,point_recall,1,42,0.63038,0.0,0.0
slurm_grid_swat_train_incremental,Swat,IncrementalTaskArithmeticPipeline,2,,merged/test,window_auprc,1,42,0.704693,0.0,0.0
slurm_grid_swat_train_incremental,Swat,IncrementalTaskArithmeticPipeline,2,,merged/test,window_auroc,1,42,0.806469,0.0,0.0
slurm_grid_swat_train_incremental,Swat,IncrementalTaskArithmeticPipeline,2,,merged/test,window_f1,1,42,0.750937,0.0,0.0
slurm_grid_swat_train_incremental,Swat,IncrementalTaskArithmeticPipeline,2,,merged/test,window_precision,1,42,0.995445,0.0,0.0
slurm_grid_swat_train_incremental,Swat,IncrementalTaskArithmeticPipeline,2,,merged/test,window_recall,1,42,0.602859,0.0,0.0
slurm_grid_swat_train_incremental,Swat,IncrementalTaskArithmeticPipeline,2,,merged/val,reconstruction/score_mean,1,42,0.092926,0.0,0.0
slurm_grid_swat_train_incremental,Swat,IncrementalTaskArithmeticPipeline,2,,merged/val,reconstruction/score_p50,1,42,0.069268,0.0,0.0
slurm_grid_swat_train_incremental,Swat,IncrementalTaskArithmeticPipeline,2,,merged/val,reconstruction/score_p95,1,42,0.313505,0.0,0.0
slurm_grid_swat_train_incremental,Swat,IncrementalTaskArithmeticPipeline,2,,merged/val,reconstruction/score_p99,1,42,0.691289,0.0,0.0
slurm_grid_swat_train_incremental,Swat,IncrementalTaskArithmeticPipeline,2,,merged/val,reconstruction/score_std,1,42,0.118408,0.0,0.0
slurm_grid_swat_train_incremental,Swat,IncrementalTaskArithmeticPipeline,3,,baseline/test,event_f1,1,42,0.168421,0.0,0.0
slurm_grid_swat_train_incremental,Swat,IncrementalTaskArithmeticPipeline,3,,baseline/test,event_fn,1,42,27.0,0.0,0.0
slurm_grid_swat_train_incremental,Swat,IncrementalTaskArithmeticPipeline,3,,baseline/test,event_fp,1,42,52.0,0.0,0.0
slurm_grid_swat_train_incremental,Swat,IncrementalTaskArithmeticPipeline,3,,baseline/test,event_precision,1,42,0.133333,0.0,0.0
slurm_grid_swat_train_incremental,Swat,IncrementalTaskArithmeticPipeline,3,,baseline/test,event_recall,1,42,0.228571,0.0,0.0
slurm_grid_swat_train_incremental,Swat,IncrementalTaskArithmeticPipeline,3,,baseline/test,event_tp,1,42,8.0,0.0,0.0
slurm_grid_swat_train_incremental,Swat,IncrementalTaskArithmeticPipeline,3,,baseline/test,pa_f1,1,42,0.831168,0.0,0.0
slurm_grid_swat_train_incremental,Swat,IncrementalTaskArithmeticPipeline,3,,baseline/test,pa_precision,1,42,0.918511,0.0,0.0
slurm_grid_swat_train_incremental,Swat,IncrementalTaskArithmeticPipeline,3,,baseline/test,pa_recall,1,42,0.758994,0.0,0.0
slurm_grid_swat_train_incremental,Swat,IncrementalTaskArithmeticPipeline,3,,baseline/test,point_auprc,1,42,0.70204,0.0,0.0
slurm_grid_swat_train_incremental,Swat,IncrementalTaskArithmeticPipeline,3,,baseline/test,point_auroc,1,42,0.811445,0.0,0.0
slurm_grid_swat_train_incremental,Swat,IncrementalTaskArithmeticPipeline,3,,baseline/test,point_f1,1,42,0.764471,0.0,0.0
slurm_grid_swat_train_incremental,Swat,IncrementalTaskArithmeticPipeline,3,,baseline/test,point_precision,1,42,0.972546,0.0,0.0
slurm_grid_swat_train_incremental,Swat,IncrementalTaskArithmeticPipeline,3,,baseline/test,point_recall,1,42,0.629739,0.0,0.0
slurm_grid_swat_train_incremental,Swat,IncrementalTaskArithmeticPipeline,3,,baseline/test,window_auprc,1,42,0.700251,0.0,0.0
slurm_grid_swat_train_incremental,Swat,IncrementalTaskArithmeticPipeline,3,,baseline/test,window_auroc,1,42,0.795781,0.0,0.0
slurm_grid_swat_train_incremental,Swat,IncrementalTaskArithmeticPipeline,3,,baseline/test,window_f1,1,42,0.747735,0.0,0.0
slurm_grid_swat_train_incremental,Swat,IncrementalTaskArithmeticPipeline,3,,baseline/test,window_precision,1,42,0.986994,0.0,0.0
slurm_grid_swat_train_incremental,Swat,IncrementalTaskArithmeticPipeline,3,,baseline/test,window_recall,1,42,0.601841,0.0,0.0
slurm_grid_swat_train_incremental,Swat,IncrementalTaskArithmeticPipeline,3,,finetune_0/test,event_f1,1,42,0.16,0.0,0.0
slurm_grid_swat_train_incremental,Swat,IncrementalTaskArithmeticPipeline,3,,finetune_0/test,event_fn,1,42,27.0,0.0,0.0
slurm_grid_swat_train_incremental,Swat,IncrementalTaskArithmeticPipeline,3,,finetune_0/test,event_fp,1,42,57.0,0.0,0.0
slurm_grid_swat_train_incremental,Swat,IncrementalTaskArithmeticPipeline,3,,finetune_0/test,event_precision,1,42,0.123077,0.0,0.0
slurm_grid_swat_train_incremental,Swat,IncrementalTaskArithmeticPipeline,3,,finetune_0/test,event_recall,1,42,0.228571,0.0,0.0
slurm_grid_swat_train_incremental,Swat,IncrementalTaskArithmeticPipeline,3,,finetune_0/test,event_tp,1,42,8.0,0.0,0.0
slurm_grid_swat_train_incremental,Swat,IncrementalTaskArithmeticPipeline,3,,finetune_0/test,pa_f1,1,42,0.836198,0.0,0.0
slurm_grid_swat_train_incremental,Swat,IncrementalTaskArithmeticPipeline,3,,finetune_0/test,pa_precision,1,42,0.930886,0.0,0.0
slurm_grid_swat_train_incremental,Swat,IncrementalTaskArithmeticPipeline,3,,finetune_0/test,pa_recall,1,42,0.758994,0.0,0.0
slurm_grid_swat_train_incremental,Swat,IncrementalTaskArithmeticPipeline,3,,finetune_0/test,point_auprc,1,42,0.700614,0.0,0.0
slurm_grid_swat_train_incremental,Swat,IncrementalTaskArithmeticPipeline,3,,finetune_0/test,point_auroc,1,42,0.811011,0.0,0.0
slurm_grid_swat_train_incremental,Swat,IncrementalTaskArithmeticPipeline,3,,finetune_0/test,point_f1,1,42,0.764243,0.0,0.0
slurm_grid_swat_train_incremental,Swat,IncrementalTaskArithmeticPipeline,3,,finetune_0/test,point_precision,1,42,0.971939,0.0,0.0
slurm_grid_swat_train_incremental,Swat,IncrementalTaskArithmeticPipeline,3,,finetune_0/test,point_recall,1,42,0.629685,0.0,0.0
slurm_grid_swat_train_incremental,Swat,IncrementalTaskArithmeticPipeline,3,,finetune_0/test,window_auprc,1,42,0.700695,0.0,0.0
slurm_grid_swat_train_incremental,Swat,IncrementalTaskArithmeticPipeline,3,,finetune_0/test,window_auroc,1,42,0.795247,0.0,0.0
slurm_grid_swat_train_incremental,Swat,IncrementalTaskArithmeticPipeline,3,,finetune_0/test,window_f1,1,42,0.747514,0.0,0.0
slurm_grid_swat_train_incremental,Swat,IncrementalTaskArithmeticPipeline,3,,finetune_0/test,window_precision,1,42,0.985578,0.0,0.0
slurm_grid_swat_train_incremental,Swat,IncrementalTaskArithmeticPipeline,3,,finetune_0/test,window_recall,1,42,0.602083,0.0,0.0
slurm_grid_swat_train_incremental,Swat,IncrementalTaskArithmeticPipeline,3,,finetune_1/test,event_f1,1,42,0.136752,0.0,0.0
slurm_grid_swat_train_incremental,Swat,IncrementalTaskArithmeticPipeline,3,,finetune_1/test,event_fn,1,42,27.0,0.0,0.0
slurm_grid_swat_train_incremental,Swat,IncrementalTaskArithmeticPipeline,3,,finetune_1/test,event_fp,1,42,74.0,0.0,0.0
slurm_grid_swat_train_incremental,Swat,IncrementalTaskArithmeticPipeline,3,,finetune_1/test,event_precision,1,42,0.097561,0.0,0.0
slurm_grid_swat_train_incremental,Swat,IncrementalTaskArithmeticPipeline,3,,finetune_1/test,event_recall,1,42,0.228571,0.0,0.0
slurm_grid_swat_train_incremental,Swat,IncrementalTaskArithmeticPipeline,3,,finetune_1/test,event_tp,1,42,8.0,0.0,0.0
slurm_grid_swat_train_incremental,Swat,IncrementalTaskArithmeticPipeline,3,,finetune_1/test,pa_f1,1,42,0.835936,0.0,0.0
slurm_grid_swat_train_incremental,Swat,IncrementalTaskArithmeticPipeline,3,,finetune_1/test,pa_precision,1,42,0.930238,0.0,0.0
slurm_grid_swat_train_incremental,Swat,IncrementalTaskArithmeticPipeline,3,,finetune_1/test,pa_recall,1,42,0.758994,0.0,0.0
slurm_grid_swat_train_incremental,Swat,IncrementalTaskArithmeticPipeline,3,,finetune_1/test,point_auprc,1,42,0.702478,0.0,0.0
slurm_grid_swat_train_incremental,Swat,IncrementalTaskArithmeticPipeline,3,,finetune_1/test,point_auroc,1,42,0.812342,0.0,0.0
slurm_grid_swat_train_incremental,Swat,IncrementalTaskArithmeticPipeline,3,,finetune_1/test,point_f1,1,42,0.765178,0.0,0.0
slurm_grid_swat_train_incremental,Swat,IncrementalTaskArithmeticPipeline,3,,finetune_1/test,point_precision,1,42,0.975187,0.0,0.0
slurm_grid_swat_train_incremental,Swat,IncrementalTaskArithmeticPipeline,3,,finetune_1/test,point_recall,1,42,0.629593,0.0,0.0
slurm_grid_swat_train_incremental,Swat,IncrementalTaskArithmeticPipeline,3,,finetune_1/test,window_auprc,1,42,0.701288,0.0,0.0
slurm_grid_swat_train_incremental,Swat,IncrementalTaskArithmeticPipeline,3,,finetune_1/test,window_auroc,1,42,0.796767,0.0,0.0
slurm_grid_swat_train_incremental,Swat,IncrementalTaskArithmeticPipeline,3,,finetune_1/test,window_f1,1,42,0.748355,0.0,0.0
slurm_grid_swat_train_incremental,Swat,IncrementalTaskArithmeticPipeline,3,,finetune_1/test,window_precision,1,42,0.989203,0.0,0.0
slurm_grid_swat_train_incremental,Swat,IncrementalTaskArithmeticPipeline,3,,finetune_1/test,window_recall,1,42,0.601824,0.0,0.0
slurm_grid_swat_train_incremental,Swat,IncrementalTaskArithmeticPipeline,3,,finetune_2/test,event_f1,1,42,0.153846,0.0,0.0
slurm_grid_swat_train_incremental,Swat,IncrementalTaskArithmeticPipeline,3,,finetune_2/test,event_fn,1,42,27.0,0.0,0.0
slurm_grid_swat_train_incremental,Swat,IncrementalTaskArithmeticPipeline,3,,finetune_2/test,event_fp,1,42,61.0,0.0,0.0
slurm_grid_swat_train_incremental,Swat,IncrementalTaskArithmeticPipeline,3,,finetune_2/test,event_precision,1,42,0.115942,0.0,0.0
slurm_grid_swat_train_incremental,Swat,IncrementalTaskArithmeticPipeline,3,,finetune_2/test,event_recall,1,42,0.228571,0.0,0.0
slurm_grid_swat_train_incremental,Swat,IncrementalTaskArithmeticPipeline,3,,finetune_2/test,event_tp,1,42,8.0,0.0,0.0
slurm_grid_swat_train_incremental,Swat,IncrementalTaskArithmeticPipeline,3,,finetune_2/test,pa_f1,1,42,0.835784,0.0,0.0
slurm_grid_swat_train_incremental,Swat,IncrementalTaskArithmeticPipeline,3,,finetune_2/test,pa_precision,1,42,0.929863,0.0,0.0
slurm_grid_swat_train_incremental,Swat,IncrementalTaskArithmeticPipeline,3,,finetune_2/test,pa_recall,1,42,0.758994,0.0,0.0
slurm_grid_swat_train_incremental,Swat,IncrementalTaskArithmeticPipeline,3,,finetune_2/test,point_auprc,1,42,0.703563,0.0,0.0
slurm_grid_swat_train_incremental,Swat,IncrementalTaskArithmeticPipeline,3,,finetune_2/test,point_auroc,1,42,0.81414,0.0,0.0
slurm_grid_swat_train_incremental,Swat,IncrementalTaskArithmeticPipeline,3,,finetune_2/test,point_f1,1,42,0.766141,0.0,0.0
slurm_grid_swat_train_incremental,Swat,IncrementalTaskArithmeticPipeline,3,,finetune_2/test,point_precision,1,42,0.978322,0.0,0.0
slurm_grid_swat_train_incremental,Swat,IncrementalTaskArithmeticPipeline,3,,finetune_2/test,point_recall,1,42,0.629593,0.0,0.0
slurm_grid_swat_train_incremental,Swat,IncrementalTaskArithmeticPipeline,3,,finetune_2/test,window_auprc,1,42,0.701956,0.0,0.0
slurm_grid_swat_train_incremental,Swat,IncrementalTaskArithmeticPipeline,3,,finetune_2/test,window_auroc,1,42,0.798689,0.0,0.0
slurm_grid_swat_train_incremental,Swat,IncrementalTaskArithmeticPipeline,3,,finetune_2/test,window_f1,1,42,0.749308,0.0,0.0
slurm_grid_swat_train_incremental,Swat,IncrementalTaskArithmeticPipeline,3,,finetune_2/test,window_precision,1,42,0.991933,0.0,0.0
slurm_grid_swat_train_incremental,Swat,IncrementalTaskArithmeticPipeline,3,,finetune_2/test,window_recall,1,42,0.602048,0.0,0.0
slurm_grid_swat_train_incremental,Swat,IncrementalTaskArithmeticPipeline,3,,merged/test,event_f1,1,42,0.192771,0.0,0.0
slurm_grid_swat_train_incremental,Swat,IncrementalTaskArithmeticPipeline,3,,merged/test,event_fn,1,42,27.0,0.0,0.0
slurm_grid_swat_train_incremental,Swat,IncrementalTaskArithmeticPipeline,3,,merged/test,event_fp,1,42,40.0,0.0,0.0
slurm_grid_swat_train_incremental,Swat,IncrementalTaskArithmeticPipeline,3,,merged/test,event_precision,1,42,0.166667,0.0,0.0
slurm_grid_swat_train_incremental,Swat,IncrementalTaskArithmeticPipeline,3,,merged/test,event_recall,1,42,0.228571,0.0,0.0
slurm_grid_swat_train_incremental,Swat,IncrementalTaskArithmeticPipeline,3,,merged/test,event_tp,1,42,8.0,0.0,0.0
slurm_grid_swat_train_incremental,Swat,IncrementalTaskArithmeticPipeline,3,,merged/test,pa_f1,1,42,0.843402,0.0,0.0
slurm_grid_swat_train_incremental,Swat,IncrementalTaskArithmeticPipeline,3,,merged/test,pa_precision,1,42,0.948933,0.0,0.0
slurm_grid_swat_train_incremental,Swat,IncrementalTaskArithmeticPipeline,3,,merged/test,pa_recall,1,42,0.758994,0.0,0.0
slurm_grid_swat_train_incremental,Swat,IncrementalTaskArithmeticPipeline,3,,merged/test,point_auprc,1,42,0.706427,0.0,0.0
slurm_grid_swat_train_incremental,Swat,IncrementalTaskArithmeticPipeline,3,,merged/test,point_auroc,1,42,0.818803,0.0,0.0
slurm_grid_swat_train_incremental,Swat,IncrementalTaskArithmeticPipeline,3,,merged/test,point_f1,1,42,0.766582,0.0,0.0
slurm_grid_swat_train_incremental,Swat,IncrementalTaskArithmeticPipeline,3,,merged/test,point_precision,1,42,0.979276,0.0,0.0
slurm_grid_swat_train_incremental,Swat,IncrementalTaskArithmeticPipeline,3,,merged/test,point_recall,1,42,0.629794,0.0,0.0
slurm_grid_swat_train_incremental,Swat,IncrementalTaskArithmeticPipeline,3,,merged/test,window_auprc,1,42,0.703446,0.0,0.0
slurm_grid_swat_train_incremental,Swat,IncrementalTaskArithmeticPipeline,3,,merged/test,window_auroc,1,42,0.804049,0.0,0.0
slurm_grid_swat_train_incremental,Swat,IncrementalTaskArithmeticPipeline,3,,merged/test,window_f1,1,42,0.749767,0.0,0.0
slurm_grid_swat_train_incremental,Swat,IncrementalTaskArithmeticPipeline,3,,merged/test,window_precision,1,42,0.993541,0.0,0.0
slurm_grid_swat_train_incremental,Swat,IncrementalTaskArithmeticPipeline,3,,merged/test,window_recall,1,42,0.602048,0.0,0.0
slurm_grid_swat_train_incremental,Swat,IncrementalTaskArithmeticPipeline,3,,merged/val,reconstruction/score_mean,1,42,0.216316,0.0,0.0
slurm_grid_swat_train_incremental,Swat,IncrementalTaskArithmeticPipeline,3,,merged/val,reconstruction/score_p50,1,42,0.194416,0.0,0.0
slurm_grid_swat_train_incremental,Swat,IncrementalTaskArithmeticPipeline,3,,merged/val,reconstruction/score_p95,1,42,0.473784,0.0,0.0
slurm_grid_swat_train_incremental,Swat,IncrementalTaskArithmeticPipeline,3,,merged/val,reconstruction/score_p99,1,42,1.148712,0.0,0.0
slurm_grid_swat_train_incremental,Swat,IncrementalTaskArithmeticPipeline,3,,merged/val,reconstruction/score_std,1,42,0.16815,0.0,0.0
slurm_grid_swat_train_incremental,Swat,IncrementalTaskArithmeticPipeline,5,,baseline/test,event_f1,1,42,0.238806,0.0,0.0
slurm_grid_swat_train_incremental,Swat,IncrementalTaskArithmeticPipeline,5,,baseline/test,event_fn,1,42,27.0,0.0,0.0
slurm_grid_swat_train_incremental,Swat,IncrementalTaskArithmeticPipeline,5,,baseline/test,event_fp,1,42,24.0,0.0,0.0
slurm_grid_swat_train_incremental,Swat,IncrementalTaskArithmeticPipeline,5,,baseline/test,event_precision,1,42,0.25,0.0,0.0
slurm_grid_swat_train_incremental,Swat,IncrementalTaskArithmeticPipeline,5,,baseline/test,event_recall,1,42,0.228571,0.0,0.0
slurm_grid_swat_train_incremental,Swat,IncrementalTaskArithmeticPipeline,5,,baseline/test,event_tp,1,42,8.0,0.0,0.0
slurm_grid_swat_train_incremental,Swat,IncrementalTaskArithmeticPipeline,5,,baseline/test,pa_f1,1,42,0.830327,0.0,0.0
slurm_grid_swat_train_incremental,Swat,IncrementalTaskArithmeticPipeline,5,,baseline/test,pa_precision,1,42,0.91646,0.0,0.0
slurm_grid_swat_train_incremental,Swat,IncrementalTaskArithmeticPipeline,5,,baseline/test,pa_recall,1,42,0.758994,0.0,0.0
slurm_grid_swat_train_incremental,Swat,IncrementalTaskArithmeticPipeline,5,,baseline/test,point_auprc,1,42,0.708495,0.0,0.0
slurm_grid_swat_train_incremental,Swat,IncrementalTaskArithmeticPipeline,5,,baseline/test,point_auroc,1,42,0.816444,0.0,0.0
slurm_grid_swat_train_incremental,Swat,IncrementalTaskArithmeticPipeline,5,,baseline/test,point_f1,1,42,0.766991,0.0,0.0
slurm_grid_swat_train_incremental,Swat,IncrementalTaskArithmeticPipeline,5,,baseline/test,point_precision,1,42,0.979678,0.0,0.0
slurm_grid_swat_train_incremental,Swat,IncrementalTaskArithmeticPipeline,5,,baseline/test,point_recall,1,42,0.630179,0.0,0.0
slurm_grid_swat_train_incremental,Swat,IncrementalTaskArithmeticPipeline,5,,baseline/test,window_auprc,1,42,0.703444,0.0,0.0
slurm_grid_swat_train_incremental,Swat,IncrementalTaskArithmeticPipeline,5,,baseline/test,window_auroc,1,42,0.801113,0.0,0.0
slurm_grid_swat_train_incremental,Swat,IncrementalTaskArithmeticPipeline,5,,baseline/test,window_f1,1,42,0.750542,0.0,0.0
slurm_grid_swat_train_incremental,Swat,IncrementalTaskArithmeticPipeline,5,,baseline/test,window_precision,1,42,0.994481,0.0,0.0
slurm_grid_swat_train_incremental,Swat,IncrementalTaskArithmeticPipeline,5,,baseline/test,window_recall,1,42,0.602703,0.0,0.0
slurm_grid_swat_train_incremental,Swat,IncrementalTaskArithmeticPipeline,5,,finetune_0/test,event_f1,1,42,0.285714,0.0,0.0
slurm_grid_swat_train_incremental,Swat,IncrementalTaskArithmeticPipeline,5,,finetune_0/test,event_fn,1,42,27.0,0.0,0.0
slurm_grid_swat_train_incremental,Swat,IncrementalTaskArithmeticPipeline,5,,finetune_0/test,event_fp,1,42,13.0,0.0,0.0
slurm_grid_swat_train_incremental,Swat,IncrementalTaskArithmeticPipeline,5,,finetune_0/test,event_precision,1,42,0.380952,0.0,0.0
slurm_grid_swat_train_incremental,Swat,IncrementalTaskArithmeticPipeline,5,,finetune_0/test,event_recall,1,42,0.228571,0.0,0.0
slurm_grid_swat_train_incremental,Swat,IncrementalTaskArithmeticPipeline,5,,finetune_0/test,event_tp,1,42,8.0,0.0,0.0
slurm_grid_swat_train_incremental,Swat,IncrementalTaskArithmeticPipeline,5,,finetune_0/test,pa_f1,1,42,0.830352,0.0,0.0
slurm_grid_swat_train_incremental,Swat,IncrementalTaskArithmeticPipeline,5,,finetune_0/test,pa_precision,1,42,0.916521,0.0,0.0
slurm_grid_swat_train_incremental,Swat,IncrementalTaskArithmeticPipeline,5,,finetune_0/test,pa_recall,1,42,0.758994,0.0,0.0
slurm_grid_swat_train_incremental,Swat,IncrementalTaskArithmeticPipeline,5,,finetune_0/test,point_auprc,1,42,0.708171,0.0,0.0
slurm_grid_swat_train_incremental,Swat,IncrementalTaskArithmeticPipeline,5,,finetune_0/test,point_auroc,1,42,0.815169,0.0,0.0
slurm_grid_swat_train_incremental,Swat,IncrementalTaskArithmeticPipeline,5,,finetune_0/test,point_f1,1,42,0.767139,0.0,0.0
slurm_grid_swat_train_incremental,Swat,IncrementalTaskArithmeticPipeline,5,,finetune_0/test,point_precision,1,42,0.979987,0.0,0.0
slurm_grid_swat_train_incremental,Swat,IncrementalTaskArithmeticPipeline,5,,finetune_0/test,point_recall,1,42,0.630252,0.0,0.0
slurm_grid_swat_train_incremental,Swat,IncrementalTaskArithmeticPipeline,5,,finetune_0/test,window_auprc,1,42,0.703276,0.0,0.0
slurm_grid_swat_train_incremental,Swat,IncrementalTaskArithmeticPipeline,5,,finetune_0/test,window_auroc,1,42,0.79968,0.0,0.0
slurm_grid_swat_train_incremental,Swat,IncrementalTaskArithmeticPipeline,5,,finetune_0/test,window_f1,1,42,0.750735,0.0,0.0
slurm_grid_swat_train_incremental,Swat,IncrementalTaskArithmeticPipeline,5,,finetune_0/test,window_precision,1,42,0.995019,0.0,0.0
slurm_grid_swat_train_incremental,Swat,IncrementalTaskArithmeticPipeline,5,,finetune_0/test,window_recall,1,42,0.602755,0.0,0.0
slurm_grid_swat_train_incremental,Swat,IncrementalTaskArithmeticPipeline,5,,finetune_1/test,event_f1,1,42,0.275862,0.0,0.0
slurm_grid_swat_train_incremental,Swat,IncrementalTaskArithmeticPipeline,5,,finetune_1/test,event_fn,1,42,27.0,0.0,0.0
slurm_grid_swat_train_incremental,Swat,IncrementalTaskArithmeticPipeline,5,,finetune_1/test,event_fp,1,42,15.0,0.0,0.0
slurm_grid_swat_train_incremental,Swat,IncrementalTaskArithmeticPipeline,5,,finetune_1/test,event_precision,1,42,0.347826,0.0,0.0
slurm_grid_swat_train_incremental,Swat,IncrementalTaskArithmeticPipeline,5,,finetune_1/test,event_recall,1,42,0.228571,0.0,0.0
slurm_grid_swat_train_incremental,Swat,IncrementalTaskArithmeticPipeline,5,,finetune_1/test,event_tp,1,42,8.0,0.0,0.0
slurm_grid_swat_train_incremental,Swat,IncrementalTaskArithmeticPipeline,5,,finetune_1/test,pa_f1,1,42,0.83012,0.0,0.0
slurm_grid_swat_train_incremental,Swat,IncrementalTaskArithmeticPipeline,5,,finetune_1/test,pa_precision,1,42,0.915954,0.0,0.0
slurm_grid_swat_train_incremental,Swat,IncrementalTaskArithmeticPipeline,5,,finetune_1/test,pa_recall,1,42,0.758994,0.0,0.0
slurm_grid_swat_train_incremental,Swat,IncrementalTaskArithmeticPipeline,5,,finetune_1/test,point_auprc,1,42,0.706816,0.0,0.0
slurm_grid_swat_train_incremental,Swat,IncrementalTaskArithmeticPipeline,5,,finetune_1/test,point_auroc,1,42,0.815616,0.0,0.0
slurm_grid_swat_train_incremental,Swat,IncrementalTaskArithmeticPipeline,5,,finetune_1/test,point_f1,1,42,0.767126,0.0,0.0
slurm_grid_swat_train_incremental,Swat,IncrementalTaskArithmeticPipeline,5,,finetune_1/test,point_precision,1,42,0.979767,0.0,0.0
slurm_grid_swat_train_incremental,Swat,IncrementalTaskArithmeticPipeline,5,,finetune_1/test,point_recall,1,42,0.630325,0.0,0.0
slurm_grid_swat_train_incremental,Swat,IncrementalTaskArithmeticPipeline,5,,finetune_1/test,window_auprc,1,42,0.703166,0.0,0.0
slurm_grid_swat_train_incremental,Swat,IncrementalTaskArithmeticPipeline,5,,finetune_1/test,window_auroc,1,42,0.800255,0.0,0.0
slurm_grid_swat_train_incremental,Swat,IncrementalTaskArithmeticPipeline,5,,finetune_1/test,window_f1,1,42,0.750725,0.0,0.0
slurm_grid_swat_train_incremental,Swat,IncrementalTaskArithmeticPipeline,5,,finetune_1/test,window_precision,1,42,0.994935,0.0,0.0
slurm_grid_swat_train_incremental,Swat,IncrementalTaskArithmeticPipeline,5,,finetune_1/test,window_recall,1,42,0.602772,0.0,0.0
slurm_grid_swat_train_incremental,Swat,IncrementalTaskArithmeticPipeline,5,,finetune_2/test,event_f1,1,42,0.372093,0.0,0.0
slurm_grid_swat_train_incremental,Swat,IncrementalTaskArithmeticPipeline,5,,finetune_2/test,event_fn,1,42,27.0,0.0,0.0
slurm_grid_swat_train_incremental,Swat,IncrementalTaskArithmeticPipeline,5,,finetune_2/test,event_fp,1,42,0.0,0.0,
slurm_grid_swat_train_incremental,Swat,IncrementalTaskArithmeticPipeline,5,,finetune_2/test,event_precision,1,42,1.0,0.0,0.0
slurm_grid_swat_train_incremental,Swat,IncrementalTaskArithmeticPipeline,5,,finetune_2/test,event_recall,1,42,0.228571,0.0,0.0
slurm_grid_swat_train_incremental,Swat,IncrementalTaskArithmeticPipeline,5,,finetune_2/test,event_tp,1,42,8.0,0.0,0.0
slurm_grid_swat_train_incremental,Swat,IncrementalTaskArithmeticPipeline,5,,finetune_2/test,pa_f1,1,42,0.83002,0.0,0.0
slurm_grid_swat_train_incremental,Swat,IncrementalTaskArithmeticPipeline,5,,finetune_2/test,pa_precision,1,42,0.915711,0.0,0.0
slurm_grid_swat_train_incremental,Swat,IncrementalTaskArithmeticPipeline,5,,finetune_2/test,pa_recall,1,42,0.758994,0.0,0.0
slurm_grid_swat_train_incremental,Swat,IncrementalTaskArithmeticPipeline,5,,finetune_2/test,point_auprc,1,42,0.707227,0.0,0.0
slurm_grid_swat_train_incremental,Swat,IncrementalTaskArithmeticPipeline,5,,finetune_2/test,point_auroc,1,42,0.817233,0.0,0.0
slurm_grid_swat_train_incremental,Swat,IncrementalTaskArithmeticPipeline,5,,finetune_2/test,point_f1,1,42,0.767306,0.0,0.0
slurm_grid_swat_train_incremental,Swat,IncrementalTaskArithmeticPipeline,5,,finetune_2/test,point_precision,1,42,0.980353,0.0,0.0
slurm_grid_swat_train_incremental,Swat,IncrementalTaskArithmeticPipeline,5,,finetune_2/test,point_recall,1,42,0.630325,0.0,0.0
slurm_grid_swat_train_incremental,Swat,IncrementalTaskArithmeticPipeline,5,,finetune_2/test,window_auprc,1,42,0.703498,0.0,0.0
slurm_grid_swat_train_incremental,Swat,IncrementalTaskArithmeticPipeline,5,,finetune_2/test,window_auroc,1,42,0.801968,0.0,0.0
slurm_grid_swat_train_incremental,Swat,IncrementalTaskArithmeticPipeline,5,,finetune_2/test,window_f1,1,42,0.750913,0.0,0.0
slurm_grid_swat_train_incremental,Swat,IncrementalTaskArithmeticPipeline,5,,finetune_2/test,window_precision,1,42,0.995501,0.0,0.0
slurm_grid_swat_train_incremental,Swat,IncrementalTaskArithmeticPipeline,5,,finetune_2/test,window_recall,1,42,0.602807,0.0,0.0
slurm_grid_swat_train_incremental,Swat,IncrementalTaskArithmeticPipeline,5,,finetune_3/test,event_f1,1,42,0.347826,0.0,0.0
slurm_grid_swat_train_incremental,Swat,IncrementalTaskArithmeticPipeline,5,,finetune_3/test,event_fn,1,42,27.0,0.0,0.0
slurm_grid_swat_train_incremental,Swat,IncrementalTaskArithmeticPipeline,5,,finetune_3/test,event_fp,1,42,3.0,0.0,0.0
slurm_grid_swat_train_incremental,Swat,IncrementalTaskArithmeticPipeline,5,,finetune_3/test,event_precision,1,42,0.727273,0.0,0.0
slurm_grid_swat_train_incremental,Swat,IncrementalTaskArithmeticPipeline,5,,finetune_3/test,event_recall,1,42,0.228571,0.0,0.0
slurm_grid_swat_train_incremental,Swat,IncrementalTaskArithmeticPipeline,5,,finetune_3/test,event_tp,1,42,8.0,0.0,0.0
slurm_grid_swat_train_incremental,Swat,IncrementalTaskArithmeticPipeline,5,,finetune_3/test,pa_f1,1,42,0.830103,0.0,0.0
slurm_grid_swat_train_incremental,Swat,IncrementalTaskArithmeticPipeline,5,,finetune_3/test,pa_precision,1,42,0.915914,0.0,0.0
slurm_grid_swat_train_incremental,Swat,IncrementalTaskArithmeticPipeline,5,,finetune_3/test,pa_recall,1,42,0.758994,0.0,0.0
slurm_grid_swat_train_incremental,Swat,IncrementalTaskArithmeticPipeline,5,,finetune_3/test,point_auprc,1,42,0.706687,0.0,0.0
slurm_grid_swat_train_incremental,Swat,IncrementalTaskArithmeticPipeline,5,,finetune_3/test,point_auroc,1,42,0.816995,0.0,0.0
slurm_grid_swat_train_incremental,Swat,IncrementalTaskArithmeticPipeline,5,,finetune_3/test,point_f1,1,42,0.767271,0.0,0.0
slurm_grid_swat_train_incremental,Swat,IncrementalTaskArithmeticPipeline,5,,finetune_3/test,point_precision,1,42,0.980241,0.0,0.0
slurm_grid_swat_train_incremental,Swat,IncrementalTaskArithmeticPipeline,5,,finetune_3/test,point_recall,1,42,0.630325,0.0,0.0
slurm_grid_swat_train_incremental,Swat,IncrementalTaskArithmeticPipeline,5,,finetune_3/test,window_auprc,1,42,0.703278,0.0,0.0
slurm_grid_swat_train_incremental,Swat,IncrementalTaskArithmeticPipeline,5,,finetune_3/test,window_auroc,1,42,0.801733,0.0,0.0
slurm_grid_swat_train_incremental,Swat,IncrementalTaskArithmeticPipeline,5,,finetune_3/test,window_f1,1,42,0.750862,0.0,0.0
slurm_grid_swat_train_incremental,Swat,IncrementalTaskArithmeticPipeline,5,,finetune_3/test,window_precision,1,42,0.995416,0.0,0.0
slurm_grid_swat_train_incremental,Swat,IncrementalTaskArithmeticPipeline,5,,finetune_3/test,window_recall,1,42,0.602772,0.0,0.0
slurm_grid_swat_train_incremental,Swat,IncrementalTaskArithmeticPipeline,5,,finetune_4/test,event_f1,1,42,0.363636,0.0,0.0
slurm_grid_swat_train_incremental,Swat,IncrementalTaskArithmeticPipeline,5,,finetune_4/test,event_fn,1,42,27.0,0.0,0.0
slurm_grid_swat_train_incremental,Swat,IncrementalTaskArithmeticPipeline,5,,finetune_4/test,event_fp,1,42,1.0,0.0,0.0
slurm_grid_swat_train_incremental,Swat,IncrementalTaskArithmeticPipeline,5,,finetune_4/test,event_precision,1,42,0.888889,0.0,0.0
slurm_grid_swat_train_incremental,Swat,IncrementalTaskArithmeticPipeline,5,,finetune_4/test,event_recall,1,42,0.228571,0.0,0.0
slurm_grid_swat_train_incremental,Swat,IncrementalTaskArithmeticPipeline,5,,finetune_4/test,event_tp,1,42,8.0,0.0,0.0
slurm_grid_swat_train_incremental,Swat,IncrementalTaskArithmeticPipeline,5,,finetune_4/test,pa_f1,1,42,0.83354,0.0,0.0
slurm_grid_swat_train_incremental,Swat,IncrementalTaskArithmeticPipeline,5,,finetune_4/test,pa_precision,1,42,0.902971,0.0,0.0
slurm_grid_swat_train_incremental,Swat,IncrementalTaskArithmeticPipeline,5,,finetune_4/test,pa_recall,1,42,0.774025,0.0,0.0
slurm_grid_swat_train_incremental,Swat,IncrementalTaskArithmeticPipeline,5,,finetune_4/test,point_auprc,1,42,0.707245,0.0,0.0
slurm_grid_swat_train_incremental,Swat,IncrementalTaskArithmeticPipeline,5,,finetune_4/test,point_auroc,1,42,0.817317,0.0,0.0
slurm_grid_swat_train_incremental,Swat,IncrementalTaskArithmeticPipeline,5,,finetune_4/test,point_f1,1,42,0.767302,0.0,0.0
slurm_grid_swat_train_incremental,Swat,IncrementalTaskArithmeticPipeline,5,,finetune_4/test,point_precision,1,42,0.980297,0.0,0.0
slurm_grid_swat_train_incremental,Swat,IncrementalTaskArithmeticPipeline,5,,finetune_4/test,point_recall,1,42,0.630344,0.0,0.0
slurm_grid_swat_train_incremental,Swat,IncrementalTaskArithmeticPipeline,5,,finetune_4/test,window_auprc,1,42,0.703535,0.0,0.0
slurm_grid_swat_train_incremental,Swat,IncrementalTaskArithmeticPipeline,5,,finetune_4/test,window_auroc,1,42,0.802138,0.0,0.0
slurm_grid_swat_train_incremental,Swat,IncrementalTaskArithmeticPipeline,5,,finetune_4/test,window_f1,1,42,0.750913,0.0,0.0
slurm_grid_swat_train_incremental,Swat,IncrementalTaskArithmeticPipeline,5,,finetune_4/test,window_precision,1,42,0.99536,0.0,0.0
slurm_grid_swat_train_incremental,Swat,IncrementalTaskArithmeticPipeline,5,,finetune_4/test,window_recall,1,42,0.602859,0.0,0.0
slurm_grid_swat_train_incremental,Swat,IncrementalTaskArithmeticPipeline,5,,merged/test,event_f1,1,42,0.363636,0.0,0.0
slurm_grid_swat_train_incremental,Swat,IncrementalTaskArithmeticPipeline,5,,merged/test,event_fn,1,42,27.0,0.0,0.0
slurm_grid_swat_train_incremental,Swat,IncrementalTaskArithmeticPipeline,5,,merged/test,event_fp,1,42,1.0,0.0,0.0
slurm_grid_swat_train_incremental,Swat,IncrementalTaskArithmeticPipeline,5,,merged/test,event_precision,1,42,0.888889,0.0,0.0
slurm_grid_swat_train_incremental,Swat,IncrementalTaskArithmeticPipeline,5,,merged/test,event_recall,1,42,0.228571,0.0,0.0
slurm_grid_swat_train_incremental,Swat,IncrementalTaskArithmeticPipeline,5,,merged/test,event_tp,1,42,8.0,0.0,0.0
slurm_grid_swat_train_incremental,Swat,IncrementalTaskArithmeticPipeline,5,,merged/test,pa_f1,1,42,0.840805,0.0,0.0
slurm_grid_swat_train_incremental,Swat,IncrementalTaskArithmeticPipeline,5,,merged/test,pa_precision,1,42,0.934572,0.0,0.0
slurm_grid_swat_train_incremental,Swat,IncrementalTaskArithmeticPipeline,5,,merged/test,pa_recall,1,42,0.764138,0.0,0.0
slurm_grid_swat_train_incremental,Swat,IncrementalTaskArithmeticPipeline,5,,merged/test,point_auprc,1,42,0.707068,0.0,0.0
slurm_grid_swat_train_incremental,Swat,IncrementalTaskArithmeticPipeline,5,,merged/test,point_auroc,1,42,0.820613,0.0,0.0
slurm_grid_swat_train_incremental,Swat,IncrementalTaskArithmeticPipeline,5,,merged/test,point_f1,1,42,0.76739,0.0,0.0
slurm_grid_swat_train_incremental,Swat,IncrementalTaskArithmeticPipeline,5,,merged/test,point_precision,1,42,0.979833,0.0,0.0
slurm_grid_swat_train_incremental,Swat,IncrementalTaskArithmeticPipeline,5,,merged/test,point_recall,1,42,0.630655,0.0,0.0
slurm_grid_swat_train_incremental,Swat,IncrementalTaskArithmeticPipeline,5,,merged/test,window_auprc,1,42,0.703932,0.0,0.0
slurm_grid_swat_train_incremental,Swat,IncrementalTaskArithmeticPipeline,5,,merged/test,window_auroc,1,42,0.805736,0.0,0.0
slurm_grid_swat_train_incremental,Swat,IncrementalTaskArithmeticPipeline,5,,merged/test,window_f1,1,42,0.751382,0.0,0.0
slurm_grid_swat_train_incremental,Swat,IncrementalTaskArithmeticPipeline,5,,merged/test,window_precision,1,42,0.995506,0.0,0.0
slurm_grid_swat_train_incremental,Swat,IncrementalTaskArithmeticPipeline,5,,merged/test,window_recall,1,42,0.60341,0.0,0.0
slurm_grid_swat_train_incremental,Swat,IncrementalTaskArithmeticPipeline,5,,merged/val,reconstruction/score_mean,1,42,0.305403,0.0,0.0
slurm_grid_swat_train_incremental,Swat,IncrementalTaskArithmeticPipeline,5,,merged/val,reconstruction/score_p50,1,42,0.290669,0.0,0.0
slurm_grid_swat_train_incremental,Swat,IncrementalTaskArithmeticPipeline,5,,merged/val,reconstruction/score_p95,1,42,0.550037,0.0,0.0
slurm_grid_swat_train_incremental,Swat,IncrementalTaskArithmeticPipeline,5,,merged/val,reconstruction/score_p99,1,42,1.15529,0.0,0.0
slurm_grid_swat_train_incremental,Swat,IncrementalTaskArithmeticPipeline,5,,merged/val,reconstruction/score_std,1,42,0.15691,0.0,0.0
slurm_grid_swat_train_standard,Swat,StandardPipeline,0,,train/test,event_f1,1,42,0.372093,0.0,0.0
slurm_grid_swat_train_standard,Swat,StandardPipeline,0,,train/test,event_fn,1,42,27.0,0.0,0.0
slurm_grid_swat_train_standard,Swat,StandardPipeline,0,,train/test,event_fp,1,42,0.0,0.0,
slurm_grid_swat_train_standard,Swat,StandardPipeline,0,,train/test,event_precision,1,42,1.0,0.0,0.0
slurm_grid_swat_train_standard,Swat,StandardPipeline,0,,train/test,event_recall,1,42,0.228571,0.0,0.0
slurm_grid_swat_train_standard,Swat,StandardPipeline,0,,train/test,event_tp,1,42,8.0,0.0,0.0
slurm_grid_swat_train_standard,Swat,StandardPipeline,0,,train/test,pa_f1,1,42,0.845166,0.0,0.0
slurm_grid_swat_train_standard,Swat,StandardPipeline,0,,train/test,pa_precision,1,42,0.950652,0.0,0.0
slurm_grid_swat_train_standard,Swat,StandardPipeline,0,,train/test,pa_recall,1,42,0.760751,0.0,0.0
slurm_grid_swat_train_standard,Swat,StandardPipeline,0,,train/test,point_auprc,1,42,0.703381,0.0,0.0
slurm_grid_swat_train_standard,Swat,StandardPipeline,0,,train/test,point_auroc,1,42,0.823609,0.0,0.0
slurm_grid_swat_train_standard,Swat,StandardPipeline,0,,train/test,point_f1,1,42,0.767359,0.0,0.0
slurm_grid_swat_train_standard,Swat,StandardPipeline,0,,train/test,point_precision,1,42,0.979997,0.0,0.0
slurm_grid_swat_train_standard,Swat,StandardPipeline,0,,train/test,point_recall,1,42,0.630545,0.0,0.0
slurm_grid_swat_train_standard,Swat,StandardPipeline,0,,train/test,window_auprc,1,42,0.703076,0.0,0.0
slurm_grid_swat_train_standard,Swat,StandardPipeline,0,,train/test,window_auroc,1,42,0.809059,0.0,0.0
slurm_grid_swat_train_standard,Swat,StandardPipeline,0,,train/test,window_f1,1,42,0.751235,0.0,0.0
slurm_grid_swat_train_standard,Swat,StandardPipeline,0,,train/test,window_precision,1,42,0.995504,0.0,0.0
slurm_grid_swat_train_standard,Swat,StandardPipeline,0,,train/test,window_recall,1,42,0.603221,0.0,0.0
window_etth1_W1,EtthForecastDataset,IncrementalTaskArithmeticPipeline,1,,baseline/test,forecast/mae,3,7 42 123,0.600076,0.00554,0.923
window_etth1_W1,EtthForecastDataset,IncrementalTaskArithmeticPipeline,1,,baseline/test,forecast/mse,3,7 42 123,0.692039,0.019458,2.812
window_etth1_W1,EtthForecastDataset,IncrementalTaskArithmeticPipeline,1,,baseline/test,forecast/rmse,3,7 42 123,0.831834,0.011721,1.409
window_etth1_W1,EtthForecastDataset,IncrementalTaskArithmeticPipeline,1,,finetune_0/test,forecast/mae,3,7 42 123,0.504959,0.019466,3.855
window_etth1_W1,EtthForecastDataset,IncrementalTaskArithmeticPipeline,1,,finetune_0/test,forecast/mse,3,7 42 123,0.489864,0.0339,6.92
window_etth1_W1,EtthForecastDataset,IncrementalTaskArithmeticPipeline,1,,finetune_0/test,forecast/rmse,3,7 42 123,0.699627,0.02408,3.442
window_etth1_W1,EtthForecastDataset,IncrementalTaskArithmeticPipeline,1,,merged/test,forecast/mae,3,7 42 123,0.504959,0.019466,3.855
window_etth1_W1,EtthForecastDataset,IncrementalTaskArithmeticPipeline,1,,merged/test,forecast/mse,3,7 42 123,0.489864,0.0339,6.92
window_etth1_W1,EtthForecastDataset,IncrementalTaskArithmeticPipeline,1,,merged/test,forecast/rmse,3,7 42 123,0.699627,0.02408,3.442
window_etth1_W1,EtthForecastDataset,IncrementalTaskArithmeticPipeline,1,,merged/val,forecast/mae,3,7 42 123,0.476862,0.010477,2.197
window_etth1_W1,EtthForecastDataset,IncrementalTaskArithmeticPipeline,1,,merged/val,forecast/mse,3,7 42 123,0.413362,0.021584,5.222
window_etth1_W1,EtthForecastDataset,IncrementalTaskArithmeticPipeline,1,,merged/val,forecast/rmse,3,7 42 123,0.642788,0.016714,2.6
window_etth1_W2,EtthForecastDataset,IncrementalTaskArithmeticPipeline,1,,baseline/test,forecast/mae,3,7 42 123,0.597638,0.003425,0.573
window_etth1_W2,EtthForecastDataset,IncrementalTaskArithmeticPipeline,1,,baseline/test,forecast/mse,3,7 42 123,0.690007,0.019145,2.775
window_etth1_W2,EtthForecastDataset,IncrementalTaskArithmeticPipeline,1,,baseline/test,forecast/rmse,3,7 42 123,0.830613,0.011525,1.387
window_etth1_W2,EtthForecastDataset,IncrementalTaskArithmeticPipeline,1,,finetune_0/test,forecast/mae,3,7 42 123,0.466082,0.007036,1.509
window_etth1_W2,EtthForecastDataset,IncrementalTaskArithmeticPipeline,1,,finetune_0/test,forecast/mse,3,7 42 123,0.430049,0.009654,2.245
window_etth1_W2,EtthForecastDataset,IncrementalTaskArithmeticPipeline,1,,finetune_0/test,forecast/rmse,3,7 42 123,0.655754,0.007366,1.123
window_etth1_W2,EtthForecastDataset,IncrementalTaskArithmeticPipeline,1,,merged/test,forecast/mae,3,7 42 123,0.466082,0.007036,1.51
window_etth1_W2,EtthForecastDataset,IncrementalTaskArithmeticPipeline,1,,merged/test,forecast/mse,3,7 42 123,0.430049,0.009654,2.245
window_etth1_W2,EtthForecastDataset,IncrementalTaskArithmeticPipeline,1,,merged/test,forecast/rmse,3,7 42 123,0.655754,0.007366,1.123
window_etth1_W2,EtthForecastDataset,IncrementalTaskArithmeticPipeline,1,,merged/val,forecast/mae,3,7 42 123,0.411149,0.0024,0.584
window_etth1_W2,EtthForecastDataset,IncrementalTaskArithmeticPipeline,1,,merged/val,forecast/mse,3,7 42 123,0.321705,0.002982,0.927
window_etth1_W2,EtthForecastDataset,IncrementalTaskArithmeticPipeline,1,,merged/val,forecast/rmse,3,7 42 123,0.567186,0.002632,0.464
window_etth1_W3,EtthForecastDataset,IncrementalTaskArithmeticPipeline,1,,baseline/test,forecast/mae,3,7 42 123,0.611369,0.012839,2.1
window_etth1_W3,EtthForecastDataset,IncrementalTaskArithmeticPipeline,1,,baseline/test,forecast/mse,3,7 42 123,0.713205,0.030241,4.24
window_etth1_W3,EtthForecastDataset,IncrementalTaskArithmeticPipeline,1,,baseline/test,forecast/rmse,3,7 42 123,0.844389,0.017843,2.113
window_etth1_W3,EtthForecastDataset,IncrementalTaskArithmeticPipeline,1,,finetune_0/test,forecast/mae,3,7 42 123,0.440246,0.005904,1.341
window_etth1_W3,EtthForecastDataset,IncrementalTaskArithmeticPipeline,1,,finetune_0/test,forecast/mse,3,7 42 123,0.391297,0.009598,2.453
window_etth1_W3,EtthForecastDataset,IncrementalTaskArithmeticPipeline,1,,finetune_0/test,forecast/rmse,3,7 42 123,0.625506,0.007657,1.224
window_etth1_W3,EtthForecastDataset,IncrementalTaskArithmeticPipeline,1,,merged/test,forecast/mae,3,7 42 123,0.440246,0.005904,1.341
window_etth1_W3,EtthForecastDataset,IncrementalTaskArithmeticPipeline,1,,merged/test,forecast/mse,3,7 42 123,0.391297,0.009598,2.453
window_etth1_W3,EtthForecastDataset,IncrementalTaskArithmeticPipeline,1,,merged/test,forecast/rmse,3,7 42 123,0.625506,0.007657,1.224
window_etth1_W3,EtthForecastDataset,IncrementalTaskArithmeticPipeline,1,,merged/val,forecast/mae,3,7 42 123,0.385767,0.001556,0.403
window_etth1_W3,EtthForecastDataset,IncrementalTaskArithmeticPipeline,1,,merged/val,forecast/mse,3,7 42 123,0.300665,0.001954,0.65
window_etth1_W3,EtthForecastDataset,IncrementalTaskArithmeticPipeline,1,,merged/val,forecast/rmse,3,7 42 123,0.548327,0.001781,0.325
window_exchange_W1,ExchangeRateForecastDataset,IncrementalTaskArithmeticPipeline,1,,baseline/test,forecast/mae,3,7 42 123,0.677403,0.022071,3.258
window_exchange_W1,ExchangeRateForecastDataset,IncrementalTaskArithmeticPipeline,1,,baseline/test,forecast/mse,3,7 42 123,0.698541,0.043659,6.25
window_exchange_W1,ExchangeRateForecastDataset,IncrementalTaskArithmeticPipeline,1,,baseline/test,forecast/rmse,3,7 42 123,0.835511,0.026355,3.154
window_exchange_W1,ExchangeRateForecastDataset,IncrementalTaskArithmeticPipeline,1,,finetune_0/test,forecast/mae,3,7 42 123,0.601834,0.015526,2.58
window_exchange_W1,ExchangeRateForecastDataset,IncrementalTaskArithmeticPipeline,1,,finetune_0/test,forecast/mse,3,7 42 123,0.590781,0.02648,4.482
window_exchange_W1,ExchangeRateForecastDataset,IncrementalTaskArithmeticPipeline,1,,finetune_0/test,forecast/rmse,3,7 42 123,0.768493,0.017313,2.253
window_exchange_W1,ExchangeRateForecastDataset,IncrementalTaskArithmeticPipeline,1,,merged/test,forecast/mae,3,7 42 123,0.476761,0.00609,1.277
window_exchange_W1,ExchangeRateForecastDataset,IncrementalTaskArithmeticPipeline,1,,merged/test,forecast/mse,3,7 42 123,0.310769,0.005979,1.924
window_exchange_W1,ExchangeRateForecastDataset,IncrementalTaskArithmeticPipeline,1,,merged/test,forecast/rmse,3,7 42 123,0.55745,0.005349,0.96
window_exchange_W1,ExchangeRateForecastDataset,IncrementalTaskArithmeticPipeline,1,,merged/val,forecast/mae,3,7 42 123,0.31682,0.012437,3.926
window_exchange_W1,ExchangeRateForecastDataset,IncrementalTaskArithmeticPipeline,1,,merged/val,forecast/mse,3,7 42 123,0.153743,0.012551,8.164
window_exchange_W1,ExchangeRateForecastDataset,IncrementalTaskArithmeticPipeline,1,,merged/val,forecast/rmse,3,7 42 123,0.391883,0.016017,4.087
window_exchange_W2,ExchangeRateForecastDataset,IncrementalTaskArithmeticPipeline,1,,baseline/test,forecast/mae,3,7 42 123,0.678704,0.019977,2.943
window_exchange_W2,ExchangeRateForecastDataset,IncrementalTaskArithmeticPipeline,1,,baseline/test,forecast/mse,3,7 42 123,0.700334,0.040574,5.793
window_exchange_W2,ExchangeRateForecastDataset,IncrementalTaskArithmeticPipeline,1,,baseline/test,forecast/rmse,3,7 42 123,0.836621,0.024443,2.922
window_exchange_W2,ExchangeRateForecastDataset,IncrementalTaskArithmeticPipeline,1,,finetune_0/test,forecast/mae,3,7 42 123,0.494284,0.012485,2.526
window_exchange_W2,ExchangeRateForecastDataset,IncrementalTaskArithmeticPipeline,1,,finetune_0/test,forecast/mse,3,7 42 123,0.394855,0.019537,4.948
window_exchange_W2,ExchangeRateForecastDataset,IncrementalTaskArithmeticPipeline,1,,finetune_0/test,forecast/rmse,3,7 42 123,0.628246,0.015565,2.478
window_exchange_W2,ExchangeRateForecastDataset,IncrementalTaskArithmeticPipeline,1,,merged/test,forecast/mae,3,7 42 123,0.435174,0.008288,1.904
window_exchange_W2,ExchangeRateForecastDataset,IncrementalTaskArithmeticPipeline,1,,merged/test,forecast/mse,3,7 42 123,0.261973,0.00982,3.749
window_exchange_W2,ExchangeRateForecastDataset,IncrementalTaskArithmeticPipeline,1,,merged/test,forecast/rmse,3,7 42 123,0.511773,0.009603,1.876
window_exchange_W2,ExchangeRateForecastDataset,IncrementalTaskArithmeticPipeline,1,,merged/val,forecast/mae,3,7 42 123,0.341734,0.018168,5.317
window_exchange_W2,ExchangeRateForecastDataset,IncrementalTaskArithmeticPipeline,1,,merged/val,forecast/mse,3,7 42 123,0.174441,0.015898,9.114
window_exchange_W2,ExchangeRateForecastDataset,IncrementalTaskArithmeticPipeline,1,,merged/val,forecast/rmse,3,7 42 123,0.417378,0.018843,4.515
window_exchange_W3,ExchangeRateForecastDataset,IncrementalTaskArithmeticPipeline,1,,baseline/test,forecast/mae,3,7 42 123,0.690942,0.02977,4.309
window_exchange_W3,ExchangeRateForecastDataset,IncrementalTaskArithmeticPipeline,1,,baseline/test,forecast/mse,3,7 42 123,0.721775,0.059123,8.191
window_exchange_W3,ExchangeRateForecastDataset,IncrementalTaskArithmeticPipeline,1,,baseline/test,forecast/rmse,3,7 42 123,0.849086,0.035222,4.148
window_exchange_W3,ExchangeRateForecastDataset,IncrementalTaskArithmeticPipeline,1,,finetune_0/test,forecast/mae,3,7 42 123,0.391698,0.002123,0.542
window_exchange_W3,ExchangeRateForecastDataset,IncrementalTaskArithmeticPipeline,1,,finetune_0/test,forecast/mse,3,7 42 123,0.205271,0.004176,2.034
window_exchange_W3,ExchangeRateForecastDataset,IncrementalTaskArithmeticPipeline,1,,finetune_0/test,forecast/rmse,3,7 42 123,0.453053,0.004595,1.014
window_exchange_W3,ExchangeRateForecastDataset,IncrementalTaskArithmeticPipeline,1,,merged/test,forecast/mae,3,7 42 123,0.471116,0.020043,4.254
window_exchange_W3,ExchangeRateForecastDataset,IncrementalTaskArithmeticPipeline,1,,merged/test,forecast/mse,3,7 42 123,0.318573,0.027801,8.727
window_exchange_W3,ExchangeRateForecastDataset,IncrementalTaskArithmeticPipeline,1,,merged/test,forecast/rmse,3,7 42 123,0.564057,0.024897,4.414
window_exchange_W3,ExchangeRateForecastDataset,IncrementalTaskArithmeticPipeline,1,,merged/val,forecast/mae,3,7 42 123,0.404766,0.007118,1.759
window_exchange_W3,ExchangeRateForecastDataset,IncrementalTaskArithmeticPipeline,1,,merged/val,forecast/mse,3,7 42 123,0.279964,0.000692,0.247
window_exchange_W3,ExchangeRateForecastDataset,IncrementalTaskArithmeticPipeline,1,,merged/val,forecast/rmse,3,7 42 123,0.529116,0.000654,0.124
window_psm_W1,Psm,IncrementalTaskArithmeticPipeline,1,,baseline/test,event_f1,3,7 42 123,0.236723,0.012048,5.089
window_psm_W1,Psm,IncrementalTaskArithmeticPipeline,1,,baseline/test,event_fn,3,7 42 123,16.333333,2.081666,12.745
window_psm_W1,Psm,IncrementalTaskArithmeticPipeline,1,,baseline/test,event_fp,3,7 42 123,336.666667,19.756855,5.868
window_psm_W1,Psm,IncrementalTaskArithmeticPipeline,1,,baseline/test,event_precision,3,7 42 123,0.139898,0.007866,5.622
window_psm_W1,Psm,IncrementalTaskArithmeticPipeline,1,,baseline/test,event_recall,3,7 42 123,0.769953,0.029319,3.808
window_psm_W1,Psm,IncrementalTaskArithmeticPipeline,1,,baseline/test,event_tp,3,7 42 123,54.666667,2.081666,3.808
window_psm_W1,Psm,IncrementalTaskArithmeticPipeline,1,,baseline/test,pa_f1,3,7 42 123,0.785224,0.017906,2.28
window_psm_W1,Psm,IncrementalTaskArithmeticPipeline,1,,baseline/test,pa_precision,3,7 42 123,0.930518,0.043332,4.657
window_psm_W1,Psm,IncrementalTaskArithmeticPipeline,1,,baseline/test,pa_recall,3,7 42 123,0.679793,0.017579,2.586
window_psm_W1,Psm,IncrementalTaskArithmeticPipeline,1,,baseline/test,point_auprc,3,7 42 123,0.561915,0.001573,0.28
window_psm_W1,Psm,IncrementalTaskArithmeticPipeline,1,,baseline/test,point_auroc,3,7 42 123,0.771311,0.005595,0.725
window_psm_W1,Psm,IncrementalTaskArithmeticPipeline,1,,baseline/test,point_f1,3,7 42 123,0.580113,0.004351,0.75
window_psm_W1,Psm,IncrementalTaskArithmeticPipeline,1,,baseline/test,point_precision,3,7 42 123,0.468339,0.006621,1.414
window_psm_W1,Psm,IncrementalTaskArithmeticPipeline,1,,baseline/test,point_recall,3,7 42 123,0.762245,0.014727,1.932
window_psm_W1,Psm,IncrementalTaskArithmeticPipeline,1,,baseline/test,window_auprc,3,7 42 123,0.637874,0.001512,0.237
window_psm_W1,Psm,IncrementalTaskArithmeticPipeline,1,,baseline/test,window_auroc,3,7 42 123,0.775616,0.00451,0.582
window_psm_W1,Psm,IncrementalTaskArithmeticPipeline,1,,baseline/test,window_f1,3,7 42 123,0.63726,0.00518,0.813
window_psm_W1,Psm,IncrementalTaskArithmeticPipeline,1,,baseline/test,window_precision,3,7 42 123,0.528475,0.010269,1.943
window_psm_W1,Psm,IncrementalTaskArithmeticPipeline,1,,baseline/test,window_recall,3,7 42 123,0.80378,0.036347,4.522
window_psm_W1,Psm,IncrementalTaskArithmeticPipeline,1,,finetune_0/test,event_f1,3,7 42 123,0.230315,0.038572,16.748
window_psm_W1,Psm,IncrementalTaskArithmeticPipeline,1,,finetune_0/test,event_fn,3,7 42 123,11.666667,4.618802,39.59
window_psm_W1,Psm,IncrementalTaskArithmeticPipeline,1,,finetune_0/test,event_fp,3,7 42 123,398.0,112.694277,28.315
window_psm_W1,Psm,IncrementalTaskArithmeticPipeline,1,,finetune_0/test,event_precision,3,7 42 123,0.134638,0.028656,21.284
window_psm_W1,Psm,IncrementalTaskArithmeticPipeline,1,,finetune_0/test,event_recall,3,7 42 123,0.835681,0.065054,7.784
window_psm_W1,Psm,IncrementalTaskArithmeticPipeline,1,,finetune_0/test,event_tp,3,7 42 123,59.333333,4.618802,7.784
window_psm_W1,Psm,IncrementalTaskArithmeticPipeline,1,,finetune_0/test,pa_f1,3,7 42 123,0.766527,0.000166,0.022
window_psm_W1,Psm,IncrementalTaskArithmeticPipeline,1,,finetune_0/test,pa_precision,3,7 42 123,0.664657,0.002193,0.33
window_psm_W1,Psm,IncrementalTaskArithmeticPipeline,1,,finetune_0/test,pa_recall,3,7 42 123,0.905297,0.004026,0.445
window_psm_W1,Psm,IncrementalTaskArithmeticPipeline,1,,finetune_0/test,point_auprc,3,7 42 123,0.561633,0.003033,0.54
window_psm_W1,Psm,IncrementalTaskArithmeticPipeline,1,,finetune_0/test,point_auroc,3,7 42 123,0.783785,0.002241,0.286
window_psm_W1,Psm,IncrementalTaskArithmeticPipeline,1,,finetune_0/test,point_f1,3,7 42 123,0.589123,0.004552,0.773
window_psm_W1,Psm,IncrementalTaskArithmeticPipeline,1,,finetune_0/test,point_precision,3,7 42 123,0.45891,0.026468,5.768
window_psm_W1,Psm,IncrementalTaskArithmeticPipeline,1,,finetune_0/test,point_recall,3,7 42 123,0.83321,0.094332,11.321
window_psm_W1,Psm,IncrementalTaskArithmeticPipeline,1,,finetune_0/test,window_auprc,3,7 42 123,0.640741,0.003341,0.521
window_psm_W1,Psm,IncrementalTaskArithmeticPipeline,1,,finetune_0/test,window_auroc,3,7 42 123,0.788414,0.001974,0.25
window_psm_W1,Psm,IncrementalTaskArithmeticPipeline,1,,finetune_0/test,window_f1,3,7 42 123,0.64836,0.004845,0.747
window_psm_W1,Psm,IncrementalTaskArithmeticPipeline,1,,finetune_0/test,window_precision,3,7 42 123,0.51309,0.008922,1.739
window_psm_W1,Psm,IncrementalTaskArithmeticPipeline,1,,finetune_0/test,window_recall,3,7 42 123,0.880782,0.009816,1.114
window_psm_W1,Psm,IncrementalTaskArithmeticPipeline,1,,merged/test,event_f1,3,7 42 123,0.230315,0.038572,16.748
window_psm_W1,Psm,IncrementalTaskArithmeticPipeline,1,,merged/test,event_fn,3,7 42 123,11.666667,4.618802,39.59
window_psm_W1,Psm,IncrementalTaskArithmeticPipeline,1,,merged/test,event_fp,3,7 42 123,398.0,112.694277,28.315
window_psm_W1,Psm,IncrementalTaskArithmeticPipeline,1,,merged/test,event_precision,3,7 42 123,0.134638,0.028656,21.284
window_psm_W1,Psm,IncrementalTaskArithmeticPipeline,1,,merged/test,event_recall,3,7 42 123,0.835681,0.065054,7.784
window_psm_W1,Psm,IncrementalTaskArithmeticPipeline,1,,merged/test,event_tp,3,7 42 123,59.333333,4.618802,7.784
window_psm_W1,Psm,IncrementalTaskArithmeticPipeline,1,,merged/test,pa_f1,3,7 42 123,0.766531,0.000166,0.022
window_psm_W1,Psm,IncrementalTaskArithmeticPipeline,1,,merged/test,pa_precision,3,7 42 123,0.664664,0.002205,0.332
window_psm_W1,Psm,IncrementalTaskArithmeticPipeline,1,,merged/test,pa_recall,3,7 42 123,0.905297,0.004026,0.445
window_psm_W1,Psm,IncrementalTaskArithmeticPipeline,1,,merged/test,point_auprc,3,7 42 123,0.561633,0.003033,0.54
window_psm_W1,Psm,IncrementalTaskArithmeticPipeline,1,,merged/test,point_auroc,3,7 42 123,0.783785,0.002241,0.286
window_psm_W1,Psm,IncrementalTaskArithmeticPipeline,1,,merged/test,point_f1,3,7 42 123,0.589123,0.004552,0.773
window_psm_W1,Psm,IncrementalTaskArithmeticPipeline,1,,merged/test,point_precision,3,7 42 123,0.45891,0.026468,5.768
window_psm_W1,Psm,IncrementalTaskArithmeticPipeline,1,,merged/test,point_recall,3,7 42 123,0.83321,0.094332,11.321
window_psm_W1,Psm,IncrementalTaskArithmeticPipeline,1,,merged/test,window_auprc,3,7 42 123,0.640741,0.003341,0.521
window_psm_W1,Psm,IncrementalTaskArithmeticPipeline,1,,merged/test,window_auroc,3,7 42 123,0.788414,0.001974,0.25
window_psm_W1,Psm,IncrementalTaskArithmeticPipeline,1,,merged/test,window_f1,3,7 42 123,0.64836,0.004845,0.747
window_psm_W1,Psm,IncrementalTaskArithmeticPipeline,1,,merged/test,window_precision,3,7 42 123,0.51309,0.008922,1.739
window_psm_W1,Psm,IncrementalTaskArithmeticPipeline,1,,merged/test,window_recall,3,7 42 123,0.880782,0.009816,1.114
window_psm_W1,Psm,IncrementalTaskArithmeticPipeline,1,,merged/val,reconstruction/score_mean,3,7 42 123,0.165861,0.001603,0.967
window_psm_W1,Psm,IncrementalTaskArithmeticPipeline,1,,merged/val,reconstruction/score_p50,3,7 42 123,0.103214,0.001683,1.631
window_psm_W1,Psm,IncrementalTaskArithmeticPipeline,1,,merged/val,reconstruction/score_p95,3,7 42 123,0.361669,0.003885,1.074
window_psm_W1,Psm,IncrementalTaskArithmeticPipeline,1,,merged/val,reconstruction/score_p99,3,7 42 123,1.592615,0.001484,0.093
window_psm_W1,Psm,IncrementalTaskArithmeticPipeline,1,,merged/val,reconstruction/score_std,3,7 42 123,0.239845,0.001574,0.656
window_psm_W2,Psm,IncrementalTaskArithmeticPipeline,1,,baseline/test,event_f1,3,7 42 123,0.229659,0.0074,3.222
window_psm_W2,Psm,IncrementalTaskArithmeticPipeline,1,,baseline/test,event_fn,3,7 42 123,16.333333,2.886751,17.674
window_psm_W2,Psm,IncrementalTaskArithmeticPipeline,1,,baseline/test,event_fp,3,7 42 123,351.0,32.787193,9.341
window_psm_W2,Psm,IncrementalTaskArithmeticPipeline,1,,baseline/test,event_precision,3,7 42 123,0.135058,0.005866,4.343
window_psm_W2,Psm,IncrementalTaskArithmeticPipeline,1,,baseline/test,event_recall,3,7 42 123,0.769953,0.040658,5.281
window_psm_W2,Psm,IncrementalTaskArithmeticPipeline,1,,baseline/test,event_tp,3,7 42 123,54.666667,2.886751,5.281
window_psm_W2,Psm,IncrementalTaskArithmeticPipeline,1,,baseline/test,pa_f1,3,7 42 123,0.793054,0.003538,0.446
window_psm_W2,Psm,IncrementalTaskArithmeticPipeline,1,,baseline/test,pa_precision,3,7 42 123,0.930616,0.017493,1.88
window_psm_W2,Psm,IncrementalTaskArithmeticPipeline,1,,baseline/test,pa_recall,3,7 42 123,0.691047,0.004524,0.655
window_psm_W2,Psm,IncrementalTaskArithmeticPipeline,1,,baseline/test,point_auprc,3,7 42 123,0.559046,0.000648,0.116
window_psm_W2,Psm,IncrementalTaskArithmeticPipeline,1,,baseline/test,point_auroc,3,7 42 123,0.769838,0.003982,0.517
window_psm_W2,Psm,IncrementalTaskArithmeticPipeline,1,,baseline/test,point_f1,3,7 42 123,0.580217,0.003257,0.561
window_psm_W2,Psm,IncrementalTaskArithmeticPipeline,1,,baseline/test,point_precision,3,7 42 123,0.468062,0.008342,1.782
window_psm_W2,Psm,IncrementalTaskArithmeticPipeline,1,,baseline/test,point_recall,3,7 42 123,0.763421,0.012642,1.656
window_psm_W2,Psm,IncrementalTaskArithmeticPipeline,1,,baseline/test,window_auprc,3,7 42 123,0.634949,0.000745,0.117
window_psm_W2,Psm,IncrementalTaskArithmeticPipeline,1,,baseline/test,window_auroc,3,7 42 123,0.773998,0.003522,0.455
window_psm_W2,Psm,IncrementalTaskArithmeticPipeline,1,,baseline/test,window_f1,3,7 42 123,0.635321,0.003176,0.5
window_psm_W2,Psm,IncrementalTaskArithmeticPipeline,1,,baseline/test,window_precision,3,7 42 123,0.520813,0.005075,0.974
window_psm_W2,Psm,IncrementalTaskArithmeticPipeline,1,,baseline/test,window_recall,3,7 42 123,0.81445,0.006159,0.756
window_psm_W2,Psm,IncrementalTaskArithmeticPipeline,1,,finetune_0/test,event_f1,3,7 42 123,0.206508,0.014372,6.959
window_psm_W2,Psm,IncrementalTaskArithmeticPipeline,1,,finetune_0/test,event_fn,3,7 42 123,9.0,0.0,0.0
window_psm_W2,Psm,IncrementalTaskArithmeticPipeline,1,,finetune_0/test,event_fp,3,7 42 123,469.333333,40.377386,8.603
window_psm_W2,Psm,IncrementalTaskArithmeticPipeline,1,,finetune_0/test,event_precision,3,7 42 123,0.117158,0.009291,7.93
window_psm_W2,Psm,IncrementalTaskArithmeticPipeline,1,,finetune_0/test,event_recall,3,7 42 123,0.873239,0.0,0.0
window_psm_W2,Psm,IncrementalTaskArithmeticPipeline,1,,finetune_0/test,event_tp,3,7 42 123,62.0,0.0,0.0
window_psm_W2,Psm,IncrementalTaskArithmeticPipeline,1,,finetune_0/test,pa_f1,3,7 42 123,0.766698,0.000163,0.021
window_psm_W2,Psm,IncrementalTaskArithmeticPipeline,1,,finetune_0/test,pa_precision,3,7 42 123,0.666173,0.002114,0.317
window_psm_W2,Psm,IncrementalTaskArithmeticPipeline,1,,finetune_0/test,pa_recall,3,7 42 123,0.902973,0.004026,0.446
window_psm_W2,Psm,IncrementalTaskArithmeticPipeline,1,,finetune_0/test,point_auprc,3,7 42 123,0.551561,0.011871,2.152
window_psm_W2,Psm,IncrementalTaskArithmeticPipeline,1,,finetune_0/test,point_auroc,3,7 42 123,0.789853,0.000872,0.11
window_psm_W2,Psm,IncrementalTaskArithmeticPipeline,1,,finetune_0/test,point_f1,3,7 42 123,0.599038,0.001576,0.263
window_psm_W2,Psm,IncrementalTaskArithmeticPipeline,1,,finetune_0/test,point_precision,3,7 42 123,0.447383,0.00218,0.487
window_psm_W2,Psm,IncrementalTaskArithmeticPipeline,1,,finetune_0/test,point_recall,3,7 42 123,0.906391,0.013676,1.509
window_psm_W2,Psm,IncrementalTaskArithmeticPipeline,1,,finetune_0/test,window_auprc,3,7 42 123,0.633372,0.009334,1.474
window_psm_W2,Psm,IncrementalTaskArithmeticPipeline,1,,finetune_0/test,window_auroc,3,7 42 123,0.792948,0.000776,0.098
window_psm_W2,Psm,IncrementalTaskArithmeticPipeline,1,,finetune_0/test,window_f1,3,7 42 123,0.656375,0.001589,0.242
window_psm_W2,Psm,IncrementalTaskArithmeticPipeline,1,,finetune_0/test,window_precision,3,7 42 123,0.52463,0.004489,0.856
window_psm_W2,Psm,IncrementalTaskArithmeticPipeline,1,,finetune_0/test,window_recall,3,7 42 123,0.87674,0.016293,1.858
window_psm_W2,Psm,IncrementalTaskArithmeticPipeline,1,,merged/test,event_f1,3,7 42 123,0.206508,0.014372,6.959
window_psm_W2,Psm,IncrementalTaskArithmeticPipeline,1,,merged/test,event_fn,3,7 42 123,9.0,0.0,0.0
window_psm_W2,Psm,IncrementalTaskArithmeticPipeline,1,,merged/test,event_fp,3,7 42 123,469.333333,40.377386,8.603
window_psm_W2,Psm,IncrementalTaskArithmeticPipeline,1,,merged/test,event_precision,3,7 42 123,0.117158,0.009291,7.93
window_psm_W2,Psm,IncrementalTaskArithmeticPipeline,1,,merged/test,event_recall,3,7 42 123,0.873239,0.0,0.0
window_psm_W2,Psm,IncrementalTaskArithmeticPipeline,1,,merged/test,event_tp,3,7 42 123,62.0,0.0,0.0
window_psm_W2,Psm,IncrementalTaskArithmeticPipeline,1,,merged/test,pa_f1,3,7 42 123,0.766716,0.000164,0.021
window_psm_W2,Psm,IncrementalTaskArithmeticPipeline,1,,merged/test,pa_precision,3,7 42 123,0.6662,0.002085,0.313
window_psm_W2,Psm,IncrementalTaskArithmeticPipeline,1,,merged/test,pa_recall,3,7 42 123,0.902973,0.004026,0.446
window_psm_W2,Psm,IncrementalTaskArithmeticPipeline,1,,merged/test,point_auprc,3,7 42 123,0.551561,0.011871,2.152
window_psm_W2,Psm,IncrementalTaskArithmeticPipeline,1,,merged/test,point_auroc,3,7 42 123,0.789853,0.000872,0.11
window_psm_W2,Psm,IncrementalTaskArithmeticPipeline,1,,merged/test,point_f1,3,7 42 123,0.599038,0.001576,0.263
window_psm_W2,Psm,IncrementalTaskArithmeticPipeline,1,,merged/test,point_precision,3,7 42 123,0.447383,0.00218,0.487
window_psm_W2,Psm,IncrementalTaskArithmeticPipeline,1,,merged/test,point_recall,3,7 42 123,0.906391,0.013676,1.509
window_psm_W2,Psm,IncrementalTaskArithmeticPipeline,1,,merged/test,window_auprc,3,7 42 123,0.633372,0.009334,1.474
window_psm_W2,Psm,IncrementalTaskArithmeticPipeline,1,,merged/test,window_auroc,3,7 42 123,0.792948,0.000776,0.098
window_psm_W2,Psm,IncrementalTaskArithmeticPipeline,1,,merged/test,window_f1,3,7 42 123,0.656375,0.001589,0.242
window_psm_W2,Psm,IncrementalTaskArithmeticPipeline,1,,merged/test,window_precision,3,7 42 123,0.52463,0.004489,0.856
window_psm_W2,Psm,IncrementalTaskArithmeticPipeline,1,,merged/test,window_recall,3,7 42 123,0.87674,0.016293,1.858
window_psm_W2,Psm,IncrementalTaskArithmeticPipeline,1,,merged/val,reconstruction/score_mean,3,7 42 123,0.171814,0.000693,0.404
window_psm_W2,Psm,IncrementalTaskArithmeticPipeline,1,,merged/val,reconstruction/score_p50,3,7 42 123,0.120267,0.000711,0.591
window_psm_W2,Psm,IncrementalTaskArithmeticPipeline,1,,merged/val,reconstruction/score_p95,3,7 42 123,0.356884,0.002337,0.655
window_psm_W2,Psm,IncrementalTaskArithmeticPipeline,1,,merged/val,reconstruction/score_p99,3,7 42 123,1.589902,0.001274,0.08
window_psm_W2,Psm,IncrementalTaskArithmeticPipeline,1,,merged/val,reconstruction/score_std,3,7 42 123,0.217976,0.001833,0.841
window_psm_W3,Psm,IncrementalTaskArithmeticPipeline,1,,baseline/test,event_f1,3,7 42 123,0.235302,0.008691,3.693
window_psm_W3,Psm,IncrementalTaskArithmeticPipeline,1,,baseline/test,event_fn,3,7 42 123,16.333333,2.886751,17.674
window_psm_W3,Psm,IncrementalTaskArithmeticPipeline,1,,baseline/test,event_fp,3,7 42 123,339.0,15.716234,4.636
window_psm_W3,Psm,IncrementalTaskArithmeticPipeline,1,,baseline/test,event_precision,3,7 42 123,0.1389,0.00526,3.787
window_psm_W3,Psm,IncrementalTaskArithmeticPipeline,1,,baseline/test,event_recall,3,7 42 123,0.769953,0.040658,5.281
window_psm_W3,Psm,IncrementalTaskArithmeticPipeline,1,,baseline/test,event_tp,3,7 42 123,54.666667,2.886751,5.281
window_psm_W3,Psm,IncrementalTaskArithmeticPipeline,1,,baseline/test,pa_f1,3,7 42 123,0.78896,0.007935,1.006
window_psm_W3,Psm,IncrementalTaskArithmeticPipeline,1,,baseline/test,pa_precision,3,7 42 123,0.919641,0.028818,3.134
window_psm_W3,Psm,IncrementalTaskArithmeticPipeline,1,,baseline/test,pa_recall,3,7 42 123,0.691074,0.004547,0.658
window_psm_W3,Psm,IncrementalTaskArithmeticPipeline,1,,baseline/test,point_auprc,3,7 42 123,0.55972,0.001403,0.251
window_psm_W3,Psm,IncrementalTaskArithmeticPipeline,1,,baseline/test,point_auroc,3,7 42 123,0.770277,0.003384,0.439
window_psm_W3,Psm,IncrementalTaskArithmeticPipeline,1,,baseline/test,point_f1,3,7 42 123,0.579926,0.003634,0.627
window_psm_W3,Psm,IncrementalTaskArithmeticPipeline,1,,baseline/test,point_precision,3,7 42 123,0.467557,0.009153,1.958
window_psm_W3,Psm,IncrementalTaskArithmeticPipeline,1,,baseline/test,point_recall,3,7 42 123,0.763817,0.013328,1.745
window_psm_W3,Psm,IncrementalTaskArithmeticPipeline,1,,baseline/test,window_auprc,3,7 42 123,0.63574,0.001919,0.302
window_psm_W3,Psm,IncrementalTaskArithmeticPipeline,1,,baseline/test,window_auroc,3,7 42 123,0.774627,0.002887,0.373
window_psm_W3,Psm,IncrementalTaskArithmeticPipeline,1,,baseline/test,window_f1,3,7 42 123,0.635434,0.003046,0.479
window_psm_W3,Psm,IncrementalTaskArithmeticPipeline,1,,baseline/test,window_precision,3,7 42 123,0.520928,0.005031,0.966
window_psm_W3,Psm,IncrementalTaskArithmeticPipeline,1,,baseline/test,window_recall,3,7 42 123,0.81454,0.006052,0.743
window_psm_W3,Psm,IncrementalTaskArithmeticPipeline,1,,finetune_0/test,event_f1,3,7 42 123,0.253734,0.03738,14.732
window_psm_W3,Psm,IncrementalTaskArithmeticPipeline,1,,finetune_0/test,event_fn,3,7 42 123,13.0,4.0,30.769
window_psm_W3,Psm,IncrementalTaskArithmeticPipeline,1,,finetune_0/test,event_fp,3,7 42 123,337.666667,93.575282,27.712
window_psm_W3,Psm,IncrementalTaskArithmeticPipeline,1,,finetune_0/test,event_precision,3,7 42 123,0.151235,0.028594,18.907
window_psm_W3,Psm,IncrementalTaskArithmeticPipeline,1,,finetune_0/test,event_recall,3,7 42 123,0.816901,0.056338,6.897
window_psm_W3,Psm,IncrementalTaskArithmeticPipeline,1,,finetune_0/test,event_tp,3,7 42 123,58.0,4.0,6.897
window_psm_W3,Psm,IncrementalTaskArithmeticPipeline,1,,finetune_0/test,pa_f1,3,7 42 123,0.767194,0.000546,0.071
window_psm_W3,Psm,IncrementalTaskArithmeticPipeline,1,,finetune_0/test,pa_precision,3,7 42 123,0.655973,0.009838,1.5
window_psm_W3,Psm,IncrementalTaskArithmeticPipeline,1,,finetune_0/test,pa_recall,3,7 42 123,0.924331,0.020474,2.215
window_psm_W3,Psm,IncrementalTaskArithmeticPipeline,1,,finetune_0/test,point_auprc,3,7 42 123,0.563136,0.011199,1.989
window_psm_W3,Psm,IncrementalTaskArithmeticPipeline,1,,finetune_0/test,point_auroc,3,7 42 123,0.796423,0.005475,0.687
window_psm_W3,Psm,IncrementalTaskArithmeticPipeline,1,,finetune_0/test,point_f1,3,7 42 123,0.608827,0.010159,1.669
window_psm_W3,Psm,IncrementalTaskArithmeticPipeline,1,,finetune_0/test,point_precision,3,7 42 123,0.491754,0.018905,3.844
window_psm_W3,Psm,IncrementalTaskArithmeticPipeline,1,,finetune_0/test,point_recall,3,7 42 123,0.80358,0.0647,8.051
window_psm_W3,Psm,IncrementalTaskArithmeticPipeline,1,,finetune_0/test,window_auprc,3,7 42 123,0.643777,0.009317,1.447
window_psm_W3,Psm,IncrementalTaskArithmeticPipeline,1,,finetune_0/test,window_auroc,3,7 42 123,0.798699,0.00422,0.528
window_psm_W3,Psm,IncrementalTaskArithmeticPipeline,1,,finetune_0/test,window_f1,3,7 42 123,0.664367,0.008798,1.324
window_psm_W3,Psm,IncrementalTaskArithmeticPipeline,1,,finetune_0/test,window_precision,3,7 42 123,0.549706,0.021457,3.903
window_psm_W3,Psm,IncrementalTaskArithmeticPipeline,1,,finetune_0/test,window_recall,3,7 42 123,0.841005,0.024447,2.907
window_psm_W3,Psm,IncrementalTaskArithmeticPipeline,1,,merged/test,event_f1,3,7 42 123,0.253734,0.03738,14.732
window_psm_W3,Psm,IncrementalTaskArithmeticPipeline,1,,merged/test,event_fn,3,7 42 123,13.0,4.0,30.769
window_psm_W3,Psm,IncrementalTaskArithmeticPipeline,1,,merged/test,event_fp,3,7 42 123,337.666667,93.575282,27.712
window_psm_W3,Psm,IncrementalTaskArithmeticPipeline,1,,merged/test,event_precision,3,7 42 123,0.151235,0.028594,18.907
window_psm_W3,Psm,IncrementalTaskArithmeticPipeline,1,,merged/test,event_recall,3,7 42 123,0.816901,0.056338,6.897
window_psm_W3,Psm,IncrementalTaskArithmeticPipeline,1,,merged/test,event_tp,3,7 42 123,58.0,4.0,6.897
window_psm_W3,Psm,IncrementalTaskArithmeticPipeline,1,,merged/test,pa_f1,3,7 42 123,0.767187,0.000535,0.07
window_psm_W3,Psm,IncrementalTaskArithmeticPipeline,1,,merged/test,pa_precision,3,7 42 123,0.655969,0.009841,1.5
window_psm_W3,Psm,IncrementalTaskArithmeticPipeline,1,,merged/test,pa_recall,3,7 42 123,0.924317,0.020462,2.214
window_psm_W3,Psm,IncrementalTaskArithmeticPipeline,1,,merged/test,point_auprc,3,7 42 123,0.563136,0.011199,1.989
window_psm_W3,Psm,IncrementalTaskArithmeticPipeline,1,,merged/test,point_auroc,3,7 42 123,0.796423,0.005475,0.687
window_psm_W3,Psm,IncrementalTaskArithmeticPipeline,1,,merged/test,point_f1,3,7 42 123,0.608827,0.010159,1.669
window_psm_W3,Psm,IncrementalTaskArithmeticPipeline,1,,merged/test,point_precision,3,7 42 123,0.491754,0.018905,3.844
window_psm_W3,Psm,IncrementalTaskArithmeticPipeline,1,,merged/test,point_recall,3,7 42 123,0.80358,0.0647,8.051
window_psm_W3,Psm,IncrementalTaskArithmeticPipeline,1,,merged/test,window_auprc,3,7 42 123,0.643777,0.009317,1.447
window_psm_W3,Psm,IncrementalTaskArithmeticPipeline,1,,merged/test,window_auroc,3,7 42 123,0.798699,0.00422,0.528
window_psm_W3,Psm,IncrementalTaskArithmeticPipeline,1,,merged/test,window_f1,3,7 42 123,0.664367,0.008798,1.324
window_psm_W3,Psm,IncrementalTaskArithmeticPipeline,1,,merged/test,window_precision,3,7 42 123,0.549706,0.021457,3.903
window_psm_W3,Psm,IncrementalTaskArithmeticPipeline,1,,merged/test,window_recall,3,7 42 123,0.841005,0.024447,2.907
window_psm_W3,Psm,IncrementalTaskArithmeticPipeline,1,,merged/val,reconstruction/score_mean,3,7 42 123,0.175424,0.002518,1.436
window_psm_W3,Psm,IncrementalTaskArithmeticPipeline,1,,merged/val,reconstruction/score_p50,3,7 42 123,0.127407,0.00378,2.967
window_psm_W3,Psm,IncrementalTaskArithmeticPipeline,1,,merged/val,reconstruction/score_p95,3,7 42 123,0.360285,0.007372,2.046
window_psm_W3,Psm,IncrementalTaskArithmeticPipeline,1,,merged/val,reconstruction/score_p99,3,7 42 123,1.588554,0.005932,0.373
window_psm_W3,Psm,IncrementalTaskArithmeticPipeline,1,,merged/val,reconstruction/score_std,3,7 42 123,0.206167,0.001926,0.934
window_swat_W1,Swat,IncrementalTaskArithmeticPipeline,1,,baseline/test,event_f1,3,7 42 123,0.239698,0.017938,7.484
window_swat_W1,Swat,IncrementalTaskArithmeticPipeline,1,,baseline/test,event_fn,3,7 42 123,27.0,0.0,0.0
window_swat_W1,Swat,IncrementalTaskArithmeticPipeline,1,,baseline/test,event_fp,3,7 42 123,24.0,5.0,20.833
window_swat_W1,Swat,IncrementalTaskArithmeticPipeline,1,,baseline/test,event_precision,3,7 42 123,0.254171,0.040203,15.817
window_swat_W1,Swat,IncrementalTaskArithmeticPipeline,1,,baseline/test,event_recall,3,7 42 123,0.228571,0.0,0.0
window_swat_W1,Swat,IncrementalTaskArithmeticPipeline,1,,baseline/test,event_tp,3,7 42 123,8.0,0.0,0.0
window_swat_W1,Swat,IncrementalTaskArithmeticPipeline,1,,baseline/test,pa_f1,3,7 42 123,0.84156,0.003816,0.453
window_swat_W1,Swat,IncrementalTaskArithmeticPipeline,1,,baseline/test,pa_precision,3,7 42 123,0.938421,0.010021,1.068
window_swat_W1,Swat,IncrementalTaskArithmeticPipeline,1,,baseline/test,pa_recall,3,7 42 123,0.762875,0.005274,0.691
window_swat_W1,Swat,IncrementalTaskArithmeticPipeline,1,,baseline/test,point_auprc,3,7 42 123,0.704889,0.003934,0.558
window_swat_W1,Swat,IncrementalTaskArithmeticPipeline,1,,baseline/test,point_auroc,3,7 42 123,0.815444,0.001663,0.204
window_swat_W1,Swat,IncrementalTaskArithmeticPipeline,1,,baseline/test,point_f1,3,7 42 123,0.766683,0.000376,0.049
window_swat_W1,Swat,IncrementalTaskArithmeticPipeline,1,,baseline/test,point_precision,3,7 42 123,0.978823,0.001127,0.115
window_swat_W1,Swat,IncrementalTaskArithmeticPipeline,1,,baseline/test,point_recall,3,7 42 123,0.630118,0.000221,0.035
window_swat_W1,Swat,IncrementalTaskArithmeticPipeline,1,,baseline/test,window_auprc,3,7 42 123,0.70217,0.001598,0.228
window_swat_W1,Swat,IncrementalTaskArithmeticPipeline,1,,baseline/test,window_auroc,3,7 42 123,0.800118,0.001646,0.206
window_swat_W1,Swat,IncrementalTaskArithmeticPipeline,1,,baseline/test,window_f1,3,7 42 123,0.750199,0.000421,0.056
window_swat_W1,Swat,IncrementalTaskArithmeticPipeline,1,,baseline/test,window_precision,3,7 42 123,0.993623,0.000794,0.08
window_swat_W1,Swat,IncrementalTaskArithmeticPipeline,1,,baseline/test,window_recall,3,7 42 123,0.602577,0.000372,0.062
window_swat_W1,Swat,IncrementalTaskArithmeticPipeline,1,,finetune_0/test,event_f1,3,7 42 123,0.324848,0.036605,11.268
window_swat_W1,Swat,IncrementalTaskArithmeticPipeline,1,,finetune_0/test,event_fn,3,7 42 123,27.0,0.0,0.0
window_swat_W1,Swat,IncrementalTaskArithmeticPipeline,1,,finetune_0/test,event_fp,3,7 42 123,6.666667,5.507571,82.614
window_swat_W1,Swat,IncrementalTaskArithmeticPipeline,1,,finetune_0/test,event_precision,3,7 42 123,0.607407,0.252722,41.607
window_swat_W1,Swat,IncrementalTaskArithmeticPipeline,1,,finetune_0/test,event_recall,3,7 42 123,0.228571,0.0,0.0
window_swat_W1,Swat,IncrementalTaskArithmeticPipeline,1,,finetune_0/test,event_tp,3,7 42 123,8.0,0.0,0.0
window_swat_W1,Swat,IncrementalTaskArithmeticPipeline,1,,finetune_0/test,pa_f1,3,7 42 123,0.840051,0.00423,0.503
window_swat_W1,Swat,IncrementalTaskArithmeticPipeline,1,,finetune_0/test,pa_precision,3,7 42 123,0.94868,0.016325,1.721
window_swat_W1,Swat,IncrementalTaskArithmeticPipeline,1,,finetune_0/test,pa_recall,3,7 42 123,0.753935,0.010322,1.369
window_swat_W1,Swat,IncrementalTaskArithmeticPipeline,1,,finetune_0/test,point_auprc,3,7 42 123,0.704206,0.003211,0.456
window_swat_W1,Swat,IncrementalTaskArithmeticPipeline,1,,finetune_0/test,point_auroc,3,7 42 123,0.816798,0.001522,0.186
window_swat_W1,Swat,IncrementalTaskArithmeticPipeline,1,,finetune_0/test,point_f1,3,7 42 123,0.767158,0.000133,0.017
window_swat_W1,Swat,IncrementalTaskArithmeticPipeline,1,,finetune_0/test,point_precision,3,7 42 123,0.980255,0.000422,0.043
window_swat_W1,Swat,IncrementalTaskArithmeticPipeline,1,,finetune_0/test,point_recall,3,7 42 123,0.630167,0.000249,0.04
window_swat_W1,Swat,IncrementalTaskArithmeticPipeline,1,,finetune_0/test,window_auprc,3,7 42 123,0.702487,0.001471,0.209
window_swat_W1,Swat,IncrementalTaskArithmeticPipeline,1,,finetune_0/test,window_auroc,3,7 42 123,0.801625,0.001483,0.185
window_swat_W1,Swat,IncrementalTaskArithmeticPipeline,1,,finetune_0/test,window_f1,3,7 42 123,0.750737,0.000282,0.038
window_swat_W1,Swat,IncrementalTaskArithmeticPipeline,1,,finetune_0/test,window_precision,3,7 42 123,0.995057,7.4e-05,0.007
window_swat_W1,Swat,IncrementalTaskArithmeticPipeline,1,,finetune_0/test,window_recall,3,7 42 123,0.602744,0.000339,0.056
window_swat_W1,Swat,IncrementalTaskArithmeticPipeline,1,,merged/test,event_f1,3,7 42 123,0.324848,0.036605,11.268
window_swat_W1,Swat,IncrementalTaskArithmeticPipeline,1,,merged/test,event_fn,3,7 42 123,27.0,0.0,0.0
window_swat_W1,Swat,IncrementalTaskArithmeticPipeline,1,,merged/test,event_fp,3,7 42 123,6.666667,5.507571,82.614
window_swat_W1,Swat,IncrementalTaskArithmeticPipeline,1,,merged/test,event_precision,3,7 42 123,0.607407,0.252722,41.607
window_swat_W1,Swat,IncrementalTaskArithmeticPipeline,1,,merged/test,event_recall,3,7 42 123,0.228571,0.0,0.0
window_swat_W1,Swat,IncrementalTaskArithmeticPipeline,1,,merged/test,event_tp,3,7 42 123,8.0,0.0,0.0
window_swat_W1,Swat,IncrementalTaskArithmeticPipeline,1,,merged/test,pa_f1,3,7 42 123,0.840049,0.004246,0.505
window_swat_W1,Swat,IncrementalTaskArithmeticPipeline,1,,merged/test,pa_precision,3,7 42 123,0.948674,0.016391,1.728
window_swat_W1,Swat,IncrementalTaskArithmeticPipeline,1,,merged/test,pa_recall,3,7 42 123,0.753935,0.010322,1.369
window_swat_W1,Swat,IncrementalTaskArithmeticPipeline,1,,merged/test,point_auprc,3,7 42 123,0.704206,0.003211,0.456
window_swat_W1,Swat,IncrementalTaskArithmeticPipeline,1,,merged/test,point_auroc,3,7 42 123,0.816798,0.001522,0.186
window_swat_W1,Swat,IncrementalTaskArithmeticPipeline,1,,merged/test,point_f1,3,7 42 123,0.767158,0.000133,0.017
window_swat_W1,Swat,IncrementalTaskArithmeticPipeline,1,,merged/test,point_precision,3,7 42 123,0.980255,0.000422,0.043
window_swat_W1,Swat,IncrementalTaskArithmeticPipeline,1,,merged/test,point_recall,3,7 42 123,0.630167,0.000249,0.04
window_swat_W1,Swat,IncrementalTaskArithmeticPipeline,1,,merged/test,window_auprc,3,7 42 123,0.702487,0.001471,0.209
window_swat_W1,Swat,IncrementalTaskArithmeticPipeline,1,,merged/test,window_auroc,3,7 42 123,0.801625,0.001483,0.185
window_swat_W1,Swat,IncrementalTaskArithmeticPipeline,1,,merged/test,window_f1,3,7 42 123,0.750737,0.000282,0.038
window_swat_W1,Swat,IncrementalTaskArithmeticPipeline,1,,merged/test,window_precision,3,7 42 123,0.995057,7.4e-05,0.007
window_swat_W1,Swat,IncrementalTaskArithmeticPipeline,1,,merged/test,window_recall,3,7 42 123,0.602744,0.000339,0.056
window_swat_W1,Swat,IncrementalTaskArithmeticPipeline,1,,merged/val,reconstruction/score_mean,3,7 42 123,0.050003,0.000927,1.853
window_swat_W1,Swat,IncrementalTaskArithmeticPipeline,1,,merged/val,reconstruction/score_p50,3,7 42 123,0.017072,0.002386,13.974
window_swat_W1,Swat,IncrementalTaskArithmeticPipeline,1,,merged/val,reconstruction/score_p95,3,7 42 123,0.25339,0.009507,3.752
window_swat_W1,Swat,IncrementalTaskArithmeticPipeline,1,,merged/val,reconstruction/score_p99,3,7 42 123,0.620493,0.032662,5.264
window_swat_W1,Swat,IncrementalTaskArithmeticPipeline,1,,merged/val,reconstruction/score_std,3,7 42 123,0.10787,0.005355,4.964
window_swat_W2,Swat,IncrementalTaskArithmeticPipeline,1,,baseline/test,event_f1,3,7 42 123,0.255771,0.089165,34.861
window_swat_W2,Swat,IncrementalTaskArithmeticPipeline,1,,baseline/test,event_fn,3,7 42 123,26.666667,0.57735,2.165
window_swat_W2,Swat,IncrementalTaskArithmeticPipeline,1,,baseline/test,event_fp,3,7 42 123,27.0,22.113344,81.901
window_swat_W2,Swat,IncrementalTaskArithmeticPipeline,1,,baseline/test,event_precision,3,7 42 123,0.386131,0.359317,93.056
window_swat_W2,Swat,IncrementalTaskArithmeticPipeline,1,,baseline/test,event_recall,3,7 42 123,0.238095,0.016496,6.928
window_swat_W2,Swat,IncrementalTaskArithmeticPipeline,1,,baseline/test,event_tp,3,7 42 123,8.333333,0.57735,6.928
window_swat_W2,Swat,IncrementalTaskArithmeticPipeline,1,,baseline/test,pa_f1,3,7 42 123,0.839007,0.007829,0.933
window_swat_W2,Swat,IncrementalTaskArithmeticPipeline,1,,baseline/test,pa_precision,3,7 42 123,0.942445,0.034414,3.652
window_swat_W2,Swat,IncrementalTaskArithmeticPipeline,1,,baseline/test,pa_recall,3,7 42 123,0.756644,0.013564,1.793
window_swat_W2,Swat,IncrementalTaskArithmeticPipeline,1,,baseline/test,point_auprc,3,7 42 123,0.703502,0.00435,0.618
window_swat_W2,Swat,IncrementalTaskArithmeticPipeline,1,,baseline/test,point_auroc,3,7 42 123,0.815212,0.001889,0.232
window_swat_W2,Swat,IncrementalTaskArithmeticPipeline,1,,baseline/test,point_f1,3,7 42 123,0.766453,0.000716,0.093
window_swat_W2,Swat,IncrementalTaskArithmeticPipeline,1,,baseline/test,point_precision,3,7 42 123,0.977813,0.002993,0.306
window_swat_W2,Swat,IncrementalTaskArithmeticPipeline,1,,baseline/test,point_recall,3,7 42 123,0.630228,0.000298,0.047
window_swat_W2,Swat,IncrementalTaskArithmeticPipeline,1,,baseline/test,window_auprc,3,7 42 123,0.701758,0.001568,0.223
window_swat_W2,Swat,IncrementalTaskArithmeticPipeline,1,,baseline/test,window_auroc,3,7 42 123,0.799835,0.00187,0.234
window_swat_W2,Swat,IncrementalTaskArithmeticPipeline,1,,baseline/test,window_f1,3,7 42 123,0.749938,0.000489,0.065
window_swat_W2,Swat,IncrementalTaskArithmeticPipeline,1,,baseline/test,window_precision,3,7 42 123,0.992585,0.002683,0.27
window_swat_W2,Swat,IncrementalTaskArithmeticPipeline,1,,baseline/test,window_recall,3,7 42 123,0.602623,0.000376,0.062
window_swat_W2,Swat,IncrementalTaskArithmeticPipeline,1,,finetune_0/test,event_f1,3,7 42 123,0.316947,0.040524,12.786
window_swat_W2,Swat,IncrementalTaskArithmeticPipeline,1,,finetune_0/test,event_fn,3,7 42 123,27.0,0.0,0.0
window_swat_W2,Swat,IncrementalTaskArithmeticPipeline,1,,finetune_0/test,event_fp,3,7 42 123,8.0,6.082763,76.035
window_swat_W2,Swat,IncrementalTaskArithmeticPipeline,1,,finetune_0/test,event_precision,3,7 42 123,0.569981,0.276383,48.49
window_swat_W2,Swat,IncrementalTaskArithmeticPipeline,1,,finetune_0/test,event_recall,3,7 42 123,0.228571,0.0,0.0
window_swat_W2,Swat,IncrementalTaskArithmeticPipeline,1,,finetune_0/test,event_tp,3,7 42 123,8.0,0.0,0.0
window_swat_W2,Swat,IncrementalTaskArithmeticPipeline,1,,finetune_0/test,pa_f1,3,7 42 123,0.840939,0.004062,0.483
window_swat_W2,Swat,IncrementalTaskArithmeticPipeline,1,,finetune_0/test,pa_precision,3,7 42 123,0.93689,0.010966,1.171
window_swat_W2,Swat,IncrementalTaskArithmeticPipeline,1,,finetune_0/test,pa_recall,3,7 42 123,0.762875,0.005274,0.691
window_swat_W2,Swat,IncrementalTaskArithmeticPipeline,1,,finetune_0/test,point_auprc,3,7 42 123,0.703493,0.003739,0.531
window_swat_W2,Swat,IncrementalTaskArithmeticPipeline,1,,finetune_0/test,point_auroc,3,7 42 123,0.817417,0.001858,0.227
window_swat_W2,Swat,IncrementalTaskArithmeticPipeline,1,,finetune_0/test,point_f1,3,7 42 123,0.767146,0.000148,0.019
window_swat_W2,Swat,IncrementalTaskArithmeticPipeline,1,,finetune_0/test,point_precision,3,7 42 123,0.980126,0.000646,0.066
window_swat_W2,Swat,IncrementalTaskArithmeticPipeline,1,,finetune_0/test,point_recall,3,7 42 123,0.630203,0.000165,0.026
window_swat_W2,Swat,IncrementalTaskArithmeticPipeline,1,,finetune_0/test,window_auprc,3,7 42 123,0.702166,0.001506,0.214
window_swat_W2,Swat,IncrementalTaskArithmeticPipeline,1,,finetune_0/test,window_auroc,3,7 42 123,0.802266,0.001958,0.244
window_swat_W2,Swat,IncrementalTaskArithmeticPipeline,1,,finetune_0/test,window_f1,3,7 42 123,0.750633,0.000176,0.023
window_swat_W2,Swat,IncrementalTaskArithmeticPipeline,1,,finetune_0/test,window_precision,3,7 42 123,0.994943,0.000468,0.047
window_swat_W2,Swat,IncrementalTaskArithmeticPipeline,1,,finetune_0/test,window_recall,3,7 42 123,0.602652,0.00025,0.042
window_swat_W2,Swat,IncrementalTaskArithmeticPipeline,1,,merged/test,event_f1,3,7 42 123,0.316947,0.040524,12.786
window_swat_W2,Swat,IncrementalTaskArithmeticPipeline,1,,merged/test,event_fn,3,7 42 123,27.0,0.0,0.0
window_swat_W2,Swat,IncrementalTaskArithmeticPipeline,1,,merged/test,event_fp,3,7 42 123,8.0,6.082763,76.035
window_swat_W2,Swat,IncrementalTaskArithmeticPipeline,1,,merged/test,event_precision,3,7 42 123,0.569981,0.276383,48.49
window_swat_W2,Swat,IncrementalTaskArithmeticPipeline,1,,merged/test,event_recall,3,7 42 123,0.228571,0.0,0.0
window_swat_W2,Swat,IncrementalTaskArithmeticPipeline,1,,merged/test,event_tp,3,7 42 123,8.0,0.0,0.0
window_swat_W2,Swat,IncrementalTaskArithmeticPipeline,1,,merged/test,pa_f1,3,7 42 123,0.840953,0.003981,0.473
window_swat_W2,Swat,IncrementalTaskArithmeticPipeline,1,,merged/test,pa_precision,3,7 42 123,0.936919,0.010632,1.135
window_swat_W2,Swat,IncrementalTaskArithmeticPipeline,1,,merged/test,pa_recall,3,7 42 123,0.762875,0.005274,0.691
window_swat_W2,Swat,IncrementalTaskArithmeticPipeline,1,,merged/test,point_auprc,3,7 42 123,0.703493,0.003739,0.531
window_swat_W2,Swat,IncrementalTaskArithmeticPipeline,1,,merged/test,point_auroc,3,7 42 123,0.817417,0.001858,0.227
window_swat_W2,Swat,IncrementalTaskArithmeticPipeline,1,,merged/test,point_f1,3,7 42 123,0.767146,0.000148,0.019
window_swat_W2,Swat,IncrementalTaskArithmeticPipeline,1,,merged/test,point_precision,3,7 42 123,0.980126,0.000646,0.066
window_swat_W2,Swat,IncrementalTaskArithmeticPipeline,1,,merged/test,point_recall,3,7 42 123,0.630203,0.000165,0.026
window_swat_W2,Swat,IncrementalTaskArithmeticPipeline,1,,merged/test,window_auprc,3,7 42 123,0.702166,0.001506,0.214
window_swat_W2,Swat,IncrementalTaskArithmeticPipeline,1,,merged/test,window_auroc,3,7 42 123,0.802266,0.001958,0.244
window_swat_W2,Swat,IncrementalTaskArithmeticPipeline,1,,merged/test,window_f1,3,7 42 123,0.750633,0.000176,0.023
window_swat_W2,Swat,IncrementalTaskArithmeticPipeline,1,,merged/test,window_precision,3,7 42 123,0.994943,0.000468,0.047
window_swat_W2,Swat,IncrementalTaskArithmeticPipeline,1,,merged/test,window_recall,3,7 42 123,0.602652,0.00025,0.042
window_swat_W2,Swat,IncrementalTaskArithmeticPipeline,1,,merged/val,reconstruction/score_mean,3,7 42 123,0.053357,0.00546,10.232
window_swat_W2,Swat,IncrementalTaskArithmeticPipeline,1,,merged/val,reconstruction/score_p50,3,7 42 123,0.022563,0.004615,20.454
window_swat_W2,Swat,IncrementalTaskArithmeticPipeline,1,,merged/val,reconstruction/score_p95,3,7 42 123,0.264471,0.029317,11.085
window_swat_W2,Swat,IncrementalTaskArithmeticPipeline,1,,merged/val,reconstruction/score_p99,3,7 42 123,0.646112,0.080913,12.523
window_swat_W2,Swat,IncrementalTaskArithmeticPipeline,1,,merged/val,reconstruction/score_std,3,7 42 123,0.111577,0.012633,11.322
window_swat_W3,Swat,IncrementalTaskArithmeticPipeline,1,,baseline/test,event_f1,3,7 42 123,0.228909,0.041423,18.096
window_swat_W3,Swat,IncrementalTaskArithmeticPipeline,1,,baseline/test,event_fn,3,7 42 123,27.0,0.0,0.0
window_swat_W3,Swat,IncrementalTaskArithmeticPipeline,1,,baseline/test,event_fp,3,7 42 123,28.333333,11.930353,42.107
window_swat_W3,Swat,IncrementalTaskArithmeticPipeline,1,,baseline/test,event_precision,3,7 42 123,0.24058,0.09379,38.985
window_swat_W3,Swat,IncrementalTaskArithmeticPipeline,1,,baseline/test,event_recall,3,7 42 123,0.228571,0.0,0.0
window_swat_W3,Swat,IncrementalTaskArithmeticPipeline,1,,baseline/test,event_tp,3,7 42 123,8.0,0.0,0.0
window_swat_W3,Swat,IncrementalTaskArithmeticPipeline,1,,baseline/test,pa_f1,3,7 42 123,0.843356,0.006706,0.795
window_swat_W3,Swat,IncrementalTaskArithmeticPipeline,1,,baseline/test,pa_precision,3,7 42 123,0.938748,0.010553,1.124
window_swat_W3,Swat,IncrementalTaskArithmeticPipeline,1,,baseline/test,pa_recall,3,7 42 123,0.765585,0.005708,0.746
window_swat_W3,Swat,IncrementalTaskArithmeticPipeline,1,,baseline/test,point_auprc,3,7 42 123,0.702529,0.001965,0.28
window_swat_W3,Swat,IncrementalTaskArithmeticPipeline,1,,baseline/test,point_auroc,3,7 42 123,0.815243,0.000735,0.09
window_swat_W3,Swat,IncrementalTaskArithmeticPipeline,1,,baseline/test,point_f1,3,7 42 123,0.766336,0.000712,0.093
window_swat_W3,Swat,IncrementalTaskArithmeticPipeline,1,,baseline/test,point_precision,3,7 42 123,0.977649,0.002282,0.233
window_swat_W3,Swat,IncrementalTaskArithmeticPipeline,1,,baseline/test,point_recall,3,7 42 123,0.630136,7.4e-05,0.012
window_swat_W3,Swat,IncrementalTaskArithmeticPipeline,1,,baseline/test,window_auprc,3,7 42 123,0.701774,0.000468,0.067
window_swat_W3,Swat,IncrementalTaskArithmeticPipeline,1,,baseline/test,window_auroc,3,7 42 123,0.799955,0.000746,0.093
window_swat_W3,Swat,IncrementalTaskArithmeticPipeline,1,,baseline/test,window_f1,3,7 42 123,0.749886,0.000612,0.082
window_swat_W3,Swat,IncrementalTaskArithmeticPipeline,1,,baseline/test,window_precision,3,7 42 123,0.992431,0.002034,0.205
window_swat_W3,Swat,IncrementalTaskArithmeticPipeline,1,,baseline/test,window_recall,3,7 42 123,0.602611,4.3e-05,0.007
window_swat_W3,Swat,IncrementalTaskArithmeticPipeline,1,,finetune_0/test,event_f1,3,7 42 123,0.314027,0.055172,17.569
window_swat_W3,Swat,IncrementalTaskArithmeticPipeline,1,,finetune_0/test,event_fn,3,7 42 123,27.0,0.0,0.0
window_swat_W3,Swat,IncrementalTaskArithmeticPipeline,1,,finetune_0/test,event_fp,3,7 42 123,9.0,9.0,100.0
window_swat_W3,Swat,IncrementalTaskArithmeticPipeline,1,,finetune_0/test,event_precision,3,7 42 123,0.59276,0.361963,61.064
window_swat_W3,Swat,IncrementalTaskArithmeticPipeline,1,,finetune_0/test,event_recall,3,7 42 123,0.228571,0.0,0.0
window_swat_W3,Swat,IncrementalTaskArithmeticPipeline,1,,finetune_0/test,event_tp,3,7 42 123,8.0,0.0,0.0
window_swat_W3,Swat,IncrementalTaskArithmeticPipeline,1,,finetune_0/test,pa_f1,3,7 42 123,0.840288,0.004157,0.495
window_swat_W3,Swat,IncrementalTaskArithmeticPipeline,1,,finetune_0/test,pa_precision,3,7 42 123,0.949319,0.017779,1.873
window_swat_W3,Swat,IncrementalTaskArithmeticPipeline,1,,finetune_0/test,pa_recall,3,7 42 123,0.753935,0.010322,1.369
window_swat_W3,Swat,IncrementalTaskArithmeticPipeline,1,,finetune_0/test,point_auprc,3,7 42 123,0.70211,0.001583,0.225
window_swat_W3,Swat,IncrementalTaskArithmeticPipeline,1,,finetune_0/test,point_auroc,3,7 42 123,0.817422,0.000529,0.065
window_swat_W3,Swat,IncrementalTaskArithmeticPipeline,1,,finetune_0/test,point_f1,3,7 42 123,0.767082,0.000274,0.036
window_swat_W3,Swat,IncrementalTaskArithmeticPipeline,1,,finetune_0/test,point_precision,3,7 42 123,0.979976,0.000563,0.057
window_swat_W3,Swat,IncrementalTaskArithmeticPipeline,1,,finetune_0/test,point_recall,3,7 42 123,0.630179,0.000138,0.022
window_swat_W3,Swat,IncrementalTaskArithmeticPipeline,1,,finetune_0/test,window_auprc,3,7 42 123,0.7019,0.000378,0.054
window_swat_W3,Swat,IncrementalTaskArithmeticPipeline,1,,finetune_0/test,window_auroc,3,7 42 123,0.802318,0.000587,0.073
window_swat_W3,Swat,IncrementalTaskArithmeticPipeline,1,,finetune_0/test,window_f1,3,7 42 123,0.750603,0.000212,0.028
window_swat_W3,Swat,IncrementalTaskArithmeticPipeline,1,,finetune_0/test,window_precision,3,7 42 123,0.99482,0.000472,0.047
window_swat_W3,Swat,IncrementalTaskArithmeticPipeline,1,,finetune_0/test,window_recall,3,7 42 123,0.602657,0.000129,0.021
window_swat_W3,Swat,IncrementalTaskArithmeticPipeline,1,,merged/test,event_f1,3,7 42 123,0.316038,0.054935,17.383
window_swat_W3,Swat,IncrementalTaskArithmeticPipeline,1,,merged/test,event_fn,3,7 42 123,27.0,0.0,0.0
window_swat_W3,Swat,IncrementalTaskArithmeticPipeline,1,,merged/test,event_fp,3,7 42 123,8.666667,9.0185,104.06
window_swat_W3,Swat,IncrementalTaskArithmeticPipeline,1,,merged/test,event_precision,3,7 42 123,0.602564,0.357368,59.308
window_swat_W3,Swat,IncrementalTaskArithmeticPipeline,1,,merged/test,event_recall,3,7 42 123,0.228571,0.0,0.0
window_swat_W3,Swat,IncrementalTaskArithmeticPipeline,1,,merged/test,event_tp,3,7 42 123,8.0,0.0,0.0
window_swat_W3,Swat,IncrementalTaskArithmeticPipeline,1,,merged/test,pa_f1,3,7 42 123,0.840337,0.004194,0.499
window_swat_W3,Swat,IncrementalTaskArithmeticPipeline,1,,merged/test,pa_precision,3,7 42 123,0.949449,0.01796,1.892
window_swat_W3,Swat,IncrementalTaskArithmeticPipeline,1,,merged/test,pa_recall,3,7 42 123,0.753935,0.010322,1.369
window_swat_W3,Swat,IncrementalTaskArithmeticPipeline,1,,merged/test,point_auprc,3,7 42 123,0.70211,0.001583,0.225
window_swat_W3,Swat,IncrementalTaskArithmeticPipeline,1,,merged/test,point_auroc,3,7 42 123,0.817422,0.000529,0.065
window_swat_W3,Swat,IncrementalTaskArithmeticPipeline,1,,merged/test,point_f1,3,7 42 123,0.767085,0.000274,0.036
window_swat_W3,Swat,IncrementalTaskArithmeticPipeline,1,,merged/test,point_precision,3,7 42 123,0.979985,0.000564,0.058
window_swat_W3,Swat,IncrementalTaskArithmeticPipeline,1,,merged/test,point_recall,3,7 42 123,0.630179,0.000138,0.022
window_swat_W3,Swat,IncrementalTaskArithmeticPipeline,1,,merged/test,window_auprc,3,7 42 123,0.7019,0.000378,0.054
window_swat_W3,Swat,IncrementalTaskArithmeticPipeline,1,,merged/test,window_auroc,3,7 42 123,0.802318,0.000587,0.073
window_swat_W3,Swat,IncrementalTaskArithmeticPipeline,1,,merged/test,window_f1,3,7 42 123,0.750603,0.000212,0.028
window_swat_W3,Swat,IncrementalTaskArithmeticPipeline,1,,merged/test,window_precision,3,7 42 123,0.99482,0.000472,0.047
window_swat_W3,Swat,IncrementalTaskArithmeticPipeline,1,,merged/test,window_recall,3,7 42 123,0.602657,0.000129,0.021
window_swat_W3,Swat,IncrementalTaskArithmeticPipeline,1,,merged/val,reconstruction/score_mean,3,7 42 123,0.048474,0.00178,3.672
window_swat_W3,Swat,IncrementalTaskArithmeticPipeline,1,,merged/val,reconstruction/score_p50,3,7 42 123,0.021646,0.001348,6.227
window_swat_W3,Swat,IncrementalTaskArithmeticPipeline,1,,merged/val,reconstruction/score_p95,3,7 42 123,0.246848,0.009954,4.032
window_swat_W3,Swat,IncrementalTaskArithmeticPipeline,1,,merged/val,reconstruction/score_p99,3,7 42 123,0.59549,0.019486,3.272
window_swat_W3,Swat,IncrementalTaskArithmeticPipeline,1,,merged/val,reconstruction/score_std,3,7 42 123,0.102719,0.003557,3.463
